Chart_ID,Notation,Value
25,XM,1
26,JA,1
26,FS,1
26,XM,1
26,BU,1
28,DS,1
28,DT,1
29,DS,1
30,SS,1
30,DS,1
30,XO,1
30,FS,1
34,FS,1
35,DS,1
35,DT,1
35,JA,1
38,XM,1
39,XM,1
40,XO,1
40,BR,1
40,FS,1
40,DS,1
40,BU,1
40,XM,1
48,DS,1
48,JU,1
48,JA,1
48,XO,1
49,XO,1
49,DS,1
49,JU,1
49,JA,1
49,BU,1
50,FS,1
50,XO,1
50,BT,1
50,BU,1
50,JA,1
50,BR,1
50,DS,1
50,SJ,1
53,XO,1
53,JA,1
53,RH,1
54,XO,1
54,FS,1
54,RH,1
55,MA,1
56,FS,1
57,MA,1
58,BU,1
58,FS,1
61,FS,1
61,XO,1
62,XO,1
62,BU,1
62,FS,1
64,FS,1
64,SS,1
64,BR,1
64,XO,1
65,XO,1
65,BR,1
65,FS,1
66,BR,1
66,XO,1
66,FS,1
69,FS,1
69,XO,1
69,DS,1
69,BT,1
71,FS,1
72,DS,1
72,FS,1
72,BR,1
72,SS,1
74,FS,1
75,DS,1
75,FS,1
75,BR,1
76,BR,1
76,FS,1
80,DS,1
80,RH,1
81,BR,1
81,RH,1
81,MA,1
81,BU,1
81,KS,1
81,FS,1
81,DS,1
81,XO,1
84,FS,1
84,BR,1
84,DS,1
85,FS,1
85,SS,1
85,DS,1
85,XO,1
85,BR,1
85,KS,1
85,BU,1
87,XO,1
88,XO,1
88,DS,1
89,XO,1
89,DS,1
89,SJ,1
89,XM,1
90,BT,1
90,FL,1
90,XM,1
90,JU,1
90,FS,1
90,XO,1
90,DS,1
91,XM,1
92,XM,1
92,RH,1
93,XM,1
93,SJ,1
93,RH,1
94,JU,1
94,DS,1
94,XO,1
94,XM,1
95,XO,1
95,DS,1
95,HS,1
95,XM,1
95,FS,1
98,XM,1
98,XO,1
99,XO,1
99,DS,1
99,XM,1
100,FS,1
100,SS,1
100,BT,1
100,XO,1
100,DS,1
100,XM,1
101,SJ,1
101,BU,1
101,FS,1
108,JU,1
109,JU,1
109,BR,1
109,KS,1
109,FS,1
111,RH,1
112,RH,1
112,BR,1
112,XO,1
113,XO,1
113,FS,1
113,RH,1
113,JA,1
113,BR,1
114,RH,1
114,FS,1
114,BR,1
114,DR,1
114,FL,1
114,DS,1
114,XO,1
114,XM,1
114,JA,1
115,XM,1
115,FS,1
115,JA,1
115,BR,1
115,FL,1
115,DR,1
115,RH,1
115,XO,1
115,DS,1
119,JU,1
119,XO,1
120,JU,1
120,XO,1
120,RH,1
129,SJ,1
130,DS,1
130,SJ,1
134,FS,1
134,BU,1
134,XO,1
134,JU,1
138,DS,1
138,XO,1
142,XO,1
143,XO,1
143,JA,1
143,DS,1
145,FS,1
145,BU,1
145,XO,1
148,FS,1
148,XO,1
148,BU,1
150,JA,1
150,JU,1
151,RH,1
151,DS,1
151,JU,1
151,JA,1
152,BR,1
152,FS,1
152,XO,1
152,BU,1
152,JU,1
152,SS,1
152,RH,1
154,DS,1
155,DT,1
155,XO,1
155,FS,1
156,XO,1
156,BU,1
156,FS,1
156,RH,1
156,SS,1
159,JU,1
159,BR,1
159,FS,1
160,BR,1
160,XO,1
160,DS,1
160,FS,1
164,XO,1
165,XO,1
165,FS,1
169,SJ,1
169,XO,1
170,XO,1
170,BU,1
170,FS,1
170,DS,1
173,RH,1
173,JA,1
173,XO,1
174,XO,1
174,RH,1
174,BR,1
174,DS,1
175,XO,1
175,BU,1
176,XO,1
192,XO,1
193,JU,1
193,BR,1
193,FS,1
193,XO,1
193,DS,1
199,RH,1
199,MA,1
199,JA,1
200,BR,1
200,RH,1
201,BR,1
201,JA,1
201,BU,1
201,FS,1
203,XO,1
203,XM,1
203,DS,1
204,XM,1
204,XO,1
204,FS,1
208,JU,1
208,BU,1
208,FS,1
211,BR,1
211,JA,1
211,FS,1
211,MA,1
211,DS,1
211,XO,1
212,GH,1
213,GH,1
214,GH,1
214,BR,1
214,JA,1
214,DS,1
217,XO,1
218,FS,1
218,BT,1
218,BR,1
218,KS,1
218,XO,1
221,DS,1
221,JU,1
222,FS,1
223,FS,1
223,BR,1
223,DS,1
223,XO,1
226,JA,1
227,JA,1
228,JA,1
228,XO,1
229,BR,1
229,SJ,1
229,JA,1
229,BU,1
230,XO,1
230,JA,1
234,DS,1
235,DS,1
236,JU,1
236,JA,1
236,DS,1
237,JA,1
237,JU,1
237,DS,1
237,BR,1
238,FS,1
238,JA,1
238,XM,1
238,BR,1
238,BU,1
238,DS,1
239,FS,1
239,BU,1
239,DS,1
239,JA,1
239,BR,1
239,XM,1
258,FS,1
258,DS,1
259,DS,1
263,XM,1
263,BR,1
264,XM,1
264,BR,1
264,DS,1
265,XM,1
265,BR,1
266,JA,1
266,BR,1
266,XM,1
266,FS,1
266,DS,1
269,XO,1
270,FS,1
271,SS,1
271,FS,1
441,XO,1
441,DS,1
441,JU,1
442,JU,1
442,DR,1
442,XO,1
442,FS,1
442,DS,1
443,BT,1
443,XO,1
443,DS,1
443,BR,1
443,RH,1
443,SS,1
443,BU,1
443,FS,1
444,BU,1
444,FS,1
444,SS,1
444,SJ,1
444,DS,1
444,BT,1
444,BR,1
444,RH,1
444,XO,1
446,BR,1
446,XO,1
446,DS,1
447,DS,1
447,XO,1
447,FS,1
447,RH,1
447,BR,1
448,DS,1
448,BT,1
448,XO,1
448,BR,1
449,XO,1
450,JA,1
450,XO,1
451,JA,1
451,SJ,1
452,JA,1
452,XO,1
453,BR,1
453,BT,1
453,FS,1
453,JA,1
454,FS,1
454,XM,1
454,XO,1
455,FS,1
455,XM,1
455,DS,1
456,BR,1
456,XO,1
456,XM,1
456,BU,1
456,FS,1
457,BT,1
457,BR,1
457,FS,1
458,FS,1
458,SJ,1
458,DS,1
459,DS,1
459,HS,1
459,XO,1
459,SJ,1
460,JA,1
460,XM,1
460,XO,1
460,DS,1
461,FS,1
461,XM,1
461,DS,1
462,JA,1
462,FS,1
462,DS,1
462,BU,1
462,XM,1
462,BR,1
462,HS,1
462,SJ,1
462,BT,1
463,DS,1
463,FS,1
465,XO,1
465,FS,1
466,RH,1
466,DS,1
466,XO,1
466,BU,1
467,BR,1
467,RH,1
467,DS,1
467,XO,1
467,BT,1
468,XO,1
468,FS,1
468,BR,1
468,RH,1
468,DS,1
468,BT,1
469,JA,1
469,XO,1
470,FS,1
471,JA,1
471,RH,1
471,DS,1
471,XO,1
475,FS,1
475,BU,1
476,JA,1
478,BU,1
478,BR,1
478,FS,1
479,DS,1
480,JA,1
480,DS,1
481,DS,1
481,JA,1
481,XO,1
482,DS,1
482,JA,1
482,XO,1
483,JU,1
483,JA,1
483,XO,1
483,FS,1
483,DS,1
484,FS,1
484,BR,1
484,SJ,1
484,DS,1
484,SS,1
485,FS,1
485,SS,1
485,BR,1
485,XO,1
486,SS,1
486,SJ,1
486,FS,1
486,XO,1
487,BR,1
487,XO,1
487,FS,1
487,BT,1
488,XO,1
488,XM,1
488,DS,1
488,BR,1
488,SS,1
488,FS,1
489,JA,1
489,RH,1
490,DS,1
490,FS,1
490,RH,1
490,JA,1
491,XO,1
491,BU,1
491,DS,1
491,RH,1
494,DS,1
494,FS,1
494,XO,1
495,SJ,1
496,XO,1
496,FS,1
496,BR,1
497,BR,1
497,XO,1
497,DS,1
497,FS,1
497,JA,1
498,DS,1
498,JA,1
498,XO,1
498,DT,1
498,JU,1
499,BT,1
499,DS,1
499,FS,1
499,XO,1
499,JA,1
499,BR,1
500,BT,1
500,DS,1
500,BR,1
500,FS,1
500,JA,1
500,XO,1
502,JU,1
503,SS,1
503,XO,1
503,FS,1
504,XM,1
504,FS,1
504,BR,1
504,XO,1
504,JA,1
504,DS,1
504,BT,1
505,JA,1
505,XO,1
506,XO,1
506,JA,1
506,DS,1
507,XO,1
507,FS,1
507,SS,1
507,DS,1
521,FS,1
521,DS,1
521,XM,1
521,XO,1
522,BR,1
522,XM,1
522,XO,1
522,FS,1
541,XO,1
541,BR,1
542,XO,1
567,FS,1
567,XO,1
567,FL,1
574,JA,1
574,BU,1
702,FS,1
702,BR,1
702,XO,1
713,BR,1
713,FS,1
713,BU,1
713,SS,1
713,DS,1
713,XO,1
714,FS,1
714,DS,1
715,JA,1
715,DS,1
715,BU,1
717,BU,1
717,JA,1
717,DS,1
738,XO,1
738,BR,1
738,DS,1
738,FS,1
748,DT,1
748,FS,1
748,XO,1
748,BU,1
803,BR,1
803,SJ,1
803,XO,1
803,FS,1
1298,FS,1
1704,BR,1
1712,BR,1
1712,JU,1
1714,DT,1
1723,XO,1
1723,FS,1
1741,XM,1
1757,BR,1
1757,FS,1
1758,XO,1
1762,XO,1
1762,FS,1
1762,BR,1
1765,FS,1
1767,XO,1
1767,JA,1
1767,BR,1
1767,FS,1
1767,DS,1
1768,XO,1
1768,DS,1
1768,FS,1
1769,XO,1
1769,FS,1
1772,XO,1
1772,JA,1
1772,FS,1
1778,FS,1
1778,BR,1
1778,XO,1
1779,JA,1
1779,BR,1
1783,XO,1
1783,BR,1
1783,FS,1
1784,JA,1
1788,FS,1
1788,BR,1
1788,XO,1
1789,FS,1
1789,XO,1
1793,BR,1
1793,XO,1
1794,BR,1
1798,BR,1
1798,FS,1
1803,BR,1
1803,JA,1
1803,FS,1
1804,FS,1
1804,XO,1
1804,BR,1
1808,FS,1
1813,BR,1
1813,SS,1
1813,FS,1
1815,FS,1
1816,FS,1
1818,JA,1
1818,SS,1
1818,FS,1
1818,XO,1
1818,BR,1
1819,BR,1
1819,XO,1
1823,XO,1
1824,XO,1
1826,XO,1
1828,FS,1
1828,DS,1
1829,XO,1
1836,FS,1
1837,XO,1
1838,XO,1
1838,FS,1
1840,DS,1
1843,FS,1
1843,BR,1
1843,XO,1
1844,BR,1
1844,XO,1
1844,FS,1
1849,BR,1
1849,FS,1
1849,XO,1
1853,BR,1
1853,FS,1
1853,XO,1
1854,FS,1
1854,XO,1
1858,BR,1
1858,FS,1
1859,BR,1
1859,FS,1
1860,BR,1
1863,XO,1
1863,FS,1
1866,XO,1
1868,FS,1
1868,XO,1
1868,BR,1
1869,FS,1
1869,BR,1
1869,XO,1
1873,BR,1
1873,XO,1
1874,XO,1
1878,XO,1
1878,BR,1
1878,FS,1
1879,BR,1
1883,SS,1
1883,FS,1
1884,FS,1
1885,XO,1
1885,JA,1
1888,XO,1
1888,FS,1
1889,JA,1
1889,FS,1
1890,FS,1
1890,XO,1
1893,XO,1
1893,RH,1
1893,BU,1
1893,DR,1
1893,FS,1
1894,SS,1
1894,FS,1
1894,BR,1
1894,BU,1
1895,FS,1
1895,BU,1
1895,XO,1
1895,BR,1
1896,FS,1
1897,DS,1
1897,BR,1
1897,FS,1
1897,BU,1
1898,BR,1
1898,FS,1
1898,DS,1
1898,XO,1
1899,FS,1
1899,SJ,1
1899,DS,1
1899,BR,1
1899,SS,1
1899,DT,1
1899,XO,1
1899,BU,1
1899,HS,1
1900,DS,1
1902,BU,1
1902,HS,1
1902,XO,1
1902,BR,1
1902,FS,1
1904,SS,1
1904,BR,1
1904,XO,1
1904,FS,1
1904,JA,1
1904,FL,1
1904,BU,1
1904,DS,1
1905,BR,1
1905,JA,1
1905,FS,1
1905,DS,1
1906,BU,1
1906,SS,1
1906,BR,1
1906,FS,1
1906,DS,1
1907,BR,1
1907,FS,1
1908,BU,1
1908,XO,1
1908,JA,1
1908,FS,1
1908,BR,1
1909,RH,1
1909,SS,1
1909,BR,1
1909,DS,1
1909,FS,1
1910,BR,1
1910,XO,1
1910,DS,1
1910,FS,1
1911,DS,1
1911,BU,1
1911,FL,1
1911,BR,1
1911,XO,1
1912,BR,1
1912,DR,1
1912,FS,1
1913,DS,1
1913,XO,1
1913,SS,1
1913,BR,1
1913,FS,1
1913,BU,1
1916,XO,1
1916,BR,1
1916,SS,1
1916,HS,1
1916,FS,1
1916,JA,1
1916,RS,1
1916,BT,1
1916,BU,1
1917,BU,1
1917,FL,1
1917,FS,1
1917,BR,1
1919,FS,1
1919,XO,1
1919,BR,1
1919,SJ,1
1920,SJ,1
1920,BU,1
1920,JA,1
1920,BR,1
1920,DR,1
1920,FS,1
1921,BR,1
1921,BU,1
1921,FS,1
1921,SJ,1
1922,DR,1
1922,BR,1
1922,FS,1
1922,JA,1
1922,SJ,1
1922,DS,1
1922,BU,1
1923,DT,1
1923,SJ,1
1923,SS,1
1923,RH,1
1923,BR,1
1923,XO,1
1923,FS,1
1923,BU,1
1924,XO,1
1924,FS,1
1924,BR,1
1924,SS,1
1925,BU,1
1925,SJ,1
1925,DT,1
1925,FS,1
1925,DS,1
1925,XO,1
1925,SS,1
1926,DS,1
1926,FS,1
1927,FS,1
1927,BU,1
1927,DR,1
1927,BR,1
1928,BR,1
1928,JA,1
1928,FS,1
1928,DS,1
1928,XO,1
1928,SJ,1
1929,BR,1
1929,BT,1
1929,XO,1
1929,SS,1
1929,BU,1
1929,FS,1
1930,BR,1
1930,DR,1
1930,BU,1
1933,SJ,1
1933,BU,1
1933,BT,1
1933,DS,1
1933,JA,1
1934,FS,1
1934,BR,1
1934,DS,1
1934,BU,1
1935,BU,1
1935,JA,1
1935,DR,1
1935,SJ,1
1935,BR,1
1935,XO,1
1936,FL,1
1936,XO,1
1936,DR,1
1936,FS,1
1936,BU,1
1936,DS,1
1936,JA,1
1936,BT,1
1937,DS,1
1937,FS,1
1937,BU,1
1937,BR,1
1937,XO,1
1938,SJ,1
1938,BR,1
1938,RH,1
1938,BU,1
1938,JA,1
1939,SS,1
1939,DS,1
1939,FS,1
1939,BR,1
1939,SJ,1
1939,XO,1
1940,BR,1
1940,DR,1
1940,FS,1
1940,BU,1
1940,DS,1
1941,BR,1
1941,BU,1
1941,SJ,1
1941,XO,1
1942,BU,1
1942,SJ,1
1942,FS,1
1942,JA,1
1942,CT,1
1943,FS,1
1944,FS,1
1945,FS,1
1945,DS,1
1945,SS,1
1945,BU,1
1945,BR,1
1945,XO,1
1946,XO,1
1946,BR,1
1946,FS,1
1947,FS,1
1947,XO,1
1949,SJ,1
1949,BR,1
1949,XO,1
1949,FS,1
1949,JA,1
1949,DS,1
1950,DS,1
1950,BR,1
1950,XO,1
1950,FS,1
1950,SJ,1
1951,BU,1
1951,DS,1
1951,SS,1
1951,BR,1
1951,FS,1
1951,XO,1
1952,FS,1
1952,BR,1
1953,FS,1
1953,BU,1
1953,BR,1
1954,SS,1
1954,BU,1
1954,BR,1
1954,JA,1
1954,FS,1
1955,BR,1
1955,SS,1
1955,JA,1
1955,BU,1
1955,FS,1
1956,FS,1
1956,XO,1
1956,BR,1
1956,BU,1
1957,BR,1
1957,FS,1
1958,FS,1
1958,BR,1
1959,DR,1
1959,BU,1
1959,BR,1
1960,SS,1
1960,FS,1
1961,BR,1
1962,BU,1
1962,BR,1
1962,SJ,1
1962,DR,1
1962,FS,1
1962,XO,1
1963,JA,1
1963,FS,1
1963,BR,1
1963,SJ,1
1964,SJ,1
1964,JA,1
1965,XO,1
1965,FS,1
1965,BU,1
1965,BR,1
1966,XO,1
1966,BR,1
1966,JA,1
1966,FS,1
1967,FS,1
1967,BR,1
1969,XM,1
1969,FS,1
1969,XO,1
1969,SS,1
1970,DS,1
1970,FS,1
1970,SJ,1
1970,XM,1
1971,FS,1
1971,DR,1
1971,XO,1
1971,JA,1
1971,SS,1
1972,DS,1
1972,SJ,1
1972,JA,1
1972,FS,1
1973,FS,1
1973,JA,1
1974,FS,1
1975,FS,1
1975,BR,1
1975,XO,1
1976,FS,1
1976,BR,1
1976,DT,1
1976,XO,1
1977,XO,1
1977,DS,1
1977,BR,1
1977,DR,1
1977,JA,1
1977,FS,1
1977,BU,1
1978,BU,1
1978,FS,1
1978,XO,1
1978,DS,1
1978,SS,1
1978,BR,1
1979,FS,1
1981,BU,1
1981,FS,1
1981,XO,1
1981,SS,1
1981,BR,1
1982,SS,1
1982,BU,1
1982,FS,1
1982,XO,1
1983,BU,1
1983,SJ,1
1983,SS,1
1983,XO,1
1983,BR,1
1983,FS,1
1983,JA,1
1983,DR,1
1983,DS,1
1984,BU,1
1984,BR,1
1984,JA,1
1984,DS,1
1985,JA,1
1985,XO,1
1986,XO,1
1986,JA,1
1987,FS,1
1988,XO,1
1988,FS,1
1989,FS,1
1989,BR,1
1989,DS,1
1989,XO,1
1990,SS,1
1990,DS,1
1990,XO,1
1990,BR,1
1990,SJ,1
1990,BU,1
1990,FS,1
1991,DR,1
1991,BR,1
1991,XO,1
1991,DS,1
1991,BU,1
1991,FS,1
1991,BT,1
1991,JA,1
1992,BR,1
1992,DS,1
1992,FS,1
1992,DR,1
1992,XO,1
1993,FS,1
1993,DS,1
1993,XO,1
1994,FS,1
1994,DS,1
1995,DS,1
1995,XO,1
1995,BR,1
1995,FS,1
1999,XO,1
1999,FS,1
1999,BR,1
1999,DS,1
2000,DT,1
2001,FS,1
2001,JA,1
2001,DS,1
2001,BR,1
2002,BR,1
2002,FS,1
2002,FL,1
2002,DS,1
2002,JA,1
2002,RH,1
2004,JA,1
2004,XO,1
2005,JA,1
2005,FS,1
2006,DS,1
2006,SJ,1
2006,BR,1
2006,XO,1
2006,FS,1
2007,FS,1
2007,XO,1
2008,BR,1
2008,XO,1
2008,FS,1
2008,JA,1
2009,FS,1
2009,DS,1
2009,DR,1
2009,BR,1
2009,BU,1
2009,XO,1
2010,DS,1
2010,JA,1
2010,FS,1
2011,JA,1
2011,XO,1
2011,FS,1
2011,DS,1
2012,DS,1
2012,FS,1
2012,XO,1
2012,BR,1
2013,BU,1
2013,BR,1
2013,FS,1
2013,XO,1
2014,BU,1
2014,XO,1
2014,BR,1
2014,FS,1
2014,DR,1
2015,FS,1
2015,XO,1
2016,FS,1
2016,BR,1
2016,BU,1
2016,SJ,1
2016,JA,1
2017,FS,1
2017,BR,1
2018,FS,1
2019,XO,1
2019,BU,1
2019,BR,1
2019,FS,1
2020,FS,1
2021,FS,1
2021,XO,1
2022,BR,1
2022,DR,1
2022,BU,1
2022,FS,1
2023,JA,1
2023,FS,1
2023,DS,1
2023,BR,1
2024,DS,1
2024,FS,1
2024,JA,1
2025,JA,1
2025,DR,1
2025,FS,1
2026,BR,1
2026,XO,1
2026,DS,1
2027,XO,1
2028,XO,1
2028,JA,1
2029,XO,1
2029,FS,1
2029,DS,1
2030,DT,1
2030,BR,1
2030,FS,1
2030,XO,1
2030,DS,1
2031,BR,1
2031,DS,1
2031,XO,1
2031,BU,1
2032,JA,1
2032,BR,1
2033,FS,1
2033,JA,1
2033,BR,1
2034,BU,1
2034,FS,1
2034,BR,1
2034,DS,1
2035,DT,1
2035,DS,1
2035,FS,1
2036,BU,1
2036,FS,1
2036,DS,1
2036,BR,1
2037,BU,1
2037,BR,1
2037,DR,1
2037,SJ,1
2037,DS,1
2037,SS,1
2037,JA,1
2037,FS,1
2038,FS,1
2039,FS,1
2039,BU,1
2039,BR,1
2040,FS,1
2040,BU,1
2040,SS,1
2040,XO,1
2040,DS,1
2040,BR,1
2040,JA,1
2041,BR,1
2041,SJ,1
2041,FS,1
2041,BU,1
2042,FS,1
2042,BR,1
2042,XO,1
2042,DS,1
2043,FS,1
2043,BR,1
2043,DS,1
2044,JA,1
2044,DS,1
2044,BR,1
2044,FS,1
2044,BU,1
2045,DR,1
2045,FS,1
2045,BR,1
2045,BU,1
2045,DS,1
2045,JA,1
2046,SS,1
2046,BR,1
2046,XO,1
2046,DS,1
2046,JA,1
2046,FS,1
2049,XO,1
2049,FS,1
2050,XO,1
2050,DR,1
2051,FS,1
2052,XO,1
2052,FS,1
2052,SS,1
2052,DR,1
2053,XM,1
2054,XM,1
2055,JU,1
2055,XM,1
2056,XM,1
2056,XO,1
2057,BR,1
2057,MA,1
2057,XM,1
2057,XO,1
2057,JU,1
2059,JU,1
2060,FS,1
2060,BR,1
2061,BR,1
2061,FS,1
2062,BR,1
2062,XO,1
2062,FS,1
2062,JU,1
2067,XO,1
2067,FS,1
2067,DS,1
2074,XO,1
2075,JU,1
2076,FL,1
2076,FS,1
2077,DR,1
2077,XO,1
2077,DT,1
2077,BU,1
2081,JU,1
2082,JU,1
2082,XO,1
2085,XM,1
2085,DS,1
2086,XM,1
2086,FS,1
2086,XO,1
2087,DS,1
2087,BR,1
2087,XM,1
2087,XO,1
2087,FS,1
2087,SS,1
2087,JU,1
2087,RH,1
2091,JU,1
2092,JU,1
2092,XO,1
2092,BR,1
2100,JA,1
2101,XO,1
2101,JU,1
2102,DR,1
2102,BR,1
2102,XO,1
2102,MA,1
2102,JU,1
2103,XM,1
2104,XM,1
2105,XM,1
2106,XO,1
2106,XM,1
2107,XM,1
2107,XO,1
2107,FS,1
2107,DT,1
2112,JU,1
2112,DS,1
2117,JU,1
2120,JU,1
2121,JU,1
2122,BU,1
2122,RH,1
2122,DT,1
2123,XM,1
2124,XM,1
2125,XM,1
2125,XO,1
2125,JU,1
2126,XO,1
2126,XM,1
2126,JU,1
2127,JU,1
2127,DR,1
2127,XM,1
2127,BR,1
2135,XO,1
2136,FL,1
2137,FL,1
2137,FS,1
2137,XO,1
2139,JA,1
2140,JU,1
2140,DS,1
2141,HS,1
2141,BR,1
2142,BR,1
2142,DR,1
2146,JU,1
2146,FS,1
2146,XO,1
2146,DT,1
2147,BR,1
2147,FS,1
2147,BU,1
2147,XO,1
2147,JU,1
2151,BU,1
2152,BR,1
2152,BT,1
2152,DR,1
2153,XM,1
2154,XM,1
2155,XM,1
2156,XM,1
2157,XO,1
2157,FS,1
2157,XM,1
2160,DS,1
2161,BU,1
2164,XM,1
2165,XM,1
2166,JA,1
2166,XM,1
2167,XO,1
2167,JU,1
2167,XM,1
2168,FS,1
2168,XO,1
2168,BR,1
2168,XM,1
2171,XM,1
2172,DS,1
2172,BU,1
2172,XM,1
2173,XO,1
2173,BU,1
2173,XM,1
2174,XM,1
2175,XM,1
2176,XO,1
2176,XM,1
2177,RH,1
2177,FS,1
2177,DR,1
2177,XM,1
2177,JU,1
2177,JA,1
2178,XO,1
2178,BU,1
2178,BT,1
2178,XM,1
2178,BR,1
2178,FS,1
2182,SJ,1
2183,DS,1
2183,DT,1
2183,SJ,1
2183,FS,1
2183,SS,1
2183,BU,1
2183,JU,1
2186,XO,1
2187,BU,1
2187,BR,1
2187,XO,1
2187,FS,1
2187,JA,1
2188,BR,1
2188,FS,1
2188,XO,1
2188,MA,1
2188,BU,1
2189,XM,1
2190,JA,1
2190,XM,1
2191,XM,1
2192,XM,1
2192,XO,1
2192,JA,1
2192,JU,1
2193,XM,1
2193,XO,1
2193,BU,1
2193,FS,1
2193,BR,1
2196,JU,1
2197,FS,1
2197,BR,1
2197,XO,1
2197,SS,1
2197,BT,1
2198,XO,1
2198,SS,1
2198,FS,1
2198,BT,1
2198,MA,1
2198,BR,1
2201,DS,1
2201,XO,1
2201,FS,1
2201,BR,1
2202,XO,1
2202,BR,1
2202,FS,1
2202,BT,1
2202,DS,1
2203,BT,1
2203,HS,1
2203,FS,1
2203,SS,1
2203,BU,1
2203,BR,1
2203,XO,1
2206,DS,1
2207,XO,1
2207,FS,1
2207,RH,1
2207,JA,1
2208,RH,1
2208,XO,1
2208,BR,1
2208,FS,1
2209,XM,1
2210,XM,1
2211,XM,1
2212,XM,1
2212,XO,1
2213,FS,1
2213,XO,1
2213,DT,1
2213,XM,1
2216,JU,1
2216,SS,1
2216,FS,1
2216,XO,1
2216,DS,1
2217,XO,1
2217,FS,1
2217,SS,1
2217,DS,1
2218,BR,1
2218,BT,1
2218,XO,1
2218,FS,1
2219,XM,1
2220,XM,1
2221,XM,1
2222,JU,1
2222,XM,1
2223,DS,1
2223,JU,1
2223,XO,1
2223,BU,1
2223,FS,1
2223,XM,1
2224,XO,1
2224,JU,1
2224,XM,1
2224,FS,1
2224,DS,1
2224,BR,1
2225,XM,1
2226,XM,1
2227,JU,1
2227,FS,1
2227,XM,1
2227,XO,1
2228,XO,1
2228,XM,1
2228,JU,1
2228,FS,1
2229,SJ,1
2229,BR,1
2229,XO,1
2229,FS,1
2229,XM,1
2229,BT,1
2231,DS,1
2232,DR,1
2232,JU,1
2233,BR,1
2233,HS,1
2234,FS,1
2234,MA,1
2234,BR,1
2237,XO,1
2238,XO,1
2238,BR,1
2239,FS,1
2239,BR,1
2239,XO,1
2241,JU,1
2242,XO,1
2242,JU,1
2243,FS,1
2243,JA,1
2243,BR,1
2243,BT,1
2243,XO,1
2243,BU,1
2244,SS,1
2244,DS,1
2244,MA,1
2244,FS,1
2244,BR,1
2244,BT,1
2244,JA,1
2245,XM,1
2246,XM,1
2247,XM,1
2247,XO,1
2248,BT,1
2248,BR,1
2248,XM,1
2248,FS,1
2248,XO,1
2248,HS,1
2249,BR,1
2249,RH,1
2249,XO,1
2249,BT,1
2249,FS,1
2249,XM,1
2249,BU,1
2249,HS,1
2252,DS,1
2252,FS,1
2252,XO,1
2253,BU,1
2253,DS,1
2253,FS,1
2253,XO,1
2253,BR,1
2254,BU,1
2254,FL,1
2254,FS,1
2254,HS,1
2254,BR,1
2254,XO,1
2259,SJ,1
2259,XO,1
2259,DS,1
2260,XM,1
2261,XM,1
2262,XO,1
2262,HS,1
2262,FS,1
2262,XM,1
2263,FS,1
2263,BR,1
2263,XO,1
2263,XM,1
2263,BU,1
2263,BT,1
2263,HS,1
2264,HS,1
2264,BR,1
2264,DS,1
2264,SS,1
2264,BT,1
2264,XO,1
2264,BU,1
2264,XM,1
2264,FS,1
2267,DS,1
2267,FS,1
2268,FS,1
2268,SS,1
2269,BR,1
2269,SS,1
2269,FS,1
2270,XM,1
2271,XM,1
2272,XM,1
2273,XM,1
2273,DR,1
2274,XM,1
2274,JA,1
2274,XO,1
2274,BU,1
2277,XM,1
2278,SS,1
2278,FS,1
2278,XM,1
2279,BR,1
2279,XM,1
2279,FS,1
2282,XO,1
2283,SJ,1
2283,FS,1
2283,XO,1
2283,JA,1
2284,SS,1
2284,RH,1
2284,BR,1
2284,FS,1
2284,XO,1
2288,XO,1
2288,JU,1
2289,FS,1
2289,MA,1
2289,JU,1
2293,JU,1
2294,JU,1
2294,RH,1
2294,XO,1
2294,FS,1
2298,XM,1
2299,DS,1
2299,XM,1
2302,DS,1
2302,JU,1
2302,XO,1
2303,JU,1
2303,BR,1
2303,SJ,1
2303,XO,1
2304,RH,1
2304,FS,1
2304,BU,1
2304,BR,1
2304,BT,1
2308,JU,1
2309,DR,1
2310,XM,1
2311,XM,1
2312,JA,1
2312,XM,1
2313,XM,1
2313,XO,1
2314,SJ,1
2314,HS,1
2314,XM,1
2314,XO,1
2314,FS,1
2314,JU,1
2316,RH,1
2317,RH,1
2318,RH,1
2319,DR,1
2319,RH,1
2319,SJ,1
2319,DS,1
2322,FS,1
2322,XO,1
2323,HS,1
2323,BR,1
2324,BR,1
2324,XO,1
2324,HS,1
2324,BT,1
2325,XM,1
2326,XM,1
2327,XM,1
2327,DR,1
2327,JA,1
2328,XO,1
2328,SS,1
2328,DS,1
2328,XM,1
2328,FS,1
2328,JU,1
2328,JA,1
2328,HS,1
2329,BR,1
2329,BT,1
2329,BU,1
2329,DS,1
2329,XO,1
2329,FS,1
2329,XM,1
2337,RH,1
2337,DS,1
2338,DT,1
2338,DS,1
2338,RH,1
2339,FS,1
2339,BR,1
2339,RH,1
2339,BU,1
2339,SJ,1
2343,FS,1
2344,BU,1
2344,FS,1
2344,HS,1
2344,XO,1
2344,DS,1
2348,XO,1
2353,JU,1
2354,XO,1
2354,BU,1
2354,BR,1
2354,JU,1
2357,FS,1
2357,DS,1
2358,XO,1
2358,DS,1
2358,FS,1
2358,DT,1
2359,DS,1
2359,FS,1
2359,DT,1
2359,BU,1
2363,BU,1
2363,FS,1
2363,BR,1
2364,FS,1
2364,BU,1
2364,BR,1
2367,JU,1
2367,FS,1
2367,XO,1
2368,FS,1
2368,BU,1
2368,BR,1
2368,JU,1
2368,XO,1
2369,BR,1
2369,FL,1
2369,JA,1
2369,FS,1
2369,BT,1
2372,XM,1
2372,RH,1
2373,SJ,1
2373,XO,1
2373,XM,1
2373,DT,1
2373,RH,1
2374,SJ,1
2374,XM,1
2374,RH,1
2374,XO,1
2376,XO,1
2377,XO,1
2378,XO,1
2378,FS,1
2378,BU,1
2379,BU,1
2379,XO,1
2382,XO,1
2382,DT,1
2384,BR,1
2384,DR,1
2384,FS,1
2384,MA,1
2384,XO,1
2387,BR,1
2388,FS,1
2388,BR,1
2389,FS,1
2389,HS,1
2389,BR,1
2389,BU,1
2389,XO,1
2391,XM,1
2391,JU,1
2391,DT,1
2392,JU,1
2392,XM,1
2393,JU,1
2393,BR,1
2393,XM,1
2394,XM,1
2394,JU,1
2394,BR,1
2394,BU,1
2394,FS,1
2397,JU,1
2399,BR,1
2399,DT,1
2399,SJ,1
2399,JA,1
2402,FS,1
2404,BR,1
2408,DR,1
2409,FS,1
2409,BU,1
2409,RH,1
2412,DS,1
2413,DS,1
2414,JA,1
2414,RH,1
2414,DS,1
2417,DS,1
2417,FS,1
2418,FS,1
2418,BT,1
2418,BR,1
2419,BT,1
2419,FS,1
2419,SS,1
2419,RH,1
2419,BR,1
2419,DS,1
2419,BU,1
2426,DT,1
2426,XM,1
2427,FS,1
2427,XM,1
2427,DT,1
2428,JU,1
2428,BR,1
2428,XM,1
2429,XM,1
2429,DT,1
2433,XO,1
2434,XO,1
2434,BR,1
2434,FS,1
2437,FL,1
2437,DS,1
2438,FS,1
2438,FL,1
2438,XO,1
2438,BR,1
2438,DS,1
2439,BR,1
2439,FL,1
2439,FS,1
2439,DS,1
2439,XO,1
2442,JU,1
2443,DT,1
2443,XO,1
2443,JU,1
2444,DT,1
2444,XO,1
2444,SJ,1
2444,FS,1
2444,BR,1
2447,XO,1
2447,FS,1
2448,FS,1
2448,XO,1
2448,BR,1
2449,DS,1
2449,BR,1
2449,FS,1
2449,XO,1
2452,BR,1
2452,FS,1
2453,SS,1
2453,DS,1
2453,FS,1
2454,FS,1
2454,BT,1
2454,SS,1
2454,XO,1
2454,BR,1
2457,FS,1
2457,XO,1
2457,SS,1
2458,XO,1
2458,SS,1
2458,FS,1
2458,DS,1
2459,SS,1
2459,BR,1
2459,DS,1
2459,XO,1
2459,BT,1
2459,FS,1
2462,XO,1
2462,FS,1
2463,FS,1
2463,XO,1
2464,FS,1
2464,HS,1
2464,XO,1
2468,XO,1
2469,BU,1
2471,DS,1
2472,DS,1
2472,XO,1
2473,XO,1
2473,BR,1
2473,FS,1
2473,DS,1
2474,XO,1
2474,BU,1
2474,FS,1
2474,BR,1
2474,DS,1
2477,FS,1
2477,XO,1
2477,BR,1
2478,FS,1
2478,JU,1
2478,BR,1
2479,DS,1
2479,BR,1
2479,BT,1
2479,XO,1
2479,BU,1
2481,XO,1
2481,DS,1
2481,DT,1
2481,FS,1
2482,XO,1
2482,DS,1
2482,HS,1
2482,FS,1
2483,RH,1
2483,SS,1
2483,HS,1
2483,FS,1
2483,BT,1
2483,DS,1
2483,BR,1
2483,BU,1
2484,XO,1
2484,DS,1
2484,DT,1
2484,FS,1
2484,RH,1
2484,BT,1
2484,SS,1
2484,BU,1
2484,BR,1
2487,FS,1
2487,BR,1
2488,XO,1
2488,BR,1
2488,FS,1
2489,HS,1
2489,SJ,1
2489,BR,1
2489,XO,1
2489,FS,1
2489,BU,1
2491,XO,1
2492,FS,1
2493,BR,1
2493,FS,1
2493,XO,1
2494,BR,1
2494,FS,1
2494,XO,1
2498,FS,1
2498,SS,1
2498,XO,1
2499,BR,1
2499,XO,1
2499,FS,1
2502,XO,1
2502,FS,1
2502,BR,1
2503,FS,1
2503,BR,1
2503,XO,1
2504,BR,1
2504,FS,1
2504,XO,1
2504,BU,1
2508,FS,1
2512,DS,1
2512,FS,1
2512,DT,1
2512,XO,1
2513,XO,1
2513,BR,1
2513,FS,1
2513,DS,1
2514,SS,1
2514,DS,1
2514,XO,1
2514,BR,1
2514,BT,1
2514,FS,1
2518,HS,1
2519,DS,1
2519,SJ,1
2519,HS,1
2521,DT,1
2521,JU,1
2522,DS,1
2522,DT,1
2522,JU,1
2523,DT,1
2523,SJ,1
2523,JU,1
2524,BU,1
2524,FS,1
2524,BR,1
2527,SS,1
2528,SS,1
2529,SS,1
2529,BU,1
2532,DS,1
2533,FS,1
2533,DS,1
2533,RH,1
2534,FS,1
2534,RH,1
2534,XO,1
2534,HS,1
2537,XO,1
2537,FS,1
2537,DS,1
2538,FS,1
2539,BU,1
2539,HS,1
2539,FS,1
2542,JU,1
2543,DT,1
2543,SJ,1
2544,BR,1
2544,XO,1
2544,FS,1
2547,RH,1
2548,RH,1
2549,BU,1
2549,JA,1
2549,RH,1
2551,DS,1
2552,DS,1
2553,DS,1
2553,FS,1
2554,FS,1
2554,DS,1
2559,XO,1
2559,SJ,1
2563,DT,1
2563,SJ,1
2564,FS,1
2564,BR,1
2566,JU,1
2566,DS,1
2567,JU,1
2567,XO,1
2568,XO,1
2568,JU,1
2568,JA,1
2568,BU,1
2569,JU,1
2569,XO,1
2569,JA,1
2569,BU,1
2569,BR,1
2572,DS,1
2573,FS,1
2574,SS,1
2574,BU,1
2574,DT,1
2574,FS,1
2574,XO,1
2576,DT,1
2576,XO,1
2576,FS,1
2576,XM,1
2576,DS,1
2577,SJ,1
2577,XO,1
2577,FS,1
2577,XM,1
2577,BR,1
2577,DS,1
2578,BR,1
2578,HS,1
2578,XM,1
2578,RH,1
2578,BU,1
2578,SS,1
2578,DS,1
2578,FS,1
2578,XO,1
2579,DS,1
2579,FS,1
2579,DT,1
2579,RH,1
2579,BR,1
2579,XM,1
2579,XO,1
2579,BU,1
2579,SS,1
2579,SJ,1
2581,XO,1
2581,XM,1
2582,DS,1
2582,FS,1
2582,XM,1
2582,XO,1
2583,BU,1
2583,BR,1
2583,FS,1
2583,XM,1
2583,XO,1
2584,SS,1
2584,XM,1
2584,FS,1
2584,BR,1
2584,DT,1
2584,BU,1
2584,DS,1
2584,XO,1
2587,XO,1
2588,FS,1
2588,XO,1
2589,XO,1
2589,BR,1
2589,FS,1
2592,SJ,1
2593,XO,1
2593,DS,1
2594,DS,1
2594,BR,1
2594,FS,1
2594,XO,1
2597,XM,1
2598,FS,1
2598,DS,1
2598,XM,1
2598,XO,1
2599,BR,1
2599,XM,1
2599,HS,1
2599,FS,1
2599,XO,1
2599,DS,1
2602,DT,1
2602,XO,1
2603,DT,1
2603,XO,1
2603,DS,1
2604,DT,1
2604,XO,1
2604,FS,1
2604,SS,1
2604,BR,1
2604,RH,1
2607,JU,1
2608,DT,1
2609,SJ,1
2609,XO,1
2612,JU,1
2612,DS,1
2613,BR,1
2613,FS,1
2613,HS,1
2614,XO,1
2614,BU,1
2614,SJ,1
2614,DT,1
2614,FS,1
2614,BR,1
2617,FS,1
2618,SS,1
2618,FS,1
2618,DS,1
2619,BR,1
2619,DS,1
2619,FS,1
2619,BT,1
2622,DS,1
2623,DS,1
2624,BT,1
2624,BR,1
2624,BU,1
2627,BR,1
2627,FS,1
2628,FS,1
2628,XO,1
2628,BR,1
2629,XO,1
2629,FS,1
2629,BR,1
2629,BU,1
2629,JA,1
2632,BR,1
2633,BR,1
2634,BU,1
2634,BR,1
2634,FS,1
2637,FS,1
2637,XO,1
2637,BR,1
2638,FS,1
2638,BR,1
2638,XO,1
2639,BU,1
2639,XO,1
2639,BR,1
2639,DR,1
2639,FS,1
2640,XM,1
2641,XM,1
2642,XM,1
2642,JU,1
2642,BR,1
2643,XO,1
2643,FS,1
2643,XM,1
2643,BR,1
2643,BU,1
2644,FS,1
2644,HS,1
2644,BT,1
2644,BR,1
2644,BU,1
2644,DR,1
2644,XM,1
2645,XM,1
2645,BR,1
2645,BU,1
2645,DR,1
2648,RH,1
2649,RH,1
2650,RH,1
2653,SJ,1
2654,FL,1
2654,DS,1
2654,JU,1
2655,FL,1
2655,HS,1
2655,FS,1
2655,DS,1
2655,JU,1
2656,XM,1
2657,XM,1
2658,BR,1
2658,XM,1
2659,XM,1
2659,BR,1
2660,XM,1
2660,HS,1
2660,BR,1
2660,FS,1
2662,MA,1
2663,XM,1
2664,XM,1
2664,JU,1
2664,XO,1
2664,FS,1
2664,DS,1
2664,DT,1
2665,BR,1
2665,XO,1
2665,DS,1
2665,XM,1
2665,FS,1
2665,DT,1
2667,JU,1
2667,DT,1
2667,XO,1
2667,FS,1
2668,BR,1
2668,FS,1
2668,JU,1
2668,XO,1
2669,XO,1
2669,DS,1
2669,BT,1
2669,FS,1
2669,SS,1
2669,BR,1
2669,BU,1
2670,FS,1
2670,SS,1
2670,DT,1
2670,HS,1
2670,XO,1
2670,BU,1
2670,BR,1
2677,XM,1
2677,XO,1
2677,JA,1
2678,XO,1
2678,FS,1
2678,XM,1
2679,DS,1
2679,BU,1
2679,XM,1
2679,FS,1
2679,BR,1
2679,XO,1
2680,FS,1
2680,BR,1
2680,BU,1
2680,BT,1
2680,SS,1
2680,DS,1
2680,XO,1
2680,SJ,1
2680,XM,1
2680,DT,1
2683,XO,1
2684,BU,1
2685,XO,1
2685,BU,1
2688,XO,1
2689,XO,1
2690,XO,1
2690,BT,1
2690,BR,1
2690,BU,1
2695,FS,1
2695,XO,1
2695,DS,1
2695,SS,1
2698,XO,1
2698,FS,1
2699,FS,1
2699,XO,1
2700,XO,1
2700,FS,1
2702,XO,1
2703,FS,1
2703,SS,1
2703,XO,1
2703,DS,1
2703,SJ,1
2704,BU,1
2704,DS,1
2704,FS,1
2704,BR,1
2704,XO,1
2704,SS,1
2705,HS,1
2705,DS,1
2705,XO,1
2705,FS,1
2705,SS,1
2705,BU,1
2705,BR,1
3269,XO,1
3270,FS,1
3270,XO,1
3271,BR,1
3271,XO,1
3271,FS,1
3271,SS,1
3271,DT,1
3273,BR,1
3275,XO,1
3275,FS,1
3276,XO,1
3279,XO,1
3280,BR,1
3280,XO,1
3281,XO,1
3284,XO,1
3285,XO,1
3286,XO,1
3289,XO,1
3290,XO,1
3290,FS,1
3291,XO,1
3295,XO,1
3295,DT,1
3296,XO,1
3296,BR,1
3300,XO,1
3301,XO,1
3301,FS,1
3303,XO,1
3304,XO,1
3305,BR,1
3305,XO,1
3306,XO,1
3309,XO,1
3309,DT,1
3310,XO,1
3310,SS,1
3310,JA,1
3311,FS,1
3311,JA,1
3311,XO,1
3313,XO,1
3314,XO,1
3316,FS,1
3320,XO,1
3320,FS,1
3321,SS,1
3321,XO,1
3321,FS,1
3321,JA,1
3321,DT,1
3325,DT,1
3325,XO,1
3326,XO,1
3326,FS,1
3328,XO,1
3331,DT,1
3331,XO,1
3331,FS,1
3334,XO,1
3335,XO,1
3336,FS,1
3336,BR,1
3336,XO,1
3339,BR,1
3339,XO,1
3340,XO,1
3341,DT,1
3345,XO,1
3345,JA,1
3346,JA,1
3346,BR,1
3348,XO,1
3349,DT,1
3349,XO,1
3350,XO,1
3351,JA,1
3351,DT,1
3351,FS,1
3351,XO,1
3354,XO,1
3355,JA,1
3356,FS,1
3356,JA,1
3356,DT,1
3356,XO,1
3356,FL,1
3359,XO,1
3360,XO,1
3361,FS,1
3361,XO,1
3364,XO,1
3365,FS,1
3366,DT,1
3366,XO,1
3366,FS,1
3366,BR,1
3369,XO,1
3371,XO,1
3371,BR,1
3374,XO,1
3375,BR,1
3375,JA,1
3375,XO,1
3376,BR,1
3376,FS,1
3376,XO,1
3376,JA,1
3380,XO,1
3381,DT,1
3381,XO,1
3385,XO,1
3385,JA,1
3386,DT,1
3386,XO,1
3390,XO,1
3391,FS,1
3391,XO,1
3393,XO,1
3394,XO,1
3394,DT,1
3395,XO,1
3396,FS,1
3396,XO,1
3396,BR,1
3399,XO,1
3400,DT,1
3400,FS,1
3400,XO,1
3401,DT,1
3401,FS,1
3405,XO,1
3406,XO,1
3410,XO,1
3411,JA,1
3411,XO,1
3411,DT,1
3414,JA,1
3414,XO,1
3415,XO,1
3416,BR,1
3416,XO,1
3419,DT,1
3420,DT,1
3420,XO,1
3421,FS,1
3421,XO,1
3424,XO,1
3425,FS,1
3425,XO,1
3426,BR,1
3426,FS,1
3429,XO,1
3429,BR,1
3430,BR,1
3430,XO,1
3431,XO,1
3431,DT,1
3431,BR,1
3431,FS,1
3434,XO,1
3435,XO,1
3435,FS,1
3435,JA,1
3436,FS,1
3436,BR,1
3436,XO,1
3440,BR,1
3441,SS,1
3441,FS,1
3441,BR,1
3444,XO,1
3444,DT,1
3445,JA,1
3445,DT,1
3445,XO,1
3446,JA,1
3446,FS,1
3446,XO,1
3446,DT,1
3447,BR,1
3447,BU,1
3447,FS,1
3448,DS,1
3448,JA,1
3448,BU,1
3448,BR,1
3448,XO,1
3448,XM,1
3448,FS,1
3449,BR,1
3449,FS,1
3450,BU,1
3450,FS,1
3450,BR,1
3451,BR,1
3452,FS,1
3452,BR,1
3452,XO,1
3452,BU,1
3453,BU,1
3453,FS,1
3453,BR,1
3454,BR,1
3454,FS,1
3454,BU,1
3454,XO,1
3455,BR,1
3455,BT,1
3456,BR,1
3456,FS,1
3456,XO,1
3456,RH,1
3457,XO,1
3457,FS,1
3457,RH,1
3457,BR,1
3460,FS,1
3460,BR,1
3461,BR,1
3461,FS,1
3461,XO,1
3462,BR,1
3462,SJ,1
3462,FS,1
3462,BT,1
3462,XO,1
3463,XO,1
3463,FS,1
3463,BR,1
3463,BU,1
3464,BR,1
3464,FS,1
3464,XO,1
3464,BU,1
3464,SJ,1
3465,BR,1
3466,FS,1
3466,BR,1
3467,FS,1
3467,BR,1
3467,BU,1
3468,BR,1
3469,JA,1
3469,BR,1
3469,FS,1
3469,BT,1
3470,FS,1
3470,BT,1
3470,BR,1
3470,JA,1
3471,BR,1
3471,FS,1
3471,XM,1
3472,XM,1
3472,FS,1
3472,BR,1
3473,BR,1
3473,SS,1
3473,XM,1
3473,RS,1
3473,FS,1
3473,XO,1
3474,MA,1
3474,BR,1
3474,JA,1
3475,BR,1
3476,BR,1
3476,FS,1
3477,DS,1
3477,BU,1
3477,BR,1
3478,BR,1
3479,BT,1
3479,BR,1
3480,FS,1
3480,BT,1
3480,BR,1
3483,JA,1
3483,BR,1
3483,BU,1
3484,BR,1
3484,BU,1
3484,DT,1
3484,SS,1
3484,FS,1
3484,JA,1
3485,BR,1
3486,BR,1
3486,FS,1
3486,JA,1
3486,XO,1
3487,BR,1
3488,FS,1
3488,BR,1
3489,SS,1
3489,XO,1
3489,BR,1
3489,RS,1
3489,FS,1
3490,BR,1
3490,BT,1
3490,FS,1
3490,XO,1
3491,BU,1
3491,XO,1
3491,SS,1
3491,FS,1
3491,SJ,1
3491,RS,1
3491,BR,1
3491,DS,1
3492,FS,1
3492,BR,1
3493,RS,1
3493,SS,1
3493,XO,1
3493,BR,1
3494,SS,1
3494,DT,1
3494,FS,1
3494,RS,1
3494,BR,1
3494,XO,1
3495,FS,1
3495,BR,1
3496,FS,1
3496,BR,1
3497,BR,1
3497,XO,1
3497,FS,1
3498,BR,1
3498,JA,1
3499,XO,1
3499,BR,1
3499,JA,1
3499,FS,1
3499,BU,1
3500,FS,1
3500,RS,1
3500,JA,1
3500,BR,1
3500,SS,1
3501,BR,1
3501,FS,1
3502,FS,1
3502,BR,1
3503,BU,1
3503,FS,1
3503,BR,1
3504,XO,1
3504,BR,1
3504,BU,1
3504,FS,1
3505,XO,1
3505,BT,1
3505,RH,1
3505,BU,1
3505,BR,1
3505,FS,1
3506,BR,1
3507,FS,1
3507,BR,1
3508,FS,1
3508,BR,1
3509,BR,1
3509,JA,1
3509,BT,1
3510,BT,1
3510,BR,1
3511,BT,1
3511,BR,1
3512,BU,1
3512,DS,1
3512,XM,1
3512,XO,1
3512,BR,1
3512,FS,1
3513,BR,1
3513,XO,1
3514,SS,1
3514,SJ,1
3514,BR,1
3514,FS,1
3514,XO,1
3514,RS,1
3515,FS,1
3515,XO,1
3515,BR,1
3516,BR,1
3516,XO,1
3516,FS,1
3517,JA,1
3517,RS,1
3517,SS,1
3517,BR,1
3517,XO,1
3517,FS,1
3518,BR,1
3518,DS,1
3518,FS,1
3519,JA,1
3519,BR,1
3520,BR,1
3520,BU,1
3520,JA,1
3520,FS,1
3521,BR,1
3522,XO,1
3522,BR,1
3522,FS,1
3523,XO,1
3523,FS,1
3523,BR,1
3523,SJ,1
3523,FL,1
3523,RS,1
3524,XM,1
3524,BR,1
3525,BR,1
3525,BU,1
3525,FS,1
3526,BR,1
3526,BU,1
3526,FS,1
3527,BR,1
3527,BU,1
3527,FS,1
3528,FS,1
3528,BU,1
3528,BR,1
3529,BT,1
3529,BR,1
3529,BU,1
3529,XO,1
3529,FS,1
3532,DT,1
3532,XO,1
3533,DS,1
3534,FS,1
3534,XO,1
3534,BR,1
3534,RH,1
3534,JA,1
3534,DS,1
3537,XM,1
3537,JA,1
3538,XM,1
3538,FS,1
3538,XO,1
3539,FS,1
3539,XO,1
3539,JA,1
3539,XM,1
3539,SJ,1
3542,DS,1
3542,XO,1
3543,XO,1
3543,FS,1
3543,BR,1
3543,SS,1
3544,BU,1
3544,FS,1
3544,XO,1
3545,FS,1
3545,XO,1
3545,BU,1
3546,XO,1
3546,FS,1
3546,BU,1
3548,XO,1
3549,XO,1
3549,DS,1
3549,BT,1
3549,BR,1
3549,RH,1
3549,FS,1
3550,BU,1
3550,FS,1
3550,BR,1
3551,FS,1
3551,RH,1
3551,BR,1
3551,XO,1
3551,BU,1
3554,FS,1
3554,SJ,1
3555,JA,1
3555,FS,1
3555,XO,1
3555,BR,1
3555,DS,1
3556,XO,1
3556,JA,1
3556,BR,1
3556,BT,1
3556,FS,1
3556,DS,1
3556,BU,1
3560,XM,1
3560,DS,1
3560,FS,1
3560,XO,1
3560,BR,1
3561,XO,1
3561,XM,1
3561,BR,1
3561,SS,1
3561,SJ,1
3561,DS,1
3561,FS,1
3562,BR,1
3562,DS,1
3562,XM,1
3562,FS,1
3562,XO,1
3562,SJ,1
3562,SS,1
3567,BU,1
3567,SJ,1
3567,JA,1
3567,XO,1
3568,XO,1
3568,SJ,1
3568,JA,1
3568,BU,1
3571,XO,1
3571,DT,1
3572,XO,1
3573,RH,1
3573,BU,1
3573,BR,1
3573,DS,1
3573,JA,1
3577,XO,1
3578,XO,1
3578,FS,1
3578,BU,1
3579,XO,1
3579,BU,1
3579,FS,1
3582,FS,1
3582,XO,1
3582,BR,1
3583,FS,1
3583,JA,1
3583,SJ,1
3583,BR,1
3583,BU,1
3584,JA,1
3584,SJ,1
3584,FS,1
3584,BR,1
3584,BU,1
3584,DS,1
3588,BR,1
3589,BR,1
3589,BU,1
3589,FS,1
3589,DS,1
3590,JA,1
3591,RH,1
3591,JA,1
3591,SJ,1
3591,FS,1
3591,XO,1
3592,RH,1
3592,BR,1
3592,JA,1
3592,FS,1
3593,SS,1
3593,BU,1
3593,DS,1
3593,JA,1
3593,XO,1
3593,FS,1
3593,RH,1
3593,BR,1
3594,RH,1
3594,XO,1
3594,SS,1
3594,FS,1
3594,JA,1
3594,BR,1
3594,BU,1
3597,XO,1
3597,FS,1
3597,SJ,1
3597,RH,1
3597,DS,1
3597,JA,1
3598,BR,1
3598,XO,1
3598,RH,1
3598,FS,1
3599,JA,1
3599,BR,1
3599,FS,1
3599,RH,1
3599,BU,1
3599,XO,1
3602,FS,1
3602,BR,1
3603,BR,1
3603,FL,1
3603,JA,1
3603,XO,1
3603,FS,1
3603,BU,1
3604,BR,1
3604,JA,1
3604,BU,1
3604,FL,1
3604,SS,1
3604,XO,1
3604,FS,1
3608,BU,1
3608,JA,1
3608,BR,1
3608,FL,1
3608,XO,1
3608,FS,1
3608,SJ,1
3608,DS,1
3609,FS,1
3609,XO,1
3609,BR,1
3609,JA,1
3609,BU,1
3609,FL,1
3609,SJ,1
3613,XO,1
3613,SJ,1
3614,XO,1
3614,BU,1
3614,DS,1
3614,BR,1
3614,FS,1
3615,XO,1
3618,FS,1
3619,DS,1
3619,BR,1
3619,FS,1
3620,DS,1
3620,XO,1
3620,FS,1
3620,BU,1
3620,BR,1
3623,JA,1
3623,SJ,1
3624,DS,1
3624,JA,1
3624,BR,1
3624,FS,1
3625,DS,1
3625,FS,1
3625,JA,1
3625,BR,1
3625,BU,1
3626,DS,1
3626,FS,1
3626,JA,1
3626,BR,1
3627,SJ,1
3627,FS,1
3627,JA,1
3627,DS,1
3630,BR,1
3631,FS,1
3631,BR,1
3631,XM,1
3632,XO,1
3632,BR,1
3632,FS,1
3632,XM,1
3632,DS,1
3635,XM,1
3635,RH,1
3636,RH,1
3636,XM,1
3637,BR,1
3637,FS,1
3637,XM,1
3637,RH,1
3640,XO,1
3641,BU,1
3641,FS,1
3641,XM,1
3641,BR,1
3642,FS,1
3642,XO,1
3642,BU,1
3642,MA,1
3642,BR,1
3642,XM,1
3645,JA,1
3646,BR,1
3647,JA,1
3647,SJ,1
3647,BR,1
3647,FS,1
3648,SJ,1
3648,JA,1
3651,FS,1
3652,BU,1
3652,FS,1
3652,BR,1
3653,BR,1
3653,SJ,1
3653,BU,1
3656,FS,1
3656,XO,1
3657,BR,1
3657,FS,1
3657,XO,1
3657,BU,1
3658,FS,1
3658,XO,1
3658,BU,1
3658,BR,1
3658,JA,1
3662,XO,1
3662,FS,1
3663,FS,1
3663,SS,1
3663,DS,1
3663,BU,1
3663,XO,1
3664,FS,1
3668,XO,1
3668,FS,1
3669,XO,1
3669,FS,1
3672,XM,1
3672,BU,1
3673,RH,1
3673,XM,1
3673,BU,1
3674,RH,1
3674,XM,1
3674,SJ,1
3674,BU,1
3677,XO,1
3677,FS,1
3678,BR,1
3679,XO,1
3679,BR,1
3679,BU,1
3679,FS,1
3680,FS,1
3680,SJ,1
3680,BU,1
3680,XO,1
3684,XM,1
3684,SS,1
3685,XM,1
3685,SS,1
3685,FS,1
3685,BR,1
3686,XO,1
3690,BR,1
3690,XM,1
3690,FS,1
3691,BR,1
3691,XM,1
3691,FS,1
3691,DS,1
3691,BU,1
3692,FS,1
3692,XM,1
3692,BR,1
3694,DT,1
3694,XO,1
3695,SJ,1
3695,JA,1
3695,FS,1
3695,DS,1
3695,XO,1
3696,SJ,1
3696,XO,1
3696,BR,1
3696,JA,1
3696,FS,1
3696,DS,1
3697,FS,1
3697,DS,1
3697,XO,1
3697,SJ,1
3697,BU,1
3697,JA,1
3697,BR,1
3698,FS,1
3698,SJ,1
3698,XO,1
3698,JA,1
3698,BR,1
3698,DS,1
3698,BU,1
3701,BR,1
3702,BR,1
3702,DS,1
3703,DT,1
3703,BR,1
3703,FS,1
3703,DS,1
3706,RH,1
3707,XO,1
3707,RH,1
3708,BU,1
3708,BR,1
3708,FS,1
3708,MA,1
3708,RH,1
3708,XO,1
3712,BR,1
3712,FS,1
3713,BU,1
3713,FS,1
3713,BR,1
3717,XO,1
3718,XO,1
3718,BU,1
3718,SJ,1
3718,FS,1
3719,FS,1
3719,BR,1
3719,BU,1
3719,RH,1
3719,XO,1
3722,XO,1
3722,SJ,1
3723,BR,1
3724,BR,1
3724,FS,1
3724,BU,1
3724,JA,1
3726,BR,1
3727,BR,1
3728,FS,1
3728,BR,1
3728,XO,1
3729,XO,1
3729,BR,1
3729,FS,1
3729,SJ,1
3729,BU,1
3733,XO,1
3733,BR,1
3733,FS,1
3733,JA,1
3734,BR,1
3734,FS,1
3734,BU,1
3735,XO,1
3735,FS,1
3735,BR,1
3739,XO,1
3740,DS,1
3740,XO,1
3740,SJ,1
3740,JA,1
3741,XO,1
3741,SJ,1
3741,JA,1
3741,DS,1
3744,XO,1
3744,SJ,1
3744,JA,1
3745,FS,1
3745,BR,1
3745,DS,1
3745,XO,1
3746,FS,1
3746,DS,1
3746,BU,1
3746,BR,1
3746,XO,1
3746,SS,1
3747,BR,1
3747,FS,1
3747,SS,1
3747,DS,1
3747,XO,1
3748,DS,1
3748,FS,1
3748,BR,1
3748,XO,1
3748,SS,1
3751,DS,1
3751,XO,1
3751,RH,1
3752,BR,1
3752,FS,1
3752,RH,1
3752,DS,1
3753,JA,1
3753,BT,1
3753,DS,1
3753,RH,1
3753,SJ,1
3753,BR,1
3753,FS,1
3753,XO,1
3756,JA,1
3756,FS,1
3757,BU,1
3757,BR,1
3757,FS,1
3757,DS,1
3758,BR,1
3758,BU,1
3758,RH,1
3758,XO,1
3758,FS,1
3760,XM,1
3761,XO,1
3761,XM,1
3761,BR,1
3761,FS,1
3762,BU,1
3762,BR,1
3762,FS,1
3762,XM,1
3763,XO,1
3763,BU,1
3763,BR,1
3763,XM,1
3763,FS,1
3766,XM,1
3767,XM,1
3768,FS,1
3768,BR,1
3768,XO,1
3768,BU,1
3768,XM,1
3769,BR,1
3769,FS,1
3769,XO,1
3769,BU,1
3769,XM,1
3772,XO,1
3773,BU,1
3773,XO,1
3773,SJ,1
3773,JA,1
3773,DS,1
3774,SJ,1
3774,BU,1
3774,JA,1
3775,RH,1
3776,XM,1
3776,RH,1
3777,RH,1
3777,XM,1
3778,XM,1
3778,FS,1
3778,BR,1
3778,RH,1
3778,BT,1
3779,FS,1
3779,BT,1
3779,BR,1
3779,XM,1
3779,RH,1
3783,XO,1
3784,FS,1
3784,XO,1
3787,XO,1
3787,JA,1
3788,DS,1
3788,FS,1
3788,BR,1
3789,JA,1
3789,XO,1
3789,BU,1
3789,DS,1
3789,BR,1
3789,FS,1
3793,XO,1
3794,DS,1
3794,BR,1
3794,XM,1
3794,SJ,1
3794,FS,1
3796,XM,1
3797,JA,1
3797,XM,1
3797,XO,1
3798,XO,1
3798,DS,1
3798,XM,1
3798,SJ,1
3799,RH,1
3799,XO,1
3799,DS,1
3799,XM,1
3799,FS,1
3799,BR,1
3802,FS,1
3802,BR,1
3802,JA,1
3802,XO,1
3803,BR,1
3803,FS,1
3804,XO,1
3804,SS,1
3804,FS,1
3804,BR,1
3804,BU,1
3805,SJ,1
3808,MA,1
3808,JA,1
3808,XO,1
3809,BU,1
3809,FS,1
3809,MA,1
3810,XO,1
3810,DS,1
3810,BU,1
3810,BR,1
3810,FS,1
3814,XO,1
3815,FL,1
3818,XO,1
3819,FS,1
3819,XO,1
3819,BR,1
3819,DS,1
3820,BU,1
3820,JA,1
3820,FS,1
3820,BR,1
3820,XO,1
3820,SS,1
3824,RH,1
3824,JA,1
3825,FS,1
3825,RH,1
3825,XO,1
3825,BU,1
3825,JA,1
3825,BR,1
3825,DS,1
3829,XO,1
3829,BR,1
3829,FS,1
3830,BR,1
3830,FS,1
3830,BU,1
3830,XO,1
3830,BT,1
3833,FS,1
3833,JA,1
3833,XM,1
3833,XO,1
3834,XO,1
3834,XM,1
3834,BR,1
3834,FS,1
3835,DS,1
3835,BR,1
3835,XM,1
3835,FS,1
3835,XO,1
3836,RH,1
3836,DS,1
3836,XO,1
3836,FS,1
3836,XM,1
3836,JA,1
3836,BU,1
3836,BR,1
3839,XM,1
3840,XM,1
3840,DS,1
3840,XO,1
3840,BR,1
3841,FS,1
3841,DS,1
3841,BU,1
3841,BR,1
3841,XM,1
3841,XO,1
3845,FS,1
3845,XO,1
3845,BR,1
3846,FS,1
3846,BU,1
3846,XO,1
3846,DS,1
3846,JA,1
3846,MA,1
3846,BR,1
3850,FS,1
3850,DS,1
3850,XO,1
3851,XO,1
3851,SS,1
3851,FS,1
3851,BR,1
3851,DS,1
3851,BU,1
3855,SJ,1
3855,XO,1
3855,BR,1
3855,FS,1
3856,BR,1
3856,FS,1
3856,XO,1
3856,HS,1
3859,SJ,1
3860,BR,1
3860,XO,1
3860,BU,1
3860,RH,1
3860,FS,1
3861,XO,1
3861,BT,1
3861,FL,1
3861,RH,1
3861,BR,1
3861,BU,1
3861,FS,1
3865,XO,1
3865,XM,1
3865,JA,1
3865,FS,1
3865,BR,1
3866,XM,1
3866,BR,1
3866,RH,1
3866,FL,1
3866,FS,1
3866,BU,1
3868,RH,1
3869,XO,1
3870,XO,1
3870,FS,1
3870,XM,1
3870,DS,1
3871,JA,1
3871,XM,1
3871,FS,1
3871,BR,1
3871,SS,1
3871,XO,1
3875,XO,1
3875,RH,1
3876,BR,1
3876,XO,1
3876,DS,1
3876,RH,1
3876,FS,1
3879,XO,1
3880,SS,1
3880,FS,1
3880,DS,1
3880,BR,1
3881,DS,1
3881,BU,1
3881,XO,1
3881,FS,1
3881,BR,1
3881,SS,1
3884,SJ,1
3885,JA,1
3885,MA,1
3885,BR,1
3885,FS,1
3886,BU,1
3886,MA,1
3886,BR,1
3886,RH,1
3886,FS,1
3889,XM,1
3890,XO,1
3890,JA,1
3890,XM,1
3890,BR,1
3890,FS,1
3891,FS,1
3891,DS,1
3891,XO,1
3891,JA,1
3891,XM,1
3891,BR,1
3895,FS,1
3895,XO,1
3896,FS,1
3899,JA,1
3899,XO,1
3899,RH,1
3900,BR,1
3900,XO,1
3900,RH,1
3901,RH,1
3901,XO,1
3901,DS,1
3901,BR,1
3901,FS,1
3905,FS,1
3905,BT,1
3905,XO,1
3905,JA,1
3906,BT,1
3906,HS,1
3906,FS,1
3906,BR,1
3906,DS,1
3906,XO,1
3909,XO,1
3909,MA,1
3909,FS,1
3909,DR,1
3909,JA,1
3910,XO,1
3910,RH,1
3910,FS,1
3910,BU,1
3911,XO,1
3911,BR,1
3911,FS,1
3911,SS,1
3911,RH,1
3911,BU,1
3915,FS,1
3915,XO,1
3915,FL,1
3916,FS,1
3916,XO,1
3916,FL,1
3916,BR,1
3920,XO,1
3920,DS,1
3921,BR,1
3921,XO,1
3921,DS,1
3921,FS,1
3925,XO,1
3926,FS,1
3926,BR,1
3926,BT,1
3930,FS,1
3930,DS,1
3930,XO,1
3931,XO,1
3931,FS,1
3931,BR,1
3931,DS,1
3931,BU,1
3934,BR,1
3935,BR,1
3935,FS,1
3935,XO,1
3935,DS,1
3936,FS,1
3936,BU,1
3936,SS,1
3936,XO,1
3936,BR,1
3939,XO,1
3940,XO,1
3941,DS,1
3941,XO,1
3941,FS,1
3941,BR,1
3945,XO,1
3946,XO,1
3946,DS,1
3946,FS,1
3951,DS,1
3951,FS,1
3951,MA,1
3951,XO,1
3955,BR,1
3955,XO,1
3956,RH,1
3956,BU,1
3956,BR,1
3956,DS,1
3956,FS,1
3958,JA,1
3958,XO,1
3959,BR,1
3960,BR,1
3960,FS,1
3960,XO,1
3961,BR,1
3961,FS,1
3961,SS,1
3961,XO,1
3964,XO,1
3965,XO,1
3965,FS,1
3965,BR,1
3966,XO,1
3966,SS,1
3966,JA,1
3966,BR,1
3966,FS,1
3971,BR,1
3971,BT,1
3971,FS,1
3971,DS,1
3976,XO,1
3976,BR,1
3976,FS,1
3979,JA,1
3979,SJ,1
3979,XO,1
3980,JA,1
3980,SJ,1
3980,XO,1
3981,FS,1
3981,BR,1
3981,XO,1
3981,BU,1
3985,BR,1
3985,DS,1
3985,XO,1
3986,DS,1
3986,BU,1
3986,FS,1
3986,XO,1
3986,BR,1
3989,JA,1
3990,XO,1
3990,BR,1
3990,DS,1
3990,FS,1
3991,BR,1
3991,SS,1
3991,XO,1
3991,DS,1
3991,FS,1
3992,XO,1
3992,RH,1
3992,BT,1
3992,JU,1
3992,FS,1
3992,BR,1
3992,SS,1
3993,RH,1
3993,BR,1
3993,BT,1
3993,JU,1
3993,XO,1
3993,SS,1
3993,BU,1
3993,FS,1
3994,BR,1
3994,DS,1
3994,KS,1
3994,FS,1
3994,JU,1
3994,RH,1
3994,XO,1
3995,XO,1
3995,RH,1
3996,BR,1
3996,DS,1
3996,BT,1
3996,FS,1
3996,XO,1
3997,XO,1
3997,DS,1
3997,BR,1
3997,FS,1
3997,BT,1
3998,FS,1
3998,JA,1
3998,BR,1
3998,DS,1
3998,XO,1
3999,BR,1
3999,XO,1
3999,DS,1
3999,JA,1
3999,FS,1
4000,FS,1
4000,BU,1
4000,BR,1
4000,XO,1
4000,JA,1
4001,JA,1
4001,FS,1
4001,BR,1
4001,BU,1
4001,XO,1
4002,FS,1
4002,JA,1
4002,BR,1
4002,XO,1
4003,FS,1
4003,BR,1
4003,JA,1
4003,XO,1
4004,FS,1
4004,SS,1
4004,BU,1
4004,XO,1
4004,BR,1
4005,BR,1
4005,XO,1
4005,SS,1
4005,FS,1
4006,SS,1
4006,FS,1
4006,XO,1
4006,BR,1
4007,SS,1
4007,XO,1
4007,BR,1
4007,FS,1
4008,FS,1
4008,BR,1
4008,BU,1
4008,SS,1
4008,XO,1
4009,XO,1
4009,RH,1
4009,FS,1
4009,BR,1
4009,DS,1
4010,BR,1
4010,FS,1
4010,RH,1
4010,JA,1
4010,XO,1
4011,XO,1
4011,JU,1
4011,FS,1
4011,RH,1
4012,FS,1
4012,SS,1
4012,XO,1
4012,BR,1
4013,XO,1
4013,BR,1
4013,SS,1
4013,FS,1
4014,FS,1
4014,SS,1
4014,BR,1
4014,XO,1
4015,FS,1
4015,XO,1
4015,BR,1
4016,BR,1
4016,FS,1
4016,SS,1
4016,BU,1
4016,RH,1
4016,XO,1
4017,FS,1
4017,BR,1
4017,SS,1
4017,RH,1
4017,XO,1
4018,FS,1
4018,BR,1
4018,XO,1
4018,RH,1
4019,BR,1
4019,XO,1
4019,JA,1
4019,FS,1
4019,RH,1
4020,FS,1
4020,XO,1
4020,BR,1
4021,FS,1
4021,BR,1
4021,RH,1
4021,XO,1
4022,BR,1
4022,RH,1
4022,XO,1
4022,FS,1
4022,JU,1
4022,BU,1
4023,RH,1
4023,BR,1
4023,XO,1
4023,BU,1
4023,FS,1
4024,BU,1
4024,BR,1
4024,XO,1
4024,FS,1
4025,XO,1
4025,FS,1
4025,BR,1
4025,BU,1
4026,FS,1
4026,BR,1
4026,XO,1
4027,BR,1
4027,XO,1
4028,RH,1
4028,FS,1
4028,XO,1
4028,BR,1
4029,FS,1
4029,BR,1
4029,RH,1
4029,XO,1
4029,SS,1
4030,FS,1
4030,SS,1
4030,GH,1
4030,BR,1
4030,KS,1
4030,RH,1
4030,XO,1
4031,RH,1
4031,XO,1
4031,FS,1
4031,SS,1
4031,BR,1
4032,JU,1
4032,BR,1
4032,RH,1
4032,FS,1
4032,XO,1
4033,XO,1
4033,FS,1
4033,SS,1
4033,RH,1
4033,JU,1
4033,BR,1
4034,SS,1
4034,GH,1
4034,XO,1
4034,BR,1
4034,BU,1
4034,FS,1
4034,RH,1
4035,XO,1
4035,GH,1
4035,BU,1
4035,BR,1
4035,FS,1
4035,SS,1
4035,RH,1
4036,BR,1
4036,FS,1
4036,JA,1
4036,RH,1
4036,XO,1
4037,XO,1
4037,BR,1
4037,RH,1
4037,FS,1
4037,SS,1
4037,DS,1
4038,XO,1
4038,SS,1
4038,RH,1
4038,DS,1
4038,BR,1
4038,FS,1
4039,BR,1
4039,JA,1
4039,XO,1
4039,RH,1
4039,FS,1
4040,XO,1
4040,BR,1
4040,BU,1
4040,FS,1
4041,BR,1
4041,FS,1
4041,BU,1
4041,XO,1
4042,JA,1
4042,XO,1
4042,BR,1
4042,DS,1
4042,FS,1
4043,BR,1
4043,FS,1
4044,BR,1
4044,BU,1
4044,FS,1
4044,XO,1
4044,SS,1
4045,SS,1
4045,FS,1
4045,XO,1
4045,BR,1
4045,BU,1
4046,FS,1
4046,XO,1
4046,SS,1
4046,BU,1
4046,BR,1
4047,FS,1
4047,BR,1
4047,XO,1
4047,JA,1
4047,KS,1
4048,XO,1
4048,BT,1
4048,BR,1
4048,SS,1
4048,FS,1
4049,SS,1
4049,XO,1
4049,FS,1
4049,BR,1
4049,BT,1
4050,BR,1
4050,BT,1
4050,XO,1
4050,SS,1
4050,FS,1
4051,SS,1
4051,JA,1
4051,DS,1
4051,XO,1
4051,FS,1
4051,BR,1
4052,SS,1
4052,BR,1
4052,JA,1
4052,FS,1
4052,XO,1
4053,SS,1
4053,BR,1
4053,FS,1
4053,JA,1
4053,XO,1
4054,FS,1
4054,XO,1
4054,BR,1
4055,XO,1
4055,BR,1
4055,BU,1
4055,JA,1
4055,FS,1
4056,XO,1
4056,JA,1
4056,DS,1
4057,DS,1
4057,BU,1
4057,XO,1
4057,JA,1
4058,JA,1
4058,XO,1
4058,DS,1
4058,BU,1
4059,JA,1
4059,DS,1
4059,BU,1
4059,XO,1
4061,XO,1
4061,BR,1
4061,JA,1
4061,FS,1
4062,FS,1
4062,SS,1
4062,XO,1
4062,BR,1
4063,DS,1
4063,SS,1
4063,XO,1
4063,KS,1
4063,FS,1
4063,BR,1
4064,XO,1
4064,DS,1
4064,BU,1
4064,FS,1
4064,SS,1
4064,BR,1
4064,KS,1
4065,SS,1
4065,XO,1
4065,BR,1
4065,BU,1
4065,FS,1
4066,BU,1
4066,XO,1
4066,BR,1
4066,SS,1
4066,FS,1
4067,XO,1
4067,FS,1
4067,BU,1
4067,BR,1
4067,SS,1
4068,XO,1
4068,BR,1
4068,SS,1
4068,FS,1
4069,BT,1
4069,FS,1
4069,BR,1
4069,SS,1
4069,XO,1
4070,XO,1
4070,SS,1
4070,BR,1
4070,FS,1
4070,BT,1
4071,BR,1
4071,SS,1
4071,XO,1
4071,FS,1
4071,BT,1
4072,BU,1
4072,FS,1
4072,BR,1
4072,XO,1
4073,JA,1
4073,XO,1
4073,BR,1
4073,RH,1
4073,BU,1
4073,FS,1
4074,JA,1
4074,BU,1
4074,RH,1
4074,FS,1
4074,BR,1
4074,XO,1
4074,DS,1
4075,FS,1
4075,XO,1
4075,BR,1
4075,DS,1
4075,RH,1
4075,JA,1
4076,DS,1
4076,XO,1
4076,JA,1
4076,RH,1
4076,FS,1
4076,BR,1
4077,SS,1
4077,BU,1
4077,FS,1
4077,BR,1
4077,XO,1
4077,BT,1
4078,FS,1
4078,BR,1
4078,BU,1
4078,XO,1
4078,SS,1
4078,BT,1
4080,XO,1
4080,BT,1
4080,BR,1
4080,FS,1
4080,SS,1
4081,BR,1
4081,JA,1
4081,XO,1
4081,FS,1
4082,SS,1
4082,XO,1
4082,JU,1
4082,FS,1
4082,BR,1
4083,JU,1
4083,XO,1
4083,SS,1
4083,BR,1
4083,FS,1
4084,SS,1
4084,XO,1
4084,FS,1
4084,BR,1
4085,FS,1
4085,BR,1
4085,XO,1
4085,SS,1
4086,FS,1
4086,BR,1
4086,SS,1
4086,XO,1
4086,BU,1
4087,BR,1
4087,FS,1
4087,BU,1
4087,SS,1
4087,XO,1
4088,BR,1
4088,FS,1
4088,XO,1
4088,SS,1
4089,BR,1
4089,FS,1
4090,SS,1
4090,BR,1
4090,JA,1
4090,XO,1
4090,FS,1
4091,BR,1
4091,SS,1
4091,XO,1
4091,BU,1
4091,FS,1
4092,XO,1
4092,SS,1
4092,FS,1
4092,BU,1
4092,XM,1
4092,BR,1
4093,FS,1
4093,XO,1
4093,BU,1
4093,SS,1
4093,BR,1
4093,XM,1
4094,FS,1
4094,JU,1
4094,XO,1
4094,SS,1
4094,JA,1
4094,BU,1
4094,BT,1
4094,BR,1
4095,BR,1
4095,BU,1
4095,JA,1
4095,BT,1
4095,XO,1
4095,SS,1
4095,FS,1
4095,JU,1
4096,FS,1
4096,JU,1
4096,XO,1
4096,SS,1
4096,XM,1
4096,BU,1
4096,JA,1
4096,BR,1
4096,BT,1
4097,FS,1
4097,XO,1
4097,SS,1
4097,JA,1
4097,BT,1
4097,XM,1
4097,BR,1
4098,SS,1
4098,BR,1
4098,XO,1
4098,FS,1
4098,RH,1
4099,BR,1
4099,XO,1
4099,FS,1
4099,RH,1
4100,SS,1
4100,BU,1
4100,BR,1
4100,FS,1
4100,XO,1
4101,FS,1
4101,XO,1
4101,BU,1
4101,BR,1
4101,SS,1
4102,XO,1
4102,BU,1
4102,BR,1
4102,BT,1
4102,FL,1
4102,FS,1
4103,BR,1
4103,BU,1
4103,FS,1
4103,FL,1
4103,XO,1
4103,BT,1
4104,XO,1
4104,FS,1
4104,BR,1
4104,BT,1
4104,FL,1
4105,BR,1
4105,JA,1
4105,XO,1
4106,FS,1
4106,SS,1
4106,BR,1
4106,XO,1
4106,JU,1
4106,BU,1
4107,SS,1
4107,BU,1
4107,FS,1
4107,BR,1
4107,XO,1
4108,BU,1
4108,XO,1
4108,FS,1
4108,BR,1
4109,XO,1
4109,FS,1
4109,BR,1
4109,DS,1
4109,JA,1
4110,BR,1
4110,FS,1
4110,SS,1
4110,BU,1
4110,XO,1
4111,XO,1
4111,FS,1
4111,SS,1
4111,BU,1
4111,BR,1
4112,BR,1
4112,XO,1
4112,FS,1
4113,XO,1
4113,BR,1
4113,FS,1
4113,JA,1
4114,FS,1
4114,XO,1
4114,SS,1
4114,JU,1
4114,BU,1
4114,BR,1
4115,XO,1
4115,SS,1
4115,JU,1
4115,BR,1
4115,FS,1
4116,XO,1
4116,BR,1
4116,SS,1
4116,FS,1
4117,SS,1
4117,FS,1
4117,BR,1
4117,XO,1
4118,BR,1
4118,SS,1
4118,XO,1
4118,FS,1
4119,BR,1
4119,XO,1
4119,FS,1
4119,SS,1
4120,XO,1
4120,FS,1
4120,SS,1
4120,BR,1
4121,XO,1
4121,FS,1
4121,BR,1
4121,SS,1
4122,BR,1
4122,XO,1
4122,BU,1
4122,FS,1
4123,XO,1
4123,BR,1
4123,FS,1
4123,BU,1
4124,FS,1
4124,BU,1
4124,BR,1
4124,XO,1
4125,FS,1
4125,BR,1
4125,XO,1
4126,XO,1
4126,BR,1
4126,FS,1
4127,XO,1
4127,BR,1
4127,FS,1
4127,SS,1
4128,FS,1
4128,BR,1
4128,XO,1
4129,XO,1
4129,BR,1
4129,FS,1
4130,DS,1
4130,BR,1
4130,BU,1
4130,FS,1
4130,XO,1
4131,BR,1
4131,BU,1
4131,SS,1
4131,FS,1
4131,XO,1
4132,SS,1
4132,XO,1
4132,DS,1
4132,BR,1
4132,FS,1
4133,FS,1
4133,BR,1
4133,DS,1
4133,XO,1
4134,BU,1
4134,FS,1
4134,BR,1
4134,RH,1
4134,SS,1
4134,XO,1
4135,FS,1
4135,SS,1
4135,XO,1
4135,RH,1
4135,BU,1
4135,BR,1
4136,RH,1
4136,XO,1
4136,BU,1
4136,FS,1
4136,BR,1
4137,BR,1
4137,XO,1
4137,JA,1
4137,FS,1
4138,BU,1
4138,SS,1
4138,FS,1
4138,RH,1
4138,XO,1
4138,BR,1
4139,RH,1
4139,SS,1
4139,XO,1
4139,FS,1
4139,BU,1
4139,BR,1
4140,FS,1
4140,RH,1
4140,SS,1
4140,XO,1
4140,DS,1
4140,BR,1
4141,XO,1
4141,JA,1
4141,RH,1
4141,BR,1
4143,FS,1
4143,BR,1
4143,DS,1
4143,JA,1
4143,SS,1
4143,BU,1
4143,XO,1
4144,FS,1
4144,BR,1
4144,JA,1
4144,SS,1
4144,XO,1
4144,BU,1
4145,BU,1
4145,FS,1
4145,SS,1
4145,JA,1
4145,BR,1
4145,DS,1
4145,XO,1
4146,SS,1
4146,XO,1
4146,BU,1
4146,BR,1
4146,FS,1
4147,BU,1
4147,XO,1
4147,FS,1
4147,SS,1
4147,BR,1
4148,BR,1
4148,XO,1
4148,SS,1
4148,FS,1
4149,FS,1
4149,BR,1
4149,XO,1
4150,XO,1
4150,BR,1
4150,SS,1
4150,BU,1
4150,FS,1
4151,BU,1
4151,BR,1
4151,SS,1
4151,XO,1
4151,FS,1
4152,FS,1
4152,BR,1
4152,XO,1
4152,SS,1
4153,JA,1
4153,XO,1
4153,BR,1
4153,SS,1
4153,FS,1
4154,FS,1
4154,JA,1
4154,SS,1
4154,XO,1
4154,BR,1
4154,BU,1
4154,DS,1
4155,FS,1
4155,DS,1
4155,BR,1
4155,BU,1
4155,JA,1
4156,FS,1
4156,XO,1
4156,BR,1
4156,JA,1
4157,XO,1
4157,BR,1
4157,FS,1
4354,FS,1
4354,BR,1
4354,DS,1
4355,FS,1
4355,DS,1
4355,BR,1
4356,BR,1
4356,DS,1
4356,FS,1
4362,BR,1
4363,BR,1
4364,BR,1
4365,BR,1
4382,FS,1
4382,XO,1
4382,DS,1
4383,XO,1
4383,DS,1
4383,FS,1
4384,FS,1
4384,DS,1
4384,XO,1
4385,FS,1
4385,DS,1
4385,XO,1
4390,DS,1
4391,DS,1
4392,DS,1
4402,XO,1
4402,DS,1
4402,BR,1
4402,FS,1
4403,BR,1
4403,XO,1
4403,FS,1
4403,DS,1
4404,DS,1
4404,FS,1
4404,BR,1
4404,XO,1
4406,FS,1
4406,BR,1
4406,RS,1
4406,DS,1
4407,DS,1
4407,BR,1
4407,FS,1
4407,RS,1
4408,FS,1
4408,RS,1
4408,DS,1
4408,BR,1
4422,FS,1
4423,FS,1
4424,FS,1
4425,FS,1
4427,XO,1
4427,FS,1
4427,DS,1
4428,DS,1
4428,XO,1
4428,FS,1
4429,DS,1
4429,XO,1
4429,FS,1
4432,FS,1
4433,FS,1
4434,FS,1
4484,BU,1
4485,BU,1
4486,BU,1
4507,RS,1
4507,BR,1
4507,FS,1
4507,XO,1
4507,DS,1
4509,XO,1
4509,DS,1
4509,BR,1
4509,RS,1
4509,FS,1
4510,FS,1
4510,XO,1
4510,BR,1
4510,DS,1
4510,RS,1
4532,FS,1
4532,DS,1
4532,BR,1
4532,XO,1
4533,DS,1
4533,XO,1
4533,BR,1
4533,FS,1
4534,XO,1
4534,BR,1
4534,FS,1
4534,DS,1
4568,FS,1
4568,RS,1
4568,DS,1
4569,RS,1
4569,FS,1
4569,DS,1
4570,DS,1
4570,FS,1
4570,RS,1
4575,BU,1
4641,FS,1
4642,FS,1
4710,FS,1
4712,FS,1
4713,FS,1
4740,FS,1
4744,FS,1
4763,BR,1
4763,DS,1
4764,BR,1
4764,DS,1
4765,BR,1
4765,DS,1
4766,BR,1
4766,DS,1
4772,DS,1
4772,XO,1
4773,DS,1
4773,XO,1
4774,DS,1
4774,XO,1
4775,XO,1
4775,DS,1
4776,XO,1
4777,XO,1
4778,XO,1
4779,XO,1
4788,RS,1
4789,RS,1
4790,RS,1
4791,RS,1
4792,DS,1
4793,DS,1
4794,DS,1
4794,FS,1
4795,FS,1
4795,DS,1
4796,DS,1
4796,FS,1
4797,FS,1
4797,DS,1
4810,BU,1
4810,DS,1
4811,DS,1
4812,DS,1
4813,DS,1
4826,RS,1
4826,BR,1
4826,FS,1
4826,DS,1
4827,BR,1
4827,FS,1
4827,DS,1
4827,RS,1
4828,RS,1
4828,BR,1
4828,DS,1
4828,FS,1
4829,FS,1
4829,BR,1
4829,DS,1
4829,RS,1
4830,DS,1
4831,FS,1
4831,HS,1
4831,DS,1
4831,BR,1
4845,DS,1
4846,DS,1
4847,DS,1
4856,XO,1
4856,DS,1
4856,FS,1
4857,XO,1
4857,FS,1
4857,DS,1
4858,DS,1
4858,FS,1
4858,XO,1
4859,DS,1
4859,FS,1
4859,XO,1
5037,FS,1
5038,FS,1
5039,FS,1
5118,XO,1
5118,FS,1
5118,SJ,1
5158,BR,1
5158,FS,1
14435,FS,1
14435,BU,1
14435,BR,1
14436,XM,1
14436,XO,1
14436,FS,1
14437,SS,1
14437,BU,1
14437,XO,1
14439,XO,1
14439,BR,1
14439,XM,1
14439,BU,1
14447,BR,1
14447,XO,1
14448,FS,1
14448,XM,1
14448,BR,1
14448,XO,1
14450,FS,1
14450,BR,1
14451,BR,1
14451,FS,1
14458,DS,1
14458,BR,1
14458,FS,1
14459,BR,1
14460,FS,1
14460,XO,1
14465,FS,1
14465,BR,1
14465,XO,1
14465,SS,1
14465,DS,1
14468,XO,1
14468,FS,1
14469,XM,1
14469,FS,1
14469,BR,1
14471,FS,1
14471,BU,1
14471,BR,1
14472,BR,1
14473,XO,1
14473,BR,1
14473,FS,1
14473,RH,1
14474,FS,1
14474,BR,1
14474,XO,1
14475,XM,1
14475,JA,1
14475,FS,1
14475,BU,1
14475,BR,1
14475,XO,1
14476,FS,1
14476,XO,1
14476,JA,1
14476,BR,1
14477,DT,1
14477,DS,1
14477,SS,1
14477,XM,1
14477,XO,1
14477,BR,1
14477,FS,1
14478,BU,1
14478,JA,1
14478,SJ,1
14478,XO,1
14478,FS,1
14478,BR,1
14480,XO,1
14480,DT,1
14480,SJ,1
14480,FS,1
14480,DS,1
14480,BU,1
14480,BR,1
14482,JA,1
14482,SS,1
14482,BR,1
14482,FS,1
14483,FS,1
14483,BR,1
14483,XO,1
14483,JA,1
14485,JA,1
14485,BR,1
14485,FS,1
14485,XO,1
14485,BU,1
14485,XM,1
14486,XO,1
14486,FS,1
14486,BR,1
14486,BU,1
14487,XO,1
14487,FS,1
14487,BU,1
14487,XM,1
14487,DS,1
14487,BR,1
14492,BU,1
14492,XO,1
14492,XM,1
14492,BR,1
14492,FS,1
14493,BR,1
14493,FS,1
14493,SS,1
14493,XO,1
14494,XM,1
14494,DS,1
14494,XO,1
14494,JA,1
14494,BR,1
14494,BU,1
14494,FS,1
14495,XM,1
14495,SS,1
14495,JA,1
14495,BU,1
14495,XO,1
14495,RS,1
14495,FS,1
14495,BR,1
14496,BU,1
14496,XO,1
14496,BR,1
14496,FS,1
14496,BT,1
14496,DS,1
14497,XO,1
14497,BR,1
14497,FS,1
14497,BU,1
14498,BT,1
14498,BR,1
14498,DS,1
14498,SS,1
14498,FS,1
14499,BU,1
14499,XO,1
14499,FS,1
14499,BT,1
14500,FS,1
14500,BU,1
14500,BT,1
14500,RH,1
14500,DS,1
14500,BR,1
14501,BU,1
14501,FS,1
14501,SS,1
14501,BR,1
14501,XO,1
14502,XO,1
14502,BR,1
14502,BU,1
14502,FS,1
14502,DS,1
14503,XM,1
14503,HS,1
14503,JA,1
14503,XO,1
14503,FS,1
14503,BR,1
14504,BU,1
14504,BR,1
14504,XO,1
14504,FS,1
14505,BR,1
14505,FS,1
14505,DS,1
14505,BT,1
14505,XO,1
14506,DS,1
14506,DT,1
14506,XO,1
14506,FS,1
14506,HS,1
14506,BU,1
14506,SJ,1
14507,JA,1
14508,BR,1
14508,DS,1
14508,XO,1
14508,FS,1
14509,BR,1
14509,XO,1
14509,FS,1
14510,BT,1
14510,DS,1
14510,BR,1
14510,BU,1
14511,BR,1
14511,FS,1
14511,SJ,1
14512,JA,1
14512,DS,1
14513,DS,1
14513,BR,1
14513,FS,1
14513,XO,1
14514,BR,1
14514,DS,1
14514,XO,1
14514,FS,1
14515,FS,1
14515,BR,1
14515,XO,1
14516,JA,1
14516,XM,1
14516,DS,1
14517,SJ,1
14517,XM,1
14517,FS,1
14518,SJ,1
14518,BU,1
14518,SS,1
14518,XO,1
14518,FS,1
14518,JA,1
14518,XM,1
14518,DS,1
14519,BR,1
14519,RH,1
14520,SS,1
14520,XO,1
14520,FS,1
14520,SJ,1
14520,RH,1
14521,XO,1
14521,FS,1
14521,BR,1
14522,BR,1
14522,XM,1
14522,XO,1
14522,BT,1
14522,FS,1
14524,BR,1
14524,FS,1
14524,GH,1
14524,JA,1
14525,FS,1
14525,BR,1
14526,DT,1
14526,RH,1
14527,BR,1
14527,KS,1
14527,DS,1
14527,FS,1
14527,RH,1
14528,DS,1
14528,FS,1
14528,XO,1
14529,DS,1
14529,FS,1
14530,BU,1
14530,FS,1
14530,RH,1
14530,DS,1
14530,BR,1
14531,GH,1
14531,SS,1
14531,XO,1
14531,FS,1
14531,BR,1
14533,FS,1
14534,FS,1
14534,DS,1
14534,BR,1
14534,XO,1
14534,SS,1
14535,DS,1
14541,RH,1
14541,FS,1
14541,DT,1
14546,FS,1
14546,JA,1
14552,SS,1
14552,XO,1
14552,JU,1
14554,XO,1
14557,BR,1
14566,FS,1
14566,XO,1
14566,DS,1
14567,FS,1
14567,KS,1
14567,DS,1
14567,RH,1
14570,XO,1
14570,DS,1
14571,XO,1
14571,DS,1
14571,SJ,1
14572,BR,1
14577,XO,1
14577,FS,1
14579,XO,1
14580,XO,1
14581,XO,1
14582,XO,1
14582,FS,1
14583,XM,1
14583,XO,1
14584,XM,1
14584,XO,1
14584,DS,1
14584,FS,1
14776,FS,1
14777,FS,1
14777,RH,1
14778,FS,1
14778,MA,1
14778,BR,1
14778,DS,1
14778,RH,1
14781,XO,1
14782,FS,1
14782,XO,1
14783,XO,1
14783,BR,1
14783,FS,1
14783,SS,1
14786,XO,1
14787,XO,1
14787,FS,1
14788,SS,1
14788,BR,1
14788,FS,1
14788,DS,1
14791,BR,1
14792,BR,1
14793,BR,1
14793,FS,1
14797,BR,1
14797,XO,1
14798,BR,1
14798,FS,1
14798,XO,1
14803,JA,1
14803,BU,1
14803,RH,1
14803,BR,1
14807,FS,1
14808,BR,1
14808,FS,1
14808,DS,1
14809,BR,1
14809,FS,1
14809,DS,1
14813,XO,1
14814,XO,1
14814,FS,1
14819,XO,1
14819,JA,1
14819,DS,1
14823,JA,1
14824,DS,1
14824,BU,1
14824,SJ,1
14824,JA,1
14828,CT,1
14829,FS,1
14829,CT,1
14829,DS,1
14832,XO,1
14833,BR,1
14833,FS,1
14833,XO,1
14834,XO,1
14834,FS,1
14834,BU,1
14834,BR,1
14838,FS,1
14838,DS,1
14839,BU,1
14839,XO,1
14839,BR,1
14839,FS,1
14839,BT,1
14843,BR,1
14843,FS,1
14844,SS,1
14844,BR,1
14844,FS,1
14848,FS,1
14848,DS,1
14849,FS,1
14849,SS,1
14849,XO,1
14849,DS,1
14852,MA,1
14852,FS,1
14853,MA,1
14853,BR,1
14853,FS,1
14854,BR,1
14854,FS,1
14854,MA,1
14855,FS,1
14855,SS,1
14855,BR,1
14860,FS,1
14863,XO,1
14864,XO,1
14865,FS,1
14865,XO,1
14865,DS,1
14873,FS,1
14874,FS,1
14875,BU,1
14875,DS,1
14875,FS,1
14875,JA,1
14879,FS,1
14880,BR,1
14880,DS,1
14880,BU,1
14880,FS,1
14884,XO,1
14884,FS,1
14885,BU,1
14885,XO,1
14885,DS,1
14885,FS,1
14890,FS,1
14890,DS,1
14890,XO,1
14893,FS,1
14894,FS,1
14895,BR,1
14895,FS,1
14899,DS,1
14900,FS,1
14900,KS,1
14900,DS,1
14900,XO,1
14903,FS,1
14904,DS,1
14904,FS,1
14905,JA,1
14905,KS,1
14905,FS,1
14905,DS,1
14908,XO,1
14909,XO,1
14909,FS,1
14910,DS,1
14910,BR,1
14910,FS,1
14910,SS,1
14910,XO,1
14911,XO,1
14911,SS,1
14911,DS,1
14911,BR,1
14911,FS,1
14915,DS,1
14915,XO,1
14916,SS,1
14916,BR,1
14916,DS,1
14916,FS,1
14916,XO,1
14919,DS,1
14919,FS,1
14920,FS,1
14920,BR,1
14921,XO,1
14921,BR,1
14921,DS,1
14921,SS,1
14921,FS,1
14924,RH,1
14925,RH,1
14926,RH,1
14926,DS,1
14929,XO,1
14929,FS,1
14929,DS,1
14930,DS,1
14930,XO,1
14930,FS,1
14931,FS,1
14931,SS,1
14931,XO,1
14931,DS,1
14931,BR,1
14934,XO,1
14935,DS,1
14936,DS,1
14936,JA,1
14936,FS,1
14936,BR,1
14937,JA,1
14937,BR,1
14937,FS,1
14937,DS,1
14937,HS,1
14942,FS,1
14942,BR,1
14947,SS,1
14947,FS,1
14947,BR,1
14947,XO,1
14948,FS,1
14948,XO,1
14948,BR,1
14948,SS,1
14952,DS,1
14952,FS,1
14952,JA,1
14953,JA,1
14953,BT,1
14953,DS,1
14953,BU,1
14953,BR,1
14953,FS,1
14957,RH,1
14957,FS,1
14958,DS,1
14958,BU,1
14958,BR,1
14958,FS,1
14958,XO,1
14958,SS,1
14958,RH,1
14959,BU,1
14959,FS,1
14959,XO,1
14959,RH,1
14959,DS,1
14959,SS,1
14959,BR,1
14963,JA,1
14963,DS,1
14963,BR,1
14964,BR,1
14964,RH,1
14964,FS,1
14964,FL,1
14965,BR,1
14965,BT,1
14965,RH,1
14965,FS,1
14965,FL,1
14966,DS,1
14967,DS,1
14968,DS,1
14969,DS,1
14970,DS,1
14970,XO,1
14970,BR,1
14970,FS,1
14971,FS,1
14971,XO,1
14971,DS,1
14971,BR,1
14974,JA,1
14975,FS,1
14976,BR,1
14976,FS,1
14977,BR,1
14977,SS,1
14980,DS,1
14980,FS,1
14981,RH,1
14981,DS,1
14981,FS,1
14982,RH,1
14982,DS,1
14982,BR,1
14982,BT,1
14982,KS,1
14982,FS,1
14986,FS,1
14986,DS,1
14987,XO,1
14987,DS,1
14987,SS,1
14987,FS,1
14990,CT,1
14991,RH,1
14991,CT,1
14992,BR,1
14992,DS,1
14992,JA,1
14992,RH,1
14992,CT,1
14997,DS,1
14997,JA,1
14998,JA,1
14998,BU,1
14998,DS,1
15001,FS,1
15002,FS,1
15002,SS,1
15002,KS,1
15003,SS,1
15003,FS,1
15003,KS,1
15003,BR,1
15004,SS,1
15004,KS,1
15004,BR,1
15004,FS,1
15007,XO,1
15009,XO,1
15009,BU,1
15012,RH,1
15013,BU,1
15013,BR,1
15013,RH,1
15013,JA,1
15014,BR,1
15014,RH,1
15014,BU,1
15014,JA,1
15017,FS,1
15018,FS,1
15018,DS,1
15019,BR,1
15019,DS,1
15019,FS,1
15019,XO,1
15022,MA,1
15022,DS,1
15023,MA,1
15023,DS,1
15024,DS,1
15024,MA,1
15025,DS,1
15028,BR,1
15029,BR,1
15030,FS,1
15030,BR,1
15031,FS,1
15031,SS,1
15031,BR,1
15034,RH,1
15035,RH,1
15035,DS,1
15036,DS,1
15036,RH,1
15036,BR,1
15040,DS,1
15041,DS,1
15041,XO,1
15042,DS,1
15044,DS,1
15044,FS,1
15045,FS,1
15045,DS,1
15046,BR,1
15046,FS,1
15047,SS,1
15047,BU,1
15047,XO,1
15047,FS,1
15047,DS,1
15047,BR,1
15051,FS,1
15052,BR,1
15052,FS,1
15052,BT,1
15056,HS,1
15057,HS,1
15058,HS,1
15062,DS,1
15062,FS,1
15063,JA,1
15063,DS,1
15063,FS,1
15064,FS,1
15064,DS,1
15067,FS,1
15068,FS,1
15069,FS,1
15074,FS,1
15075,FS,1
15078,FS,1
15079,FS,1
15080,FS,1
15080,KS,1
15080,BR,1
15080,XO,1
15081,FS,1
15081,XO,1
15081,DS,1
15081,BR,1
15084,DS,1
15085,FS,1
15086,KS,1
15096,XO,1
15097,SS,1
15097,DS,1
15097,FS,1
15101,SS,1
15101,DS,1
15101,XO,1
15101,BR,1
15101,JA,1
15101,FS,1
15102,DS,1
15102,BR,1
15102,XO,1
15102,JA,1
15102,FS,1
15102,BU,1
15102,SS,1
15103,XM,1
15103,JA,1
15103,BR,1
15103,FS,1
15103,BU,1
15103,KS,1
15103,SS,1
15103,XO,1
15103,DS,1
15105,XO,1
15106,XO,1
15107,XO,1
15108,FS,1
15108,SS,1
15108,XO,1
15112,JA,1
15113,FS,1
15113,KS,1
15116,FS,1
15117,FS,1
15118,FS,1
15118,BR,1
15121,MA,1
15122,FS,1
15122,MA,1
15123,FS,1
15123,BT,1
15123,MA,1
15123,BR,1
15126,FS,1
15126,DS,1
15127,BR,1
15127,FS,1
15127,KS,1
15128,KS,1
15128,XO,1
15128,BR,1
15128,SS,1
15128,FS,1
15132,JA,1
15133,DS,1
15136,RH,1
15137,RH,1
15138,BR,1
15138,RH,1
15138,DS,1
15139,RH,1
15139,DS,1
15139,BR,1
15139,FS,1
15143,JA,1
15144,RH,1
15144,DS,1
15145,RH,1
15145,DS,1
15145,XO,1
15148,FS,1
15149,FS,1
15150,FS,1
15151,FS,1
15151,SS,1
15155,BR,1
15156,BR,1
15157,KS,1
15157,BR,1
15160,FS,1
15161,FS,1
15162,FS,1
15163,SS,1
15163,XO,1
15167,JA,1
15168,FS,1
15168,BR,1
15169,RS,1
15172,XO,1
15172,FS,1
15172,SS,1
15173,SS,1
15173,FS,1
15173,XO,1
15174,FS,1
15174,XO,1
15174,SS,1
15178,BR,1
15179,BR,1
15179,BU,1
15180,BU,1
15183,FS,1
15183,DS,1
15184,FS,1
15184,BR,1
15184,DS,1
15185,KS,1
15185,DS,1
15185,BR,1
15185,FS,1
15186,BR,1
15186,FS,1
15190,DS,1
15191,DS,1
15191,XO,1
15191,BU,1
15195,FS,1
15196,BT,1
15196,FS,1
15196,BR,1
15197,BR,1
15197,FS,1
15197,BT,1
15201,XO,1
15201,BU,1
15202,XO,1
15202,BU,1
15202,JA,1
15202,DS,1
15206,XO,1
15207,FS,1
15207,XO,1
15208,HS,1
15208,XO,1
15212,FS,1
15213,FS,1
15213,BR,1
15216,XO,1
15217,XO,1
15218,XO,1
15219,XO,1
15220,XO,1
15224,JA,1
15225,BU,1
15225,JA,1
15226,FS,1
15228,XO,1
15229,XO,1
15230,XO,1
15231,DS,1
15231,SS,1
15231,FS,1
15231,XO,1
15236,BR,1
15236,FS,1
15237,KS,1
15240,RH,1
15241,BU,1
15241,RH,1
15242,SS,1
15242,XO,1
15242,FS,1
15242,RH,1
15246,XO,1
15247,JA,1
15247,XO,1
15247,DS,1
15252,BR,1
15253,DS,1
15253,BR,1
15253,KS,1
15253,FS,1
15254,DS,1
15254,SS,1
15254,KS,1
15254,BR,1
15254,FS,1
15254,BT,1
15257,KS,1
15258,KS,1
15259,KS,1
15260,SS,1
15260,KS,1
15264,BR,1
15265,BR,1
15270,DS,1
15271,DS,1
15274,BT,1
15275,BT,1
15276,BT,1
15277,FS,1
15277,BU,1
15277,BT,1
15282,DS,1
15286,BR,1
15286,FS,1
15286,XO,1
15286,SS,1
15287,BU,1
15288,DS,1
15288,XO,1
15292,FS,1
15293,FS,1
15293,XO,1
15296,BR,1
15297,BR,1
15298,BR,1
15298,XO,1
15299,BR,1
15299,XO,1
15299,SS,1
15299,FS,1
15307,FS,1
15308,XO,1
15309,XO,1
15309,BR,1
15309,FS,1
15309,SS,1
15313,BU,1
15313,BR,1
15314,BR,1
15314,BU,1
15317,FS,1
15318,FS,1
15319,DS,1
15319,XO,1
15319,SS,1
15319,FS,1
15320,XO,1
15320,FS,1
15320,DS,1
15320,SS,1
15324,FS,1
15324,XO,1
15325,XO,1
15325,FS,1
15325,BU,1
15328,FS,1
15329,FS,1
15330,FS,1
15331,FS,1
15334,XO,1
15335,XO,1
15336,XO,1
15339,BR,1
15340,BR,1
15341,DS,1
15341,BR,1
15342,BR,1
15342,DS,1
15342,FS,1
15342,KS,1
15345,XO,1
15346,XO,1
15347,XO,1
15347,DS,1
15353,BU,1
15354,BU,1
15354,DS,1
15359,DS,1
15359,BU,1
15360,KS,1
15360,BU,1
15360,XO,1
15360,BR,1
15360,BT,1
15360,FS,1
15364,BR,1
15364,XO,1
15364,FS,1
15365,XO,1
15365,BU,1
15368,FS,1
15369,FS,1
15369,DS,1
15370,BR,1
15370,XO,1
15370,FS,1
15376,XO,1
15376,BT,1
15376,SS,1
15376,BR,1
15376,FS,1
15380,FS,1
15381,SS,1
15381,BU,1
15381,JA,1
15381,FS,1
15381,XO,1
15381,BR,1
15384,FS,1
15385,FS,1
15386,DS,1
15386,FS,1
15389,XO,1
15390,FS,1
15390,XO,1
15391,FS,1
15391,BR,1
15391,XO,1
15395,BR,1
15396,DS,1
15396,BR,1
15397,KS,1
15397,BU,1
15397,BR,1
15402,XO,1
15408,DS,1
15412,FS,1
15413,BU,1
15413,XO,1
15413,FS,1
15417,KS,1
15417,DS,1
15418,DS,1
15418,KS,1
15418,FS,1
15420,XO,1
15421,XO,1
15422,SS,1
15422,XO,1
15423,XO,1
15423,BR,1
15423,FS,1
15423,SS,1
15426,FS,1
15428,BU,1
15428,KS,1
15428,SS,1
15428,FS,1
15428,XO,1
15428,BR,1
15428,DS,1
15430,FS,1
15431,FS,1
15433,BU,1
15433,XO,1
15433,FS,1
15433,BR,1
15444,XO,1
15444,BR,1
15486,FS,1
15486,BU,1
15486,BT,1
15486,XO,1
15486,SS,1
15486,BR,1
15536,XO,1
15536,SS,1
15536,FS,1
15536,BR,1
15536,BU,1
15547,BR,1
15548,FS,1
15548,BR,1
15548,XO,1
15549,FS,1
15549,BR,1
15549,XO,1
15565,XO,1
15566,XO,1
15566,BR,1
15582,JA,1
15582,JU,1
15582,DS,1
15582,XO,1
15583,DS,1
15583,XO,1
15583,BR,1
15584,BR,1
15584,XO,1
15584,DS,1
15585,FS,1
15585,XO,1
15585,SS,1
15585,DS,1
15585,BR,1
15591,BR,1
15591,FS,1
15591,XO,1
15591,BT,1
15591,BU,1
15598,BR,1
15667,JA,1
15667,XO,1
15668,XO,1
15668,BR,1
15670,BR,1
15681,MA,1
15687,FS,1
15695,XO,1
15758,BU,1
15856,BU,1
16010,BR,1
16569,XO,1
16570,BR,1
16570,FS,1
16570,XO,1
16573,XM,1
16573,DS,1
16574,JU,1
16574,XM,1
16575,XO,1
16575,XM,1
16575,BR,1
16578,RH,1
16579,FS,1
16579,XO,1
16579,RH,1
16580,BR,1
16580,XO,1
16580,BU,1
16580,FS,1
16580,RH,1
16584,RH,1
16585,DR,1
16585,FS,1
16585,RH,1
16585,XO,1
16588,DT,1
16588,DS,1
16589,DS,1
16589,XO,1
16590,BR,1
16590,FS,1
16590,XO,1
16593,JU,1
16593,DR,1
16594,DR,1
16594,DT,1
16595,XO,1
16595,JA,1
16595,BR,1
16595,FS,1
16598,JU,1
16599,RH,1
16599,DT,1
16599,BR,1
16599,XO,1
16600,FS,1
16600,BR,1
16600,XO,1
16600,RH,1
16600,DT,1
16604,XM,1
16604,JU,1
16605,XO,1
16605,XM,1
16605,FS,1
16605,JU,1
16608,RH,1
16609,RH,1
16610,BU,1
16610,JU,1
16610,XO,1
16614,DS,1
16614,DT,1
16614,JU,1
16615,DS,1
16615,BT,1
16615,DR,1
16615,BR,1
16615,FL,1
16619,BR,1
16620,BR,1
16620,RH,1
16625,DS,1
16625,RH,1
16629,FS,1
16630,BR,1
16630,FS,1
16630,RH,1
16630,BU,1
16630,XO,1
16633,JA,1
16635,BR,1
16635,XO,1
16638,DT,1
16638,JU,1
16639,BR,1
16639,JA,1
16639,FS,1
16639,BU,1
16639,XO,1
16640,BR,1
16640,BT,1
16640,JA,1
16640,FS,1
16640,DS,1
16640,XO,1
16643,RH,1
16644,XO,1
16644,RH,1
16644,DT,1
16644,BR,1
16645,BR,1
16645,DT,1
16645,FS,1
16645,SS,1
16645,RH,1
16645,BU,1
16649,XO,1
16650,RH,1
16650,XO,1
16654,JA,1
16655,JA,1
16655,BR,1
16658,DS,1
16659,DR,1
16659,XO,1
16659,DS,1
16660,BR,1
16660,FS,1
16660,BU,1
16660,DS,1
16660,XO,1
16662,RH,1
16663,FS,1
16663,BR,1
16663,RH,1
16663,XO,1
16664,FS,1
16664,RH,1
16664,BR,1
16664,XO,1
16664,DS,1
16665,SS,1
16665,FS,1
16665,RH,1
16665,BR,1
16665,XO,1
16669,FS,1
16669,XM,1
16670,FS,1
16670,XM,1
16670,BR,1
16670,BU,1
16670,DS,1
16673,JU,1
16674,JU,1
16674,BR,1
16674,FS,1
16675,JU,1
16675,FS,1
16675,BR,1
16678,JA,1
16680,DS,1
16680,RH,1
16683,XO,1
16684,DS,1
16684,JA,1
16684,JU,1
16684,XO,1
16685,DS,1
16685,JA,1
16685,XO,1
16688,XO,1
16688,DT,1
16689,JU,1
16689,DT,1
16689,XO,1
16690,XO,1
16690,DT,1
16690,BR,1
16690,RH,1
16693,DT,1
16693,JU,1
16694,JU,1
16695,FS,1
16695,FL,1
16695,JA,1
16695,DS,1
16695,BR,1
16695,RH,1
16695,DR,1
16698,JU,1
16699,JA,1
16699,BR,1
16699,JU,1
16700,BR,1
16703,XO,1
16703,DR,1
16703,BR,1
16703,JA,1
16704,SS,1
16704,DR,1
16704,XO,1
16704,BR,1
16704,DS,1
16704,FS,1
16705,JU,1
16705,XO,1
16705,JA,1
16705,DS,1
16705,FS,1
16708,DT,1
16708,JU,1
16709,XO,1
16709,BR,1
16709,RH,1
16709,DS,1
16709,JU,1
16709,JA,1
16710,JU,1
16710,BR,1
16710,DS,1
16710,JA,1
16710,BU,1
16710,XO,1
16710,RH,1
16713,FS,1
16713,DS,1
16714,BR,1
16714,DS,1
16714,FS,1
16714,XO,1
16715,BU,1
16715,XO,1
16715,SS,1
16715,DT,1
16715,DS,1
16715,FS,1
16715,BR,1
16718,XO,1
16718,DT,1
16719,DR,1
16719,BR,1
16719,JU,1
16719,XO,1
16720,JU,1
16720,XO,1
16720,BR,1
16720,FS,1
16724,JA,1
16724,JU,1
16725,JU,1
16725,BU,1
16725,JA,1
16725,DR,1
16728,FS,1
16729,XO,1
16729,DS,1
16729,JU,1
16729,FS,1
16730,DS,1
16730,RH,1
16730,FS,1
16730,JU,1
16730,XO,1
16730,BU,1
16730,BR,1
16732,XO,1
16733,XO,1
16733,FS,1
16734,RH,1
16734,DS,1
16734,FS,1
16734,XO,1
16735,BR,1
16735,RH,1
16735,DT,1
16735,SS,1
16735,XO,1
16735,FS,1
16738,DR,1
16739,FS,1
16739,DR,1
16739,XO,1
16740,DS,1
16740,FS,1
16740,XO,1
16743,DT,1
16743,XO,1
16744,XO,1
16744,JU,1
16745,XO,1
16745,JU,1
16745,DS,1
16745,JA,1
16748,JU,1
16748,DT,1
16749,JU,1
16749,BR,1
16749,RH,1
16749,BU,1
16750,FS,1
16750,JU,1
16750,RH,1
16750,BU,1
16750,BR,1
16750,XO,1
16750,DT,1
16754,DR,1
16754,JU,1
16755,DS,1
16755,JU,1
16755,XO,1
16755,BU,1
16755,FS,1
16755,DR,1
16759,JU,1
16759,DR,1
16760,FS,1
16760,BU,1
16760,JU,1
16760,DS,1
16764,RH,1
16764,JA,1
16765,DT,1
16765,RH,1
16765,FS,1
16765,JU,1
16769,DS,1
16769,XO,1
16769,FS,1
16769,JU,1
16769,DR,1
16770,JU,1
16770,RH,1
16770,BR,1
16770,JA,1
16770,XO,1
16770,DS,1
16770,FS,1
16774,DR,1
16774,RH,1
16774,DS,1
16774,JA,1
16775,FS,1
16775,BU,1
16775,BR,1
16775,RH,1
16775,DR,1
16775,XO,1
16780,DS,1
16780,FS,1
16783,XO,1
16783,DT,1
16784,JU,1
16784,FS,1
16785,BR,1
16785,FS,1
16785,DR,1
16788,JA,1
16789,BR,1
16789,JA,1
16789,XO,1
16789,JU,1
16789,FS,1
16790,BT,1
16790,BR,1
16790,XO,1
16790,FS,1
16790,DT,1
16790,JU,1
16794,RH,1
16795,RH,1
16795,DT,1
16795,XO,1
16799,JU,1
16800,JU,1
16800,RH,1
16800,BU,1
16800,XO,1
17414,FS,1
17414,BU,1
17414,BR,1
17414,SS,1
17414,XO,1
17415,FS,1
17415,BU,1
17415,DS,1
17415,SS,1
17415,XO,1
17415,BR,1
17416,FS,1
17416,BR,1
17416,SS,1
17416,XO,1
17417,BR,1
17417,FS,1
17417,XO,1
17420,XO,1
17420,BR,1
17421,BR,1
17421,FS,1
17421,SS,1
17421,XO,1
17422,SS,1
17422,XO,1
17422,FS,1
17422,BR,1
17423,SS,1
17423,FS,1
17423,BR,1
17423,XO,1
17423,DS,1
17425,XO,1
17426,BR,1
17426,XO,1
17426,SS,1
17426,FS,1
17427,FS,1
17427,SS,1
17427,XO,1
17427,BR,1
17428,FS,1
17428,BU,1
17428,SS,1
17428,BR,1
17428,XO,1
17428,KS,1
17430,FS,1
17430,XO,1
17431,SS,1
17431,XO,1
17431,FS,1
17432,SS,1
17432,FS,1
17432,XO,1
17433,SS,1
17433,XO,1
17433,FS,1
17435,FS,1
17435,XO,1
17435,BR,1
17436,BR,1
17436,FS,1
17436,XO,1
17437,SS,1
17437,BR,1
17437,FS,1
17437,XO,1
17438,BR,1
17438,FS,1
17438,XO,1
17440,XO,1
17440,RH,1
17440,JA,1
17440,BR,1
17441,XO,1
17441,RH,1
17441,FS,1
17441,JA,1
17441,BR,1
17442,FS,1
17442,RH,1
17442,BR,1
17443,RH,1
17447,JA,1
17448,FS,1
17448,BR,1
17449,FS,1
17449,BT,1
17449,BR,1
17451,DS,1
17452,BR,1
17453,FS,1
17453,BU,1
17453,BR,1
17453,SS,1
17453,XO,1
17454,FS,1
17454,SS,1
17454,BR,1
17454,XO,1
17454,BU,1
17458,DS,1
17458,BR,1
17458,FS,1
17458,XO,1
17459,DS,1
17459,BR,1
17459,XO,1
17459,FS,1
17460,BR,1
17460,FS,1
17460,SS,1
17460,XO,1
17460,DS,1
17462,XO,1
17462,FS,1
17462,BU,1
17462,BR,1
17463,FS,1
17463,XO,1
17463,BR,1
17464,FS,1
17464,XO,1
17464,BR,1
17465,BR,1
17469,XM,1
17470,XM,1
17470,FS,1
17470,BR,1
17470,XO,1
17471,FS,1
17471,BR,1
17471,SS,1
17471,DS,1
17471,XM,1
17471,XO,1
17472,DS,1
17472,FS,1
17473,SS,1
17473,BR,1
17473,FS,1
17473,XO,1
17473,DS,1
17474,DS,1
17479,FS,1
17479,XM,1
17479,XO,1
17479,DS,1
17480,RH,1
17480,FS,1
17480,SS,1
17480,BR,1
17480,XM,1
17481,XM,1
17481,RH,1
17481,XO,1
17481,FS,1
17481,SS,1
17483,BR,1
17483,FS,1
17483,SS,1
17483,XO,1
17483,BT,1
17484,FS,1
17484,BT,1
17484,XO,1
17484,SS,1
17484,BR,1
17485,BR,1
17485,FS,1
17485,BT,1
17485,XO,1
17486,BR,1
17486,BT,1
17489,JA,1
17489,FS,1
17489,XO,1
17490,BR,1
17490,FS,1
17490,DS,1
17490,XO,1
17491,BR,1
17491,SS,1
17491,FS,1
17491,DS,1
17491,XO,1
17491,JA,1
17492,XO,1
17492,FS,1
17492,BU,1
17492,BR,1
17492,SS,1
17493,BR,1
17493,XO,1
17493,BU,1
17493,FS,1
17494,XO,1
17494,FS,1
17494,SS,1
17494,BR,1
17495,FS,1
17495,BR,1
17495,SS,1
17495,XO,1
17496,SS,1
17496,FS,1
17496,XO,1
17496,BR,1
17499,XO,1
17500,BR,1
17500,XO,1
17501,JA,1
17501,XO,1
17501,BR,1
17502,FS,1
17502,BU,1
17502,BR,1
17502,XO,1
17502,JA,1
17504,FS,1
17504,XO,1
17504,BR,1
17505,BR,1
17505,FS,1
17505,XO,1
17506,XO,1
17506,BR,1
17506,FS,1
17507,BR,1
17507,XO,1
17507,FS,1
17507,SS,1
17509,BR,1
17509,FS,1
17509,SS,1
17509,XO,1
17509,DS,1
17510,XO,1
17510,FS,1
17510,BR,1
17511,JA,1
17511,FS,1
17511,XO,1
17515,FS,1
17515,XO,1
17516,XO,1
17516,FS,1
17516,SS,1
17517,BR,1
17517,FS,1
17517,XO,1
17517,SS,1
17517,RS,1
17518,FS,1
17518,BU,1
17518,BR,1
17518,SS,1
17518,XO,1
17518,RS,1
17519,BR,1
17519,FS,1
17519,XO,1
17523,XO,1
17525,MA,1
17525,XO,1
17525,BU,1
17525,FS,1
17526,BR,1
17526,FS,1
17526,XO,1
17526,RH,1
17526,BU,1
17529,RH,1
17530,MA,1
17530,DS,1
17530,XO,1
17531,MA,1
17531,XM,1
17531,FS,1
17531,XO,1
17535,XO,1
17535,DS,1
17536,XO,1
17537,FS,1
17537,BR,1
17538,FS,1
17538,BR,1
17540,XM,1
17541,DR,1
17542,XM,1
17542,XO,1
17543,XO,1
17543,XM,1
17543,BU,1
17544,BR,1
17544,FS,1
17544,SJ,1
17545,XO,1
17545,BR,1
17545,FS,1
17547,FS,1
17547,DT,1
17547,XO,1
17547,DS,1
17548,XO,1
17548,FS,1
17548,SS,1
17548,BR,1
17553,XO,1
17554,XO,1
17554,MA,1
17554,DT,1
17555,BU,1
17555,XO,1
17563,XO,1
17564,SJ,1
17564,XO,1
17564,DT,1
17567,DS,1
17568,DS,1
17569,XO,1
17569,FS,1
17569,BU,1
17569,DS,1
17574,MA,1
17574,DS,1
17577,XO,1
17578,DT,1
17578,XO,1
17578,DS,1
17579,FL,1
17579,XO,1
17579,DS,1
17579,BU,1
17579,FS,1
17580,DT,1
17580,FS,1
17584,JA,1
17584,XO,1
17584,DS,1
17585,XO,1
17585,FS,1
17585,BR,1
17587,JA,1
17588,RH,1
17588,XO,1
17589,FS,1
17589,RH,1
17589,BU,1
17589,XO,1
17590,FS,1
17590,BR,1
17594,FS,1
17594,XO,1
17595,DS,1
17595,BR,1
17595,HS,1
17595,FS,1
17600,XO,1
17600,DS,1
17600,FS,1
17605,FS,1
17605,DS,1
17605,XO,1
17605,MA,1
17608,FS,1
17608,XO,1
17609,XO,1
17609,FS,1
17610,BU,1
17610,FS,1
17610,BR,1
17610,XO,1
17614,DS,1
17614,XO,1
17615,DS,1
17615,FS,1
17615,XO,1
17615,SS,1
17620,FL,1
17620,RH,1
17620,FS,1
17620,BU,1
17623,XO,1
17624,JA,1
17624,BR,1
17624,XO,1
17625,BU,1
17625,XO,1
17625,FS,1
17629,XO,1
17630,FS,1
17630,XO,1
17634,RH,1
17635,BR,1
17635,BU,1
17635,FS,1
17635,XO,1
17638,RH,1
17640,DS,1
17640,FS,1
17645,XO,1
17645,FS,1
17645,BR,1
17649,XO,1
17650,XO,1
17650,FS,1
17650,BR,1
17650,RH,1
17654,FS,1
17655,BR,1
17655,XO,1
17655,SS,1
17655,FS,1
17655,BU,1
17660,FS,1
17660,BU,1
17660,BR,1
17664,XO,1
17665,FS,1
17665,XO,1
17665,BR,1
17669,DS,1
17670,DS,1
17670,XO,1
17670,KS,1
17670,FS,1
17674,FS,1
17674,XO,1
17675,XO,1
17675,FS,1
17675,BR,1
17680,BU,1
17680,BR,1
17680,FS,1
17683,FS,1
17684,DS,1
17684,XO,1
17685,BU,1
17685,FS,1
17685,XO,1
17688,XO,1
17690,BU,1
17690,SS,1
17690,KS,1
17690,XO,1
17690,FS,1
17694,FS,1
17694,XO,1
17694,SJ,1
17695,FS,1
17695,BR,1
17695,XO,1
17698,XO,1
17699,XO,1
17699,DS,1
17699,FS,1
17700,BR,1
17700,XO,1
17700,FS,1
17700,BU,1
17705,BU,1
17705,XO,1
17705,BR,1
17705,FS,1
17710,SJ,1
17710,XO,1
17710,DT,1
17712,FS,1
17712,XO,1
17713,FS,1
17713,DS,1
17713,XO,1
17714,XO,1
17714,BR,1
17714,SS,1
17714,FS,1
17716,XO,1
17717,BU,1
17717,FL,1
17717,XO,1
17718,XO,1
17718,FL,1
17718,FS,1
17718,BT,1
17718,BU,1
17719,XO,1
17719,FS,1
17720,BR,1
17720,XO,1
17720,FS,1
17721,FS,1
17721,XO,1
17721,BR,1
17722,FS,1
17722,BR,1
17722,XO,1
17724,FS,1
17724,JA,1
17724,XO,1
17725,BR,1
17725,XO,1
17725,FS,1
17726,DR,1
17726,BU,1
17726,XO,1
17726,FS,1
17728,XO,1
17729,XO,1
17729,BR,1
17729,FS,1
17730,FS,1
17730,BR,1
17730,SJ,1
17732,BT,1
17732,XO,1
17732,BR,1
17732,FS,1
17733,BR,1
17733,BU,1
17733,XO,1
17733,FS,1
17734,FS,1
17734,BU,1
17734,BR,1
17734,XO,1
17735,XO,1
17736,JA,1
17736,DS,1
17737,BR,1
17737,XO,1
17737,SS,1
17737,FS,1
17738,SS,1
17738,FS,1
17738,XO,1
17740,BR,1
17740,XO,1
17740,FS,1
17741,XO,1
17741,BR,1
17741,FS,1
17742,BR,1
17742,FS,1
17742,BT,1
17745,DT,1
17745,XO,1
17746,FS,1
17746,BR,1
17746,XO,1
17746,SS,1
17747,FS,1
17747,XO,1
17748,FS,1
17748,XO,1
17749,FS,1
17749,XO,1
17749,BR,1
17750,BU,1
17750,BT,1
17750,DT,1
17750,BR,1
17750,FS,1
17752,XO,1
17753,XO,1
17753,DS,1
17753,BT,1
17753,FS,1
17753,BR,1
17754,XO,1
17754,FS,1
17754,BT,1
17754,FL,1
17754,BR,1
17754,BU,1
17756,XO,1
17756,FS,1
17757,BR,1
17757,XO,1
17757,FS,1
17758,DS,1
17758,XO,1
17758,FS,1
17758,BR,1
17760,XO,1
17761,XO,1
17761,FS,1
17761,DT,1
17762,BR,1
17762,FS,1
17762,XO,1
17763,FS,1
17763,XO,1
17764,XO,1
17764,FS,1
17764,DT,1
17765,FS,1
17765,BR,1
17765,XO,1
17766,FS,1
17766,BR,1
17766,BU,1
17766,DS,1
17766,XO,1
17768,FS,1
17768,XO,1
17768,JA,1
17769,FS,1
17770,XO,1
17770,BR,1
17770,FS,1
17776,XO,1
17776,FS,1
17777,BR,1
17777,XO,1
17777,FS,1
17777,BT,1
17777,BU,1
17779,XO,1
17781,BT,1
17781,BR,1
17783,XO,1
17783,FS,1
17783,BR,1
17784,XO,1
17784,FS,1
17784,BR,1
17785,FS,1
17785,BR,1
17785,BT,1
17785,XO,1
17785,DR,1
17788,FS,1
17788,XO,1
17789,SS,1
17789,BR,1
17789,XO,1
17789,DS,1
17789,FS,1
17791,XO,1
17791,SJ,1
17791,DT,1
17792,BR,1
17792,FS,1
17793,SS,1
17793,XO,1
17793,FS,1
17793,BR,1
17793,DR,1
17796,JA,1
17796,XO,1
17796,SJ,1
17797,FS,1
17797,BR,1
17797,DS,1
17797,XO,1
17799,XO,1
17799,FS,1
17800,DT,1
17800,XO,1
17800,DS,1
17801,XO,1
17801,DT,1
17801,BR,1
17801,FS,1
17803,SJ,1
17803,XO,1
17804,XO,1
17805,FS,1
17805,BR,1
17805,RH,1
17805,BU,1
17808,DT,1
17809,XO,1
17809,FS,1
17809,SS,1
17812,XO,1
17813,BU,1
17813,BR,1
17813,FS,1
17815,XO,1
17815,FS,1
17817,BR,1
17817,XO,1
17817,FS,1
17817,FL,1
17821,BR,1
17821,FS,1
17821,BU,1
17821,XO,1
17824,DS,1
17824,DT,1
17825,SS,1
17825,XO,1
17825,DT,1
17825,FS,1
17825,RH,1
17829,XO,1
17829,BU,1
17829,RH,1
17829,BR,1
17829,FS,1
17833,BR,1
17833,DT,1
17833,FS,1
17833,BU,1
17833,SS,1
17833,XO,1
17837,DT,1
17837,BR,1
17837,XO,1
17837,FS,1
17841,FS,1
17841,XM,1
17841,XO,1
17844,SJ,1
17844,XO,1
17845,DS,1
17845,XO,1
17845,BR,1
17845,FS,1
17847,XO,1
17847,JA,1
17848,DS,1
17849,FS,1
17849,BR,1
17849,XO,1
17852,XO,1
17852,FS,1
17852,DS,1
17852,MA,1
17853,SS,1
17853,FS,1
17853,DS,1
17853,XO,1
17853,BR,1
17855,XO,1
17856,DS,1
17857,BR,1
17857,XO,1
17857,FS,1
17861,SS,1
17861,FS,1
17861,XO,1
17862,MA,1
17862,JA,1
17863,XO,1
17865,FS,1
17865,XO,1
17865,BR,1
17868,XO,1
17868,MA,1
17868,SJ,1
17869,BR,1
17869,FS,1
17874,XO,1
17874,BR,1
17874,FS,1
17878,JA,1
17878,BU,1
17878,XO,1
17878,RH,1
17881,JA,1
17882,BR,1
17882,FS,1
17885,XO,1
17885,RH,1
17886,FS,1
17886,BR,1
17890,XO,1
17890,FS,1
17890,RH,1
17892,XO,1
17894,FS,1
17894,JA,1
17894,BR,1
17894,XO,1
17898,DS,1
17898,DT,1
17898,SJ,1
17898,XO,1
17902,BU,1
17902,JA,1
17902,XO,1
17905,DS,1
17905,DT,1
17905,XO,1
17906,BR,1
17906,XO,1
17906,FS,1
17906,SS,1
17908,XO,1
17908,JA,1
17910,FS,1
17910,BU,1
17910,HS,1
17912,JA,1
17914,BR,1
17914,FS,1
17914,RH,1
17914,BU,1
17914,XO,1
17917,XO,1
17918,DS,1
17918,FS,1
17918,XO,1
17918,BR,1
17922,MA,1
17922,XO,1
17922,JA,1
17923,BU,1
17923,DS,1
17923,BR,1
17923,FS,1
17923,SS,1
17925,XO,1
17925,DS,1
17926,BR,1
17926,XO,1
17926,DS,1
17927,BU,1
17927,FS,1
17927,BR,1
17927,XO,1
17928,XO,1
17929,BR,1
17929,FS,1
17930,BR,1
17930,FS,1
17930,XO,1
17931,FS,1
17931,XO,1
17931,BR,1
17932,FS,1
17932,BR,1
17934,XO,1
17934,FS,1
17935,FS,1
17935,BR,1
17935,XO,1
17936,XO,1
17936,BR,1
17936,FS,1
17938,XO,1
17939,FS,1
17939,SJ,1
17939,XO,1
17940,XO,1
17940,FS,1
17940,BR,1
17943,RH,1
17943,FS,1
17943,XO,1
17944,XO,1
17944,BR,1
17944,BU,1
17944,RH,1
17944,DR,1
17944,FS,1
17946,BR,1
17946,XO,1
17946,FS,1
17948,XO,1
17948,BR,1
17948,FS,1
17950,DS,1
17950,XO,1
17952,DS,1
17952,FS,1
17952,BT,1
17952,BR,1
17954,XO,1
17955,FS,1
17955,XO,1
17956,XO,1
17956,BR,1
17956,FS,1
17958,BR,1
17959,BR,1
17959,FS,1
17959,XO,1
17960,FS,1
17960,BR,1
17961,XO,1
17962,XO,1
17962,FS,1
17963,FS,1
17963,BT,1
17963,XO,1
17963,SS,1
17963,BR,1
17964,FS,1
17964,BR,1
17966,DS,1
17966,BR,1
17966,FS,1
17967,SS,1
17967,FS,1
17967,XO,1
17968,FS,1
17968,SS,1
17968,BR,1
17968,HS,1
17970,DS,1
17970,XO,1
17971,FS,1
17971,XO,1
17971,DS,1
17972,FS,1
17972,XO,1
17972,BR,1
17975,BR,1
17975,XO,1
17975,FS,1
17976,BR,1
17976,XO,1
17976,FS,1
17979,JA,1
17980,XO,1
17980,BU,1
17981,JA,1
17982,BR,1
17982,FS,1
17982,XO,1
17983,DS,1
17984,XO,1
17984,BR,1
17984,BU,1
17984,FS,1
17986,FS,1
17986,RH,1
17987,FS,1
17988,SS,1
17988,XO,1
17988,BR,1
17988,FS,1
17990,DT,1
17990,XO,1
17991,XO,1
17991,FS,1
17991,BR,1
17992,FS,1
17992,XO,1
17992,BR,1
17995,XO,1
17995,BT,1
17996,XO,1
17996,BR,1
18000,FS,1
18000,BR,1
18001,XO,1
18001,DT,1
18001,RH,1
18002,RH,1
18002,BR,1
18002,XO,1
18003,BR,1
18003,FS,1
18004,RH,1
18004,BU,1
18004,FS,1
18004,BR,1
18004,XO,1
18007,XO,1
18008,XO,1
18008,SS,1
18008,BR,1
18008,FS,1
18009,BU,1
18009,XO,1
18009,FS,1
18009,BR,1
18010,XO,1
18011,BR,1
18011,FS,1
18011,XO,1
18012,BR,1
18012,FS,1
18012,XO,1
18013,BR,1
18013,FS,1
18013,JU,1
18014,XM,1
18015,RH,1
18015,XM,1
18016,XM,1
18016,BR,1
18016,RH,1
18017,XM,1
18017,BU,1
18017,BR,1
18017,RH,1
18019,BR,1
18019,FS,1
18020,BR,1
18020,XO,1
18020,FS,1
18021,SS,1
18021,FS,1
18021,BR,1
18021,XO,1
18022,XO,1
18022,SS,1
18022,FS,1
18022,BU,1
18022,DS,1
18022,BR,1
18022,BT,1
18023,RH,1
18024,XO,1
18025,BR,1
18025,FS,1
18026,FS,1
18026,BR,1
18026,XO,1
18028,XO,1
18028,BR,1
18028,FS,1
18028,JA,1
18029,BR,1
18029,FS,1
18029,XO,1
18030,FS,1
18030,BR,1
18030,SS,1
18030,XO,1
18032,XO,1
18032,RH,1
18033,FS,1
18033,SS,1
18034,FS,1
18034,BU,1
18034,BR,1
18034,DS,1
18036,XO,1
18036,FS,1
18037,BR,1
18037,SS,1
18037,XO,1
18037,FS,1
18038,BR,1
18038,XO,1
18038,FS,1
18042,XO,1
18042,DS,1
18043,BR,1
18043,XO,1
18043,FS,1
18043,BT,1
18047,XO,1
18047,SJ,1
18048,XO,1
18048,FS,1
18048,BR,1
18050,RH,1
18051,DS,1
18051,FS,1
18052,BR,1
18052,FS,1
18053,FS,1
18053,BU,1
18053,XO,1
18057,DS,1
18057,XO,1
18058,BR,1
18058,FS,1
18058,XO,1
18061,FS,1
18063,XO,1
18063,BU,1
18063,FS,1
18063,BR,1
18066,MA,1
18066,DT,1
18066,XO,1
18067,XO,1
18067,FS,1
18067,DS,1
18068,BU,1
18068,XO,1
18068,FS,1
18068,BR,1
18071,JA,1
18072,FS,1
18072,DS,1
18073,XO,1
18073,FS,1
18073,BU,1
18076,FS,1
18077,DS,1
18078,RH,1
18078,SS,1
18078,XO,1
18078,BR,1
18078,FS,1
18081,FS,1
18082,DS,1
18082,XO,1
18083,FS,1
18083,BR,1
18083,XO,1
18083,DS,1
18086,FS,1
18087,MA,1
18087,DS,1
18087,DT,1
18087,RH,1
18087,XO,1
18088,FS,1
18088,BU,1
18088,RH,1
18092,XO,1
18092,DS,1
18093,RH,1
18093,DS,1
18093,FS,1
18094,FS,1
18095,FS,1
18096,XM,1
18096,FS,1
18097,XO,1
18097,FS,1
18097,XM,1
18097,DT,1
18097,DS,1
18098,XO,1
18098,BR,1
18098,SS,1
18098,XM,1
18098,FS,1
18101,XO,1
18102,MA,1
18102,DT,1
18102,XO,1
18103,XO,1
18103,BU,1
18106,XO,1
18106,FS,1
18106,MA,1
18107,BR,1
18107,FS,1
18108,XO,1
18108,MA,1
18108,SS,1
18108,FS,1
18108,BR,1
18112,RH,1
18113,BR,1
18113,BU,1
18113,DS,1
18113,FS,1
18113,XO,1
18113,RH,1
18116,FS,1
18117,SS,1
18117,FS,1
18118,XO,1
18118,SS,1
18118,FS,1
18122,DS,1
18123,XO,1
18123,FS,1
18123,BR,1
18127,XO,1
18128,FS,1
18128,BR,1
18128,XO,1
18131,XO,1
18131,FS,1
18132,FS,1
18133,BR,1
18133,XO,1
18133,FS,1
18137,XO,1
18137,RH,1
18137,BR,1
18137,DS,1
18137,FS,1
18138,FS,1
18138,RH,1
18138,BR,1
18141,DS,1
18141,XO,1
18141,FS,1
18142,MA,1
18142,BR,1
18143,MA,1
18143,BR,1
18143,BU,1
18143,FS,1
18146,XO,1
18147,DT,1
18147,DS,1
18147,XO,1
18148,BU,1
18148,XO,1
18148,DS,1
18148,FS,1
18148,FL,1
18153,FS,1
18153,BR,1
18157,FS,1
18157,SS,1
18158,RH,1
18158,BR,1
18158,BU,1
18158,FS,1
18162,XO,1
18163,XO,1
18163,FS,1
18163,SS,1
18163,BR,1
18166,JA,1
18167,RH,1
18167,XO,1
18168,BU,1
18168,FS,1
18168,XO,1
18168,RH,1
18171,FS,1
18171,XO,1
18173,DS,1
18173,XO,1
18173,FS,1
18176,RH,1
18177,XO,1
18178,XO,1
18178,FS,1
18180,XO,1
18181,XO,1
18182,FS,1
18182,XO,1
18186,FS,1
18186,MA,1
18187,BU,1
18187,RH,1
18188,XO,1
18188,BR,1
18188,BU,1
18188,RH,1
18188,FS,1
18189,FS,1
18190,FS,1
18190,BR,1
18190,BU,1
18190,RH,1
18191,FS,1
18191,XO,1
18192,BR,1
18192,FS,1
18192,XO,1
18193,XO,1
18193,FS,1
18194,FS,1
18194,XO,1
18195,FS,1
18195,DT,1
18195,XO,1
18196,SS,1
18196,XO,1
18196,BR,1
18196,FS,1
18200,BT,1
18200,BR,1
18200,FS,1
18200,BU,1
18200,XO,1
18201,BU,1
18201,BR,1
18201,XO,1
18201,FS,1
18202,XO,1
18202,DS,1
18202,FS,1
18203,FS,1
18203,BR,1
18203,XO,1
18203,DS,1
18204,FS,1
18205,XO,1
18205,SS,1
18205,BR,1
18205,FS,1
18206,BR,1
18206,BT,1
18206,FS,1
18207,XO,1
18207,BU,1
18207,FS,1
18207,BR,1
18208,SJ,1
18209,FS,1
18209,BR,1
18210,XO,1
18210,JA,1
18211,BU,1
18211,XO,1
18211,SS,1
18211,FS,1
18211,BR,1
18212,DS,1
18213,BR,1
18213,DS,1
18213,FS,1
18214,DT,1
18214,XO,1
18214,FS,1
18215,BR,1
18215,XO,1
18215,FS,1
18216,SJ,1
18216,XO,1
18216,FS,1
18217,DS,1
18217,BR,1
18217,FS,1
18218,DS,1
18218,SJ,1
18218,FS,1
18219,BR,1
18220,FS,1
18220,BR,1
18220,XO,1
18221,XO,1
18221,FS,1
18222,FS,1
18222,BR,1
18225,XM,1
18225,JA,1
18226,FS,1
18226,BR,1
18226,XM,1
18226,XO,1
18228,FS,1
18228,XO,1
18229,XO,1
18229,DS,1
18229,FS,1
18230,DS,1
18230,FS,1
18230,XO,1
18230,SS,1
18230,BR,1
18232,XO,1
18232,RH,1
18233,RH,1
18233,XO,1
18233,BR,1
18234,FS,1
18234,RH,1
18234,BU,1
18234,BR,1
18237,XO,1
18237,FS,1
18238,FS,1
18238,BU,1
18238,DS,1
18238,SS,1
18238,BR,1
18240,XO,1
18242,BT,1
18242,FS,1
18242,BR,1
18244,SJ,1
18245,XO,1
18245,DS,1
18246,FS,1
18246,XO,1
18246,BR,1
18246,RH,1
18248,FS,1
18249,XO,1
18249,FS,1
18249,BR,1
18250,BR,1
18250,BT,1
18250,BU,1
18250,FS,1
18253,XO,1
18254,XO,1
18254,FS,1
18254,BR,1
18255,DS,1
18256,XO,1
18256,BT,1
18256,DS,1
18256,FS,1
18258,DS,1
18258,BR,1
18258,XO,1
18258,FS,1
18261,BR,1
18261,XO,1
18262,XO,1
18262,FS,1
18262,BU,1
18262,HS,1
18262,BR,1
18264,XO,1
18264,FS,1
18265,FS,1
18266,FS,1
18266,DS,1
18266,BR,1
18266,DR,1
18266,XO,1
18267,RH,1
18267,XO,1
18268,XO,1
18268,RH,1
18269,FS,1
18269,BR,1
18270,BR,1
18270,FS,1
18270,BU,1
18273,FS,1
18273,XO,1
18274,FS,1
18274,BR,1
18274,DS,1
18274,XO,1
18276,XO,1
18277,FS,1
18277,XO,1
18277,JA,1
18278,BT,1
18278,XO,1
18278,FS,1
18278,DT,1
18282,XO,1
18282,RH,1
18282,FS,1
18282,BR,1
18284,RH,1
18285,XO,1
18285,JA,1
18285,RH,1
18286,FS,1
18286,BR,1
18286,JA,1
18286,XO,1
18288,XO,1
18289,BT,1
18289,XO,1
18289,DS,1
18289,FS,1
18290,FS,1
18290,DS,1
18290,BR,1
18290,XO,1
18291,DS,1
18292,MA,1
18293,FS,1
18293,XO,1
18294,BR,1
18294,FS,1
18294,XO,1
18295,XO,1
18296,XO,1
18297,FS,1
18297,XO,1
18298,BR,1
18298,XO,1
18298,DS,1
18298,FS,1
18299,XO,1
18301,JA,1
18301,XO,1
18302,XO,1
18302,BR,1
18302,FS,1
18304,JA,1
18304,XO,1
18304,FS,1
18305,FS,1
18305,XO,1
18306,BR,1
18306,FS,1
18308,RH,1
18310,BR,1
18310,FS,1
18311,XO,1
18313,XO,1
18314,XO,1
18314,FS,1
18314,SS,1
18320,DS,1
18320,XO,1
18321,XO,1
18321,DS,1
18321,FS,1
18322,BR,1
18322,XO,1
18322,FS,1
18322,DS,1
18324,XO,1
18325,XO,1
18325,FS,1
18326,DS,1
18326,XO,1
18326,FS,1
18326,RH,1
18326,BR,1
18327,XO,1
18327,DT,1
18328,FS,1
18330,BR,1
18330,FS,1
18330,XO,1
18331,JU,1
18331,XO,1
18332,FS,1
18333,BR,1
18333,FS,1
18334,SJ,1
18334,BR,1
18334,FS,1
18334,JA,1
18334,BU,1
18334,XO,1
18337,RH,1
18337,FS,1
18338,FS,1
18338,XO,1
18338,RH,1
18340,JA,1
18340,DS,1
18341,RH,1
18341,XO,1
18342,DT,1
18342,DS,1
18342,XO,1
18342,FS,1
18343,XO,1
18343,FS,1
18343,KS,1
18343,SS,1
18343,DS,1
18343,RH,1
18346,XO,1
18347,BR,1
18347,FS,1
18348,XO,1
18349,XO,1
18350,XO,1
18351,BR,1
18351,FS,1
18351,XO,1
18353,XO,1
18353,FS,1
18355,BR,1
18355,FS,1
18355,XO,1
18355,DS,1
18358,DS,1
18359,XO,1
18359,FS,1
18362,XO,1
18363,DT,1
18363,XO,1
18366,DT,1
18366,XO,1
18367,FS,1
18367,SJ,1
18367,XO,1
18370,XO,1
18370,DT,1
18371,DS,1
18371,FS,1
18373,RH,1
18373,DT,1
18373,XO,1
18375,BU,1
18375,FS,1
18375,DT,1
18377,FS,1
18377,XO,1
18378,FS,1
18378,DS,1
18378,SS,1
18378,XO,1
18379,XO,1
18379,MA,1
18379,FS,1
18379,FL,1
18379,SS,1
18379,BR,1
18379,BU,1
18379,DS,1
18379,KS,1
18382,XO,1
18383,SJ,1
18383,FS,1
18383,BR,1
18386,XO,1
18387,DS,1
18387,FS,1
18391,FS,1
18391,XO,1
18394,XO,1
18394,DS,1
18395,XO,1
18395,FS,1
18399,DT,1
18399,XO,1
18403,XO,1
18404,FS,1
18404,XO,1
18404,DS,1
18404,BR,1
18409,DS,1
18410,XO,1
18410,FS,1
18411,XO,1
18411,DS,1
18411,FS,1
18412,XO,1
18412,FS,1
18414,XO,1
18415,XO,1
18415,DT,1
18416,FS,1
18416,XO,1
18419,BR,1
18420,BR,1
18420,DS,1
18420,FS,1
18422,BT,1
18423,XO,1
18423,DS,1
18423,RH,1
18424,FS,1
18424,XO,1
18424,BR,1
18427,FS,1
18428,XO,1
18428,FS,1
18428,BU,1
18430,XO,1
18431,BT,1
18431,FS,1
18431,BR,1
18431,XO,1
18432,DS,1
18432,BU,1
18432,FS,1
18432,BR,1
18438,JA,1
18439,BT,1
18439,BR,1
18439,FS,1
18439,XO,1
18441,XO,1
18441,FS,1
18442,FS,1
18442,SJ,1
18443,DS,1
18443,FS,1
18443,XO,1
18443,BR,1
18446,XO,1
18446,RH,1
18447,FS,1
18447,XO,1
18447,RH,1
18449,XO,1
18450,XO,1
18451,BR,1
18451,DS,1
18451,FS,1
18451,BU,1
18454,FS,1
18454,XO,1
18455,DT,1
18455,FS,1
18456,DS,1
18456,XO,1
18457,DS,1
18457,XO,1
18457,FS,1
18458,XO,1
18458,SS,1
18458,FS,1
18459,FS,1
18459,BR,1
18461,XO,1
18461,JU,1
18462,BR,1
18463,BU,1
18463,FS,1
18463,BR,1
18463,DS,1
18466,FS,1
18466,DS,1
18467,DS,1
18467,FS,1
18468,MA,1
18469,FS,1
18470,BR,1
18471,BR,1
18471,XO,1
18471,BU,1
18471,FS,1
18475,XO,1
18476,XO,1
18476,FS,1
18476,BT,1
18476,BR,1
18476,SS,1
18480,BU,1
18480,XO,1
18480,FS,1
18480,BR,1
18482,XO,1
18483,XO,1
18484,XO,1
18484,FS,1
18484,BR,1
18484,SS,1
18485,XM,1
18486,FS,1
18486,XM,1
18487,XO,1
18487,FS,1
18487,XM,1
18488,XM,1
18488,FS,1
18488,BR,1
18488,XO,1
18490,XO,1
18490,FS,1
18491,XO,1
18492,FS,1
18492,BR,1
18492,XO,1
18493,BR,1
18493,FS,1
18493,XO,1
18493,BU,1
18497,XO,1
18498,XO,1
18498,XM,1
18500,XO,1
18501,XO,1
18502,BU,1
18502,XO,1
18502,BR,1
18502,FS,1
18506,XO,1
18507,XO,1
18507,BU,1
18510,DS,1
18510,XO,1
18510,FS,1
18511,FS,1
18511,XO,1
18511,DS,1
18512,FS,1
18513,SJ,1
18513,FS,1
18514,BR,1
18514,FS,1
18515,BU,1
18515,BR,1
18515,FS,1
18517,DR,1
18518,BU,1
18518,FS,1
18518,BR,1
18518,XO,1
18518,DS,1
18519,XO,1
18519,DS,1
18519,BR,1
18519,FS,1
18519,BU,1
18519,SS,1
18521,XO,1
18522,FS,1
18522,XO,1
18523,XO,1
18523,BR,1
18523,FS,1
18524,XM,1
18525,XM,1
18525,FS,1
18525,DS,1
18526,BR,1
18526,FS,1
18526,XM,1
18527,BU,1
18527,XM,1
18527,FS,1
18527,BR,1
18529,XO,1
18530,XO,1
18531,SS,1
18531,FS,1
18531,XO,1
18531,BR,1
18533,XO,1
18534,XO,1
18535,XO,1
18535,FS,1
18539,JA,1
18539,XO,1
18540,XO,1
18540,DS,1
18540,BR,1
18540,FS,1
18543,FS,1
18543,BR,1
18544,XO,1
18544,BR,1
18544,FS,1
18544,BU,1
18545,FS,1
18545,BR,1
18545,XO,1
18548,XO,1
18549,FS,1
18549,BR,1
18549,XO,1
18549,BU,1
18553,MA,1
18553,XO,1
18553,DT,1
18554,BU,1
18554,XO,1
18555,RH,1
18555,BU,1
18555,XO,1
18557,XO,1
18559,HS,1
18559,XO,1
18559,DS,1
18561,RH,1
18563,BU,1
18563,FS,1
18563,RH,1
18563,BR,1
18567,FS,1
18567,BR,1
18571,FS,1
18571,DS,1
18571,XO,1
18571,BR,1
18574,RH,1
18574,DS,1
18575,XO,1
18575,BR,1
18575,SS,1
18575,FS,1
18580,XO,1
18584,FS,1
18584,XO,1
18585,XO,1
18585,DT,1
18585,FS,1
18587,DS,1
18588,DS,1
18589,DS,1
18589,XO,1
18592,JA,1
18593,XO,1
18593,FS,1
18593,BR,1
18593,SS,1
18595,DS,1
18596,DS,1
18596,XO,1
18597,SS,1
18597,BU,1
18597,BR,1
18597,MA,1
18597,DS,1
18597,XO,1
18600,KS,1
18600,FS,1
18601,KS,1
18601,BU,1
18601,FS,1
18606,XO,1
18606,FS,1
18609,XO,1
18609,JA,1
18610,FS,1
18610,XO,1
18612,XO,1
18612,RH,1
18613,DS,1
18614,XM,1
18614,BR,1
18614,BU,1
18614,FS,1
18614,XO,1
18617,FS,1
18617,XO,1
18617,DS,1
18618,DS,1
18618,XO,1
18618,FS,1
18619,BU,1
18619,XO,1
18619,HS,1
18619,FS,1
18619,KS,1
18623,FS,1
18623,XO,1
18624,DS,1
18624,XM,1
18624,FS,1
18624,XO,1
18627,DS,1
18628,DS,1
18629,FS,1
18629,BU,1
18629,XO,1
18629,DS,1
18636,DS,1
18636,XO,1
18636,XM,1
18636,JA,1
18637,MA,1
18637,FS,1
18637,XM,1
18637,FL,1
18637,BR,1
18641,BR,1
18641,XO,1
18641,FS,1
18641,DS,1
18642,DS,1
18642,FS,1
18642,RH,1
18642,BU,1
18642,MA,1
18645,XO,1
18646,FS,1
18646,BR,1
18647,XM,1
18647,DS,1
18648,DS,1
18648,XM,1
18649,XO,1
18649,DS,1
18650,DS,1
18650,XO,1
18654,XO,1
18654,MA,1
18654,FS,1
18654,RH,1
18654,DT,1
18655,FS,1
18655,XO,1
18659,XO,1
18660,DS,1
18660,DR,1
18660,BU,1
18660,XO,1
18661,XO,1
18662,FS,1
18664,FS,1
18664,BU,1
18664,BR,1
18665,DS,1
18665,SJ,1
18665,BR,1
18665,XO,1
18665,FS,1
18665,BU,1
18665,RH,1
18666,XO,1
18666,BR,1
18666,JA,1
18666,DS,1
18666,FS,1
18666,BU,1
18667,BR,1
18667,XO,1
18667,GH,1
18667,DS,1
18667,FS,1
18667,SS,1
18667,BU,1
18668,BU,1
18668,DS,1
18668,FS,1
18668,SJ,1
18668,XO,1
18669,SS,1
18669,SJ,1
18669,FS,1
18669,BU,1
18669,DS,1
18670,XO,1
18670,FS,1
18670,BR,1
18670,BU,1
18670,SS,1
18671,FS,1
18671,JA,1
18671,SS,1
18671,XO,1
18671,BR,1
18671,BU,1
18671,DS,1
18672,BU,1
18672,FS,1
18672,SS,1
18672,BR,1
18673,FS,1
18673,BR,1
18673,XO,1
18673,DS,1
18673,BU,1
18674,DS,1
18675,DS,1
18675,BU,1
18675,FS,1
18675,GH,1
18675,XO,1
18675,BR,1
18676,BR,1
18676,FS,1
18676,DS,1
18677,BU,1
18677,BR,1
18677,XO,1
18677,FS,1
18677,RH,1
18678,XM,1
18678,DS,1
18678,FS,1
18678,XO,1
18678,RH,1
18681,BR,1
18681,XO,1
18681,FS,1
18682,BR,1
18682,XO,1
18682,FS,1
18683,XO,1
18684,XO,1
18684,SJ,1
18684,FS,1
18685,FS,1
18685,SJ,1
18685,SS,1
18685,XO,1
18687,FS,1
18689,XO,1
18689,DS,1
18691,XO,1
18691,FS,1
18692,BU,1
18692,BR,1
18692,FS,1
18692,FL,1
18692,XO,1
18693,XO,1
18693,BR,1
18693,FS,1
18694,BR,1
18694,XO,1
18694,FS,1
18696,JA,1
18696,XO,1
18697,XO,1
18697,DS,1
18697,FS,1
18698,XO,1
18698,DS,1
18698,HS,1
18698,BR,1
18699,FS,1
18700,SJ,1
18700,XO,1
18700,FS,1
18704,JA,1
18706,XO,1
18706,FS,1
18706,DS,1
18706,SJ,1
18707,XO,1
18708,BR,1
18708,XO,1
18708,FS,1
18708,DS,1
18710,XO,1
18710,FS,1
18711,JA,1
18711,XO,1
18711,FS,1
18715,BR,1
18715,XO,1
18715,FS,1
18716,XO,1
18716,FS,1
18716,DS,1
18717,BU,1
18717,FS,1
18717,XO,1
18717,BR,1
18717,DS,1
18717,SS,1
18718,FS,1
18718,BU,1
18718,BR,1
18718,XO,1
18719,DS,1
18719,SS,1
18719,BU,1
18719,BR,1
18719,XO,1
18719,FS,1
18720,BR,1
18720,XO,1
18721,JA,1
18721,XO,1
18721,FL,1
18721,BR,1
18722,XO,1
18722,DS,1
18722,SS,1
18722,BR,1
18722,FS,1
18723,SS,1
18723,XO,1
18723,FS,1
18723,BR,1
18724,FS,1
18724,BR,1
18725,FS,1
18725,XO,1
18725,KS,1
18725,BR,1
18726,FS,1
18727,FS,1
18728,DS,1
18728,XO,1
18728,BR,1
18728,SS,1
18728,BU,1
18728,FS,1
18729,FS,1
18729,BR,1
18729,BU,1
18729,XO,1
18730,XO,1
18731,XO,1
18732,DS,1
18732,BR,1
18732,FS,1
18733,FS,1
18733,BR,1
18734,FS,1
18734,DS,1
18734,BU,1
18734,BR,1
18735,BR,1
18735,FS,1
18735,BU,1
18735,DS,1
18736,BR,1
18736,BU,1
18736,FS,1
18736,XO,1
18736,SS,1
18737,DS,1
18737,FS,1
18737,KS,1
18737,XO,1
18737,SS,1
18737,BR,1
18737,BU,1
18738,XO,1
18738,BR,1
18738,BU,1
18738,KS,1
18738,SS,1
18738,DS,1
18738,FS,1
18740,FS,1
18741,BR,1
18741,FS,1
18742,BR,1
18742,FS,1
18743,JA,1
18743,BU,1
18743,XO,1
18743,FS,1
18743,DS,1
18744,DS,1
18744,FS,1
18744,BU,1
18744,JA,1
18744,XO,1
18745,DS,1
18746,DS,1
18747,DS,1
18747,BR,1
18747,FS,1
18747,XO,1
18748,XO,1
18748,DS,1
18748,BR,1
18748,FS,1
18749,FS,1
18750,HS,1
18750,FS,1
18750,XO,1
18751,BR,1
18752,FS,1
18752,JA,1
18752,BR,1
18752,BU,1
18753,SS,1
18753,BU,1
18753,DS,1
18753,BR,1
18753,XO,1
18753,FS,1
18753,DT,1
18754,XO,1
18754,BU,1
18754,BR,1
18754,DT,1
18754,SS,1
18754,FS,1
18754,DS,1
18755,JA,1
18755,DS,1
18755,FS,1
18755,SS,1
18755,BU,1
18755,BR,1
18755,XO,1
18757,FS,1
18758,FS,1
18758,DS,1
18758,XO,1
18759,XO,1
18759,FS,1
18759,DS,1
18761,FS,1
18761,XO,1
18762,BR,1
18762,DS,1
18762,XO,1
18763,BU,1
18763,FL,1
18763,DS,1
18763,FS,1
18763,XO,1
18763,BR,1
18764,BR,1
18764,XO,1
18764,FS,1
18764,DS,1
18764,BU,1
18765,BU,1
18765,JU,1
18765,FS,1
18765,XO,1
18765,BR,1
18768,DS,1
18768,DT,1
18768,JU,1
18769,DT,1
18769,RH,1
18769,JU,1
18769,DS,1
18770,BU,1
18770,DS,1
18770,FS,1
18770,DT,1
18770,XO,1
18770,BR,1
18770,RH,1
18771,FS,1
18771,DS,1
18771,XO,1
18772,FS,1
18773,FS,1
18773,XO,1
18774,DS,1
18774,FS,1
18774,XO,1
18774,BR,1
18774,DT,1
18774,RH,1
18775,DR,1
18775,RH,1
18775,FS,1
18775,BU,1
18775,JA,1
18775,DS,1
18785,RH,1
18786,JA,1
18786,BU,1
18786,BR,1
18787,BU,1
18787,RH,1
18787,BR,1
18788,FS,1
18788,XO,1
18788,JA,1
18792,SJ,1
18793,DS,1
18793,BU,1
18794,FS,1
18794,XO,1
18794,DS,1
18795,FS,1
18795,XO,1
18795,BR,1
18796,BR,1
18796,XO,1
18796,BU,1
18796,FS,1
18799,RH,1
18799,FS,1
18799,BR,1
18799,DS,1
18800,DS,1
18800,BU,1
18800,FS,1
18800,RH,1
18800,BR,1
18804,XO,1
18804,JA,1
18804,FS,1
18804,DS,1
18805,XO,1
18805,DS,1
18805,BU,1
18805,BR,1
18805,FS,1
18805,JA,1
18805,SS,1
18806,BT,1
18806,BR,1
18806,XO,1
18806,FS,1
18807,XO,1
18807,FS,1
18811,FS,1
18811,XO,1
18818,XO,1
18819,BR,1
18820,XO,1
18820,RH,1
18820,BR,1
18820,FS,1
18820,SS,1
18821,FS,1
18821,DS,1
18821,XO,1
18821,SS,1
18830,XO,1
18830,XM,1
18831,XO,1
18831,XM,1
18835,DS,1
18836,XO,1
18836,DS,1
18837,JA,1
18837,DT,1
18837,DS,1
18837,XM,1
18837,XO,1
18837,BU,1
18841,JA,1
18841,XM,1
18841,DS,1
18841,XO,1
18841,DT,1
18842,XO,1
18842,BR,1
18842,FS,1
18842,XM,1
18843,XO,1
18843,XM,1
18844,XM,1
18847,XM,1
18848,XM,1
18849,DS,1
18849,XM,1
18850,DS,1
18850,XM,1
18850,RH,1
18851,BU,1
18851,RH,1
18851,XO,1
18851,XM,1
18851,BR,1
18854,JA,1
18854,SS,1
18854,XO,1
18854,BU,1
18854,FS,1
18854,BR,1
18857,XO,1
18858,BR,1
18858,FS,1
18858,XO,1
18859,BU,1
18859,RH,1
18859,BR,1
18859,FS,1
18859,FL,1
18859,XO,1
18859,JA,1
18867,XO,1
18868,XO,1
18869,BR,1
18869,XO,1
18869,FL,1
18869,FS,1
18869,JA,1
18872,XM,1
18872,JA,1
18872,XO,1
18873,RH,1
18873,XM,1
18873,DS,1
18873,XO,1
18873,FS,1
18874,FS,1
18874,BR,1
18874,XM,1
18874,XO,1
18874,DS,1
18874,RH,1
18874,BU,1
18875,XM,1
18875,BR,1
18876,FS,1
18876,BR,1
18876,XO,1
18876,XM,1
18876,DS,1
18879,RH,1
18880,RH,1
18880,BU,1
18881,BU,1
18881,RH,1
18881,XO,1
18881,SJ,1
18885,XO,1
18885,DS,1
18885,HS,1
18885,FS,1
18885,XM,1
18887,DS,1
18887,XO,1
18887,JU,1
18888,BR,1
18888,DS,1
18888,FS,1
18888,XO,1
18892,MA,1
18892,JA,1
18892,XO,1
18892,BR,1
18892,BU,1
18892,XM,1
18892,FS,1
18893,XM,1
18893,DS,1
18893,BR,1
18894,BR,1
18894,FS,1
18894,DS,1
18894,XM,1
18896,DS,1
18896,BU,1
18896,XM,1
18900,JA,1
18901,JA,1
18901,FS,1
18902,SJ,1
18902,BR,1
18902,SS,1
18902,XO,1
18902,FS,1
18902,BU,1
18902,JA,1
18903,BR,1
18903,FS,1
18903,DS,1
18903,XO,1
18905,XO,1
18905,DS,1
18905,FS,1
18905,SS,1
18905,HS,1
20521,FS,1
20521,RH,1
20521,XO,1
20521,BR,1
20522,XO,1
20522,BR,1
20522,FS,1
20527,XO,1
20527,BR,1
20529,XO,1
20529,BR,1
20533,DS,1
20533,BR,1
20533,XO,1
20534,XO,1
20534,FS,1
20539,BR,1
20539,RH,1
20540,XO,1
20545,RH,1
20551,RH,1
20551,XO,1
20552,XO,1
20557,BR,1
20557,XO,1
20559,XO,1
20563,BR,1
20563,XO,1
20569,XO,1
20569,BR,1
20570,XO,1
20575,XO,1
20576,XO,1
20581,FS,1
20581,RH,1
20581,XO,1
20582,DS,1
20582,XO,1
20587,XO,1
20587,FS,1
20587,RH,1
20587,BU,1
20589,RH,1
20593,FS,1
20594,FS,1
20599,SS,1
20599,XO,1
20599,FS,1
20600,SS,1
20600,XO,1
20600,FS,1
20605,DS,1
20605,FS,1
20605,XO,1
20605,BR,1
20607,XO,1
20612,XO,1
20612,BR,1
20617,BR,1
20618,XO,1
20623,XO,1
20623,RH,1
20625,RH,1
20629,BR,1
20629,XO,1
20635,FS,1
20635,XO,1
20636,FS,1
20637,XO,1
20641,BR,1
20641,FS,1
20641,XO,1
20647,FS,1
20648,DS,1
20653,FS,1
20653,XO,1
20653,DS,1
20653,RH,1
20655,DS,1
20659,XO,1
20659,FS,1
20661,XO,1
20665,XO,1
20665,FS,1
20665,BR,1
20666,XO,1
20666,FS,1
20666,DS,1
20671,DS,1
20671,RH,1
20671,XO,1
20672,RH,1
20677,XO,1
20677,FS,1
20679,DS,1
20679,XO,1
20683,RH,1
20689,XO,1
20695,XO,1
20695,RH,1
20696,RH,1
20701,XO,1
20701,RH,1
20701,BR,1
20702,RH,1
20707,XO,1
20707,FS,1
20713,FS,1
20713,BR,1
20713,XO,1
20714,XO,1
20714,BR,1
20719,BR,1
20719,FS,1
20719,XO,1
20725,SS,1
20725,FS,1
20725,XO,1
20727,FS,1
20727,XO,1
20731,RH,1
20731,XO,1
20737,XO,1
20737,FS,1
20743,FS,1
20743,XO,1
20743,DS,1
20745,XO,1
20749,FS,1
20749,XO,1
20750,XO,1
20750,FS,1
20755,RH,1
20757,XO,1
20792,FS,1
20792,XO,1
20793,XO,1
20793,FS,1
20803,FS,1
20803,XO,1
20804,XO,1
20804,FS,1
20805,FS,1
20805,XO,1
20849,FS,1
20870,BU,1
20871,BU,1
20872,BU,1
20905,BU,1
20906,BU,1
20907,BU,1
20908,BU,1
20909,BU,1
20941,BU,1
20948,FS,1
20949,FS,1
20949,DS,1
20972,BU,1
20973,BU,1
21021,XO,1
25334,XO,1
25334,BU,1
25334,FS,1
25335,XO,1
25335,FS,1
25335,DS,1
25335,FL,1
25335,JA,1
25336,JA,1
25336,XO,1
25339,XM,1
25339,SS,1
25339,XO,1
25339,DS,1
25339,FS,1
25339,BR,1
25340,XM,1
25340,XO,1
25340,FS,1
25340,DS,1
25341,DS,1
25341,XM,1
25341,JA,1
25342,XM,1
25344,BU,1
25344,JA,1
25344,SS,1
25344,BR,1
25344,SJ,1
25344,DS,1
25344,XO,1
25344,FS,1
25344,RH,1
25344,XM,1
25345,DS,1
25345,XO,1
25345,XM,1
25345,FS,1
25345,JA,1
25345,RH,1
25346,XO,1
25346,SJ,1
25346,JA,1
25346,XM,1
25347,XM,1
25349,JA,1
25349,XO,1
25349,XM,1
25349,SS,1
25349,BT,1
25349,BU,1
25349,FS,1
25349,DS,1
25349,BR,1
25350,XM,1
25350,XO,1
25350,FS,1
25350,BT,1
25350,JA,1
25350,BR,1
25351,DS,1
25354,BU,1
25354,DS,1
25354,FS,1
25354,SS,1
25354,JA,1
25354,XO,1
25355,FS,1
25355,XO,1
25355,BR,1
25356,BR,1
25356,XO,1
25362,BR,1
25362,RH,1
25362,JA,1
25362,XO,1
25362,FS,1
25363,BU,1
25363,FS,1
25363,BR,1
25363,JA,1
25364,FS,1
25364,BR,1
25364,XO,1
25364,DS,1
25365,JA,1
25365,XO,1
25365,FS,1
25369,BR,1
25369,BU,1
25369,FS,1
25369,XO,1
25370,JA,1
25370,BR,1
25371,XO,1
25371,JA,1
25374,BR,1
25374,FS,1
25374,XO,1
25374,SS,1
25374,RH,1
25375,FS,1
25375,RH,1
25375,BR,1
25376,RH,1
25377,RH,1
25394,BR,1
25394,XO,1
25394,BU,1
25394,BT,1
25394,FS,1
25397,FS,1
25397,BU,1
25397,XO,1
25397,BR,1
25397,SS,1
25400,FS,1
25400,XO,1
25400,BU,1
25400,BT,1
25400,BR,1
25403,BR,1
25403,JA,1
25403,BT,1
25403,XO,1
25403,FS,1
25406,DS,1
25406,BR,1
25407,BR,1
25407,SS,1
25407,FS,1
25407,XO,1
25410,BR,1
25410,SS,1
25410,XO,1
25410,FS,1
25415,SS,1
25415,XO,1
25415,FS,1
25415,BR,1
25418,SS,1
25418,BU,1
25418,BR,1
25418,FS,1
25418,XO,1
25421,BR,1
25421,SS,1
25421,XO,1
25421,FS,1
25422,BU,1
25422,XO,1
25422,DS,1
25422,FS,1
25427,XO,1
25427,FS,1
25427,RH,1
25427,BU,1
25427,BT,1
25427,BR,1
25430,BR,1
25430,FS,1
25430,BU,1
25433,XO,1
25436,SS,1
25436,BR,1
25436,FS,1
25436,XO,1
25439,BR,1
25439,FS,1
25439,BT,1
25439,XO,1
25439,DS,1
25440,XO,1
25440,BR,1
25440,FS,1
25440,SS,1
25443,DS,1
25443,BU,1
25443,BR,1
25443,XO,1
25443,FS,1
25448,BR,1
25448,XO,1
25448,DS,1
25448,BU,1
25451,XO,1
25451,GH,1
25451,DS,1
25451,FS,1
25451,SS,1
25454,JA,1
25454,FS,1
25454,DS,1
25454,SS,1
25454,XO,1
25454,BR,1
25457,BU,1
25457,FS,1
25457,SS,1
25457,XO,1
25457,BR,1
25460,BR,1
25460,BT,1
25460,XO,1
25465,FS,1
25465,BT,1
25465,BR,1
25470,BR,1
25470,BU,1
25470,FS,1
25470,BT,1
25473,BT,1
25473,FS,1
25473,BR,1
25476,FS,1
25476,BR,1
25476,XO,1
25479,XO,1
25479,FS,1
25479,BU,1
25479,SS,1
25482,XO,1
25482,BT,1
25482,FS,1
25482,BR,1
25483,FS,1
25483,DS,1
25483,BT,1
25483,XO,1
25488,FS,1
25488,XO,1
25488,BR,1
25488,SS,1
25488,DS,1
25491,XO,1
25491,FS,1
25491,BU,1
25491,DS,1
25491,BR,1
25494,BU,1
25494,FS,1
25494,BR,1
25494,XO,1
25497,BT,1
25497,DS,1
25497,BR,1
25500,BR,1
25500,XO,1
25500,DS,1
25500,SS,1
25500,FS,1
25503,SS,1
25503,FS,1
25503,XO,1
25503,BR,1
25505,FS,1
25505,BR,1
25505,BT,1
25505,SS,1
25505,DS,1
25510,BT,1
25510,XO,1
25510,SS,1
25510,BR,1
25510,DS,1
25510,FS,1
25513,BR,1
25513,DS,1
25513,FS,1
25513,SS,1
25513,XO,1
25516,BR,1
25516,RH,1
25516,XO,1
25516,BU,1
25519,FS,1
25519,BU,1
25519,DS,1
25519,SS,1
25519,XO,1
25519,BR,1
25522,FS,1
25522,DS,1
25522,BT,1
25522,XO,1
25522,BR,1
25525,FS,1
25525,SS,1
25525,DS,1
25525,XO,1
25525,BR,1
25528,FS,1
25528,XO,1
25528,SS,1
25531,DS,1
25531,BR,1
25531,BT,1
25531,FS,1
25531,XO,1
25534,XO,1
25534,SS,1
25534,DS,1
25534,FS,1
25537,XO,1
25537,FS,1
25537,RH,1
25537,DS,1
25540,BU,1
25540,DS,1
25540,SS,1
25540,XO,1
25544,DS,1
25544,XO,1
25544,FS,1
25544,SS,1
25544,BR,1
25544,BT,1
25547,XO,1
25547,DS,1
25547,FS,1
25547,BR,1
25550,SS,1
25550,FS,1
25550,XO,1
25550,BR,1
25550,DS,1
25551,FS,1
25551,SS,1
25551,BR,1
25551,DS,1
25551,XO,1
25556,BR,1
25556,XO,1
25556,FS,1
25556,BT,1
25556,SS,1
25559,BU,1
25559,XO,1
25559,BT,1
25559,JA,1
25559,FS,1
25559,BR,1
25562,FS,1
25562,BR,1
25562,XO,1
25562,DS,1
25565,DS,1
25565,FS,1
25565,XO,1
25565,BR,1
25568,BR,1
25568,FS,1
25568,XO,1
25568,SS,1
25568,DS,1
25571,BR,1
25571,FS,1
25571,XO,1
25571,DS,1
25577,FS,1
25577,DS,1
25577,XO,1
25577,SS,1
25577,BR,1
25580,XO,1
25580,BU,1
25580,BR,1
25580,FS,1
25581,XO,1
25581,BR,1
25581,BU,1
25581,JA,1
25581,FS,1
25584,FS,1
25584,BR,1
25584,DS,1
25584,XO,1
25587,DS,1
25587,BR,1
25587,BU,1
25587,FS,1
25587,XO,1
25590,FS,1
25590,DS,1
25590,BU,1
25590,BR,1
25595,FS,1
25595,BR,1
25595,XO,1
25595,SS,1
25598,SS,1
25598,BU,1
25598,BR,1
25598,FS,1
25598,XO,1
25599,DS,1
25599,FS,1
25599,XO,1
25602,DS,1
25602,XO,1
25602,SS,1
25602,BR,1
25602,FS,1
25602,GH,1
25605,BR,1
25605,XO,1
25605,FS,1
25605,DS,1
25608,XO,1
25608,DS,1
25608,FS,1
25608,SS,1
25611,DS,1
25611,XO,1
25611,JA,1
25611,FS,1
25614,FS,1
25614,XO,1
25614,BR,1
25614,SS,1
25617,BR,1
25617,FS,1
25617,BU,1
25620,DS,1
25620,BU,1
25620,XO,1
25620,BR,1
25620,SS,1
25620,FS,1
25623,FS,1
25623,XO,1
25623,DS,1
25626,BR,1
25626,BT,1
25626,FS,1
25626,DS,1
25626,XO,1
25626,JA,1
25629,DS,1
25629,BR,1
25629,XO,1
25629,FS,1
25632,FS,1
25632,XO,1
25632,DS,1
25632,BR,1
25635,XO,1
25635,RH,1
25635,FS,1
25635,BR,1
25635,DS,1
25635,BU,1
25638,DS,1
25638,FS,1
25638,XO,1
25641,XO,1
25641,BR,1
25641,BU,1
25641,FS,1
25641,DS,1
25645,BR,1
25645,DS,1
25645,FS,1
25645,SS,1
25645,XO,1
25645,BU,1
25647,JA,1
25647,BR,1
25647,FS,1
25647,DS,1
25650,FS,1
25650,XO,1
25650,DS,1
25653,DS,1
25653,BR,1
25653,FS,1
25656,BR,1
25656,FS,1
25656,XO,1
25659,DS,1
25659,BR,1
25659,BU,1
25659,FS,1
25659,RH,1
25662,SS,1
25662,BU,1
25662,XO,1
25662,BR,1
25662,FS,1
25665,BR,1
25665,XO,1
25665,FS,1
25665,SS,1
25668,DS,1
25668,XO,1
25668,SS,1
25668,FS,1
25668,BR,1
25672,SS,1
25672,XO,1
25672,DS,1
25672,BR,1
25672,FS,1
25675,DS,1
25675,FS,1
25675,SS,1
25675,XO,1
25679,DS,1
25679,XO,1
25679,FS,1
25682,FS,1
25682,DS,1
25682,XO,1
25685,FS,1
25685,DS,1
25685,XO,1
25685,SS,1
25688,SS,1
25688,XO,1
25688,SJ,1
25688,DS,1
25688,FS,1
25691,DS,1
25691,FS,1
25691,XO,1
25694,FS,1
25694,BR,1
25694,XO,1
25694,DS,1
25697,XO,1
25697,DS,1
25703,DS,1
25703,FS,1
25703,XO,1
25707,XO,1
25707,FS,1
25707,SS,1
25707,DS,1
25710,XO,1
25710,SS,1
25710,BR,1
25710,BU,1
25710,FS,1
25710,DS,1
25713,DS,1
25713,XO,1
25713,BT,1
25713,BR,1
25713,JA,1
25713,FS,1
25716,DS,1
25716,XO,1
25716,GH,1
25719,DS,1
25719,XO,1
25719,FS,1
25719,JA,1
25719,BR,1
25726,FS,1
25726,SS,1
25726,XO,1
25727,XO,1
25727,DS,1
25727,JA,1
25727,FS,1
25730,DS,1
25730,XO,1
25730,FS,1
25733,DS,1
25733,XO,1
25733,FS,1
25733,SS,1
25736,BU,1
25736,XO,1
25736,FS,1
25739,FS,1
25739,BR,1
25739,XO,1
25739,DS,1
25742,FS,1
25742,XO,1
25742,DS,1
25742,BT,1
25742,BR,1
25743,XO,1
25743,BT,1
25743,BR,1
25743,DS,1
25743,FS,1
25745,RH,1
25745,XO,1
25745,FS,1
25748,FS,1
25748,SS,1
25748,DS,1
25748,XO,1
25751,DS,1
25751,BR,1
25751,FS,1
25751,BU,1
25755,DS,1
25755,XO,1
25755,BU,1
25757,DS,1
25757,XO,1
25757,FS,1
25757,BR,1
25760,BR,1
25760,BU,1
25760,FS,1
25760,XO,1
25760,SS,1
25760,DS,1
25763,SJ,1
25763,XO,1
25763,BU,1
25767,BR,1
25767,FS,1
25768,FS,1
25768,SJ,1
25771,DT,1
25771,JU,1
25772,DR,1
25772,DT,1
25772,MA,1
25774,XO,1
25774,DT,1
25774,FS,1
25775,XO,1
25776,DT,1
25778,SJ,1
25778,DT,1
25778,XO,1
25779,RH,1
25779,SJ,1
25779,FL,1
25780,DT,1
25783,XO,1
25783,MA,1
25784,DT,1
25787,XO,1
25787,SJ,1
25787,FS,1
25788,JU,1
25788,XO,1
25789,JU,1
25793,XO,1
25793,JU,1
25793,BR,1
25794,JU,1
25794,MA,1
25795,JU,1
25802,XO,1
25802,SJ,1
25803,SJ,1
25803,BT,1
25803,BR,1
25807,BU,1
25807,FS,1
25807,DT,1
25808,XM,1
25808,DS,1
25811,DS,1
25811,XM,1
25812,XO,1
25812,BR,1
25812,XM,1
25812,DS,1
25813,XM,1
25813,DS,1
25816,DT,1
25816,DS,1
25816,XM,1
25817,BR,1
25817,XO,1
25817,DS,1
25817,XM,1
25818,XO,1
25818,BR,1
25821,XO,1
25822,SJ,1
25822,XO,1
25823,XO,1
25824,DT,1
25824,XO,1
25827,FS,1
25827,XO,1
25828,XO,1
25828,SJ,1
25829,SJ,1
25832,XO,1
25832,DT,1
25832,DS,1
25832,FS,1
25832,BR,1
25833,XO,1
25836,XO,1
25837,BR,1
25837,BU,1
25837,RH,1
25840,JU,1
25840,DR,1
25841,DT,1
25841,XO,1
25841,SJ,1
25842,FS,1
25842,XO,1
25842,BR,1
25843,DT,1
25843,SJ,1
25847,XO,1
25847,DR,1
25847,DT,1
25847,BR,1
25847,FS,1
25847,BU,1
25848,JU,1
25848,MA,1
25848,XO,1
25849,DR,1
25852,FS,1
25852,BR,1
25852,JU,1
25858,JU,1
25858,XO,1
25859,JU,1
25862,XO,1
25862,JU,1
25867,XO,1
25868,JU,1
25872,FS,1
25872,XO,1
25872,DT,1
25874,XO,1
25874,BU,1
25878,FS,1
25878,XO,1
25879,XO,1
25882,BR,1
25882,FS,1
25883,XO,1
25888,XM,1
25888,DS,1
25888,SJ,1
25888,XO,1
25891,XM,1
25892,XO,1
25892,XM,1
25892,DS,1
25898,XO,1
25902,FS,1
25902,DS,1
25902,BR,1
25905,XO,1
25905,DR,1
25906,BU,1
25910,XO,1
25910,JU,1
25911,XM,1
25911,JU,1
25912,BU,1
25912,JU,1
25912,FS,1
25912,RH,1
25912,XM,1
25914,DR,1
25914,XO,1
25917,XO,1
25917,SJ,1
25918,MA,1
25918,XO,1
25918,DS,1
25922,DT,1
25922,BR,1
25923,JU,1
25923,XO,1
25927,BR,1
25927,DS,1
25927,BU,1
25927,RH,1
25928,JU,1
25928,DT,1
25932,FS,1
25932,XO,1
25933,XO,1
25933,JU,1
25936,DT,1
25938,JU,1
25938,XO,1
25942,DT,1
25942,FS,1
25942,XO,1
25942,BR,1
25943,XO,1
25943,DS,1
25943,MA,1
25947,XO,1
25947,BR,1
25947,DT,1
25948,JU,1
25948,DT,1
25948,FL,1
25948,XO,1
25949,MA,1
25949,DS,1
25952,BU,1
25952,BR,1
25952,FL,1
25952,FS,1
25952,XO,1
25953,DS,1
25953,XO,1
25953,BR,1
25953,JU,1
25954,MA,1
25954,DR,1
25954,JU,1
25957,XO,1
25957,BR,1
25958,SJ,1
25958,XO,1
25959,DR,1
25962,XO,1
25962,DT,1
25962,FS,1
25963,DR,1
25963,XO,1
25965,XO,1
25965,DR,1
25968,DS,1
25968,XO,1
25972,DS,1
25972,XO,1
25973,MA,1
25973,DS,1
25973,XO,1
25976,DS,1
25977,DS,1
25977,BR,1
25977,FS,1
25978,JU,1
25982,BR,1
25982,XO,1
25982,FS,1
25982,DT,1
25983,XO,1
25983,DT,1
25983,SS,1
25983,FS,1
25984,XO,1
25986,DR,1
25986,SJ,1
25988,XO,1
25988,SJ,1
25992,BR,1
25992,XO,1
25992,FS,1
25993,XO,1
25993,DT,1
25994,FS,1
25994,XO,1
25995,DT,1
25998,XO,1
25999,DT,1
25999,DR,1
26002,BU,1
26002,FS,1
26002,DT,1
26005,MA,1
26006,SJ,1
26006,BU,1
26006,FS,1
26006,DS,1
26007,JU,1
26008,MA,1
26008,XO,1
26012,XO,1
26012,SJ,1
26013,SJ,1
26013,XM,1
26013,XO,1
26014,XO,1
26014,XM,1
26017,FS,1
26017,XM,1
26018,XO,1
26021,XO,1
26022,FS,1
26022,BR,1
26022,DT,1
26023,BT,1
26023,XO,1
26023,MA,1
26023,DT,1
26023,JU,1
26024,MA,1
26024,DT,1
26027,XO,1
26027,DT,1
26027,BR,1
26027,FS,1
26029,FL,1
26029,XO,1
26029,DS,1
26030,FL,1
26030,SJ,1
26030,DS,1
26030,DT,1
26033,XM,1
26033,XO,1
26033,BT,1
26038,XO,1
26038,SJ,1
26048,XO,1
26048,SJ,1
26050,JU,1
26052,DT,1
26052,BR,1
26052,FS,1
26052,XO,1
26053,JU,1
26053,DR,1
26056,JU,1
26057,FS,1
26060,DT,1
26060,XO,1
26061,DT,1
26061,XO,1
26062,DR,1
26062,DT,1
26063,XM,1
26064,XM,1
26067,DT,1
26067,BU,1
26067,XM,1
26067,BR,1
26067,FS,1
26068,SJ,1
26068,XO,1
26069,DT,1
26072,RH,1
26072,BR,1
26072,BU,1
26072,FS,1
26072,DR,1
26077,DR,1
26077,JU,1
26080,DT,1
26081,DT,1
26081,XO,1
26082,DT,1
26082,XO,1
26082,FS,1
26085,SJ,1
26085,XO,1
26085,DT,1
26086,SJ,1
26086,DS,1
26086,XO,1
26087,XO,1
26087,BR,1
26087,FS,1
26087,DT,1
26088,DT,1
26088,SJ,1
26092,XO,1
26092,FS,1
26092,DT,1
26092,BR,1
26094,DT,1
26094,DR,1
26097,BR,1
26097,DR,1
26097,RH,1
26097,FS,1
26098,DS,1
26098,DT,1
26098,JU,1
26098,XM,1
26100,XM,1
26100,JU,1
26100,DT,1
26102,XM,1
26102,FS,1
26102,BR,1
26104,SJ,1
26104,DT,1
26104,XO,1
26104,DS,1
26105,DT,1
26105,XO,1
26107,BR,1
26107,FS,1
26108,DT,1
26108,FL,1
26108,XO,1
26108,SJ,1
26111,DT,1
26111,DR,1
26112,FS,1
26112,BR,1
26112,XO,1
26112,DT,1
26112,RH,1
26113,DS,1
26113,XO,1
26114,DT,1
26114,DR,1
26114,XO,1
26118,XO,1
26118,BR,1
26118,JU,1
26119,DS,1
26119,XO,1
26119,JU,1
26122,BR,1
26122,FS,1
26123,XO,1
26127,DT,1
26127,BU,1
26127,BR,1
26127,FS,1
26129,DR,1
26129,XO,1
26129,XM,1
26129,BR,1
26130,JU,1
26130,BR,1
26130,XM,1
26130,XO,1
26132,XM,1
26132,FS,1
26132,BR,1
26136,DT,1
26137,FS,1
26137,DT,1
26137,BU,1
26137,BR,1
26140,JU,1
26141,XO,1
26141,JU,1
26142,JU,1
26142,DR,1
26142,DT,1
26143,DT,1
26143,XO,1
26144,DT,1
26144,DS,1
26144,RH,1
26145,DT,1
26145,BR,1
26145,XO,1
26145,FS,1
26151,XO,1
26153,SJ,1
26153,XO,1
26154,DR,1
26154,JU,1
26157,DT,1
26157,FS,1
26158,SJ,1
26158,BT,1
26160,JU,1
26160,XO,1
26162,FS,1
26162,BR,1
26163,XO,1
26163,DT,1
26167,DT,1
26168,XO,1
26168,JU,1
26172,FS,1
26172,DT,1
26172,BR,1
26173,SJ,1
26173,JU,1
26173,DT,1
26173,BR,1
26173,XO,1
26174,JU,1
26174,DT,1
26174,XO,1
26177,SJ,1
26177,BU,1
26177,FS,1
26177,BR,1
26178,XO,1
26178,SJ,1
26178,DR,1
26179,DT,1
26179,SJ,1
26182,FS,1
26182,DT,1
26183,MA,1
26183,JU,1
26183,DT,1
26183,XO,1
26185,DT,1
26187,XO,1
26187,SJ,1
26187,DT,1
26188,JU,1
26191,JU,1
26192,SJ,1
26192,XO,1
26195,XO,1
26196,XO,1
26197,XO,1
26197,DT,1
26198,DT,1
26202,FS,1
26202,BR,1
26202,DT,1
26203,DS,1
26203,JU,1
26203,XO,1
26204,JU,1
26207,FS,1
26207,BR,1
26207,BU,1
26207,RH,1
26210,FS,1
26213,DT,1
26213,DS,1
26216,DT,1
26217,DT,1
26217,XO,1
26218,DT,1
26218,FS,1
26218,BR,1
26218,XO,1
26219,DT,1
26219,XO,1
26224,DT,1
26229,SJ,1
26230,RH,1
26232,FS,1
26232,RH,1
26232,BU,1
26232,BR,1
26233,SJ,1
26236,JU,1
26237,JU,1
26237,XO,1
26238,XO,1
26238,FS,1
26238,BR,1
26238,SJ,1
26239,XO,1
26243,DT,1
26243,XO,1
26244,DR,1
26244,DT,1
26247,FS,1
26247,BR,1
26248,DS,1
26248,SJ,1
26249,JU,1
26249,MA,1
26252,BU,1
26252,BR,1
26252,FS,1
26253,DT,1
26255,XO,1
26255,DT,1
26258,XO,1
26258,SJ,1
26258,DT,1
26262,DT,1
26262,BR,1
26262,FS,1
26262,XO,1
26263,SJ,1
26263,XO,1
26265,DR,1
26265,JU,1
26268,JU,1
26268,SJ,1
26270,BU,1
26270,BR,1
26273,MA,1
26273,JU,1
26273,XO,1
26274,DT,1
26274,JU,1
26280,FS,1
26280,BR,1
26280,DT,1
26282,DT,1
26283,XO,1
26287,FS,1
26288,SJ,1
26288,XO,1
26289,JU,1
26292,BR,1
26292,FS,1
26295,JU,1
26296,XO,1
26296,SJ,1
26297,DT,1
26297,XO,1
26297,BR,1
26298,XO,1
26298,DT,1
26299,SJ,1
26299,DT,1
26299,XO,1
26302,DT,1
26302,FS,1
26302,XO,1
26304,DT,1
26304,JU,1
26304,XO,1
26307,FS,1
26307,BR,1
26308,SJ,1
26308,DT,1
26312,SJ,1
26312,DT,1
26312,FS,1
26313,XO,1
26317,FS,1
26318,SJ,1
26322,FS,1
26323,XO,1
26323,JU,1
26327,DT,1
26328,DT,1
26328,DS,1
26328,SJ,1
26329,DT,1
26332,BU,1
26332,DT,1
26332,FS,1
26333,XO,1
26337,FS,1
26338,XO,1
26338,DT,1
26338,SJ,1
26338,XM,1
26339,XM,1
26342,BU,1
26342,FS,1
26342,BR,1
26342,XM,1
26343,DT,1
26344,JU,1
26344,DT,1
26347,FS,1
26347,BU,1
26348,SJ,1
26351,DT,1
26351,JU,1
26352,XO,1
26352,FS,1
26352,DT,1
26353,SJ,1
26357,FS,1
26357,XO,1
26358,SJ,1
26358,XO,1
26358,FL,1
26358,DT,1
26358,BR,1
26362,FS,1
26362,FL,1
26362,BR,1
26362,RH,1
26363,XM,1
26363,JU,1
26363,XO,1
26364,XO,1
26364,XM,1
26367,SJ,1
26367,XO,1
26367,XM,1
26368,SJ,1
26368,XO,1
26368,DR,1
26369,JU,1
26369,XO,1
26370,DT,1
26370,JU,1
26370,XO,1
26370,MA,1
26373,XO,1
26373,SJ,1
26376,JU,1
26377,XO,1
26378,BR,1
26378,JU,1
26378,DT,1
26382,FS,1
26382,BR,1
26384,SJ,1
26387,SJ,1
26387,FS,1
26391,DS,1
26391,FS,1
26392,JA,1
26392,FS,1
26392,XO,1
26392,BU,1
26392,DT,1
26392,SJ,1
26396,XO,1
26401,JA,1
26402,FS,1
26403,XM,1
26404,XM,1
26405,DS,1
26405,XM,1
26405,DT,1
26406,XM,1
26406,DS,1
26406,BR,1
26406,XO,1
26407,BU,1
26407,XM,1
26407,XO,1
26407,FS,1
26407,BR,1
26407,DS,1
26408,JU,1
26409,XO,1
26409,DS,1
26410,XO,1
26410,DS,1
26411,FS,1
26411,XO,1
26411,SS,1
26412,FS,1
26412,KS,1
26412,XO,1
26412,DS,1
26415,DT,1
26415,JU,1
26416,BU,1
26416,DT,1
26416,SJ,1
26417,XO,1
26420,DT,1
26421,JU,1
26421,XO,1
26422,XO,1
26422,FS,1
26422,BR,1
26425,JU,1
26426,BR,1
26427,BR,1
26430,FS,1
26431,FS,1
26432,FS,1
26436,FS,1
26436,JU,1
26437,BR,1
26437,JU,1
26437,FS,1
26440,DT,1
26441,XO,1
26442,FS,1
26442,BR,1
26445,DS,1
26445,JA,1
26446,DS,1
26446,XO,1
26447,BR,1
26447,FS,1
26447,JU,1
26447,XO,1
26450,MA,1
26450,JA,1
26450,XM,1
26451,MA,1
26451,XM,1
26451,FS,1
26452,XO,1
26452,BR,1
26452,MA,1
26452,FS,1
26452,XM,1
26455,FS,1
26455,XO,1
26456,FS,1
26456,XO,1
26457,XO,1
26457,FS,1
26460,JU,1
26460,XO,1
26461,BR,1
26461,FS,1
26462,BR,1
26462,FS,1
26562,BR,1
26563,BR,1
26563,DS,1
26564,FS,1
26564,DS,1
26568,FS,1
26568,XO,1
26569,XO,1
26569,FS,1
26569,BR,1
26573,FS,1
26574,XO,1
26574,BR,1
26574,FS,1
26578,XO,1
26579,BR,1
26579,XO,1
26579,JA,1
26580,BR,1
26581,BR,1
26581,FS,1
26582,FS,1
26582,BR,1
26583,BR,1
26583,BU,1
26583,FS,1
26583,XO,1
26584,XO,1
26584,FS,1
26584,BR,1
26588,FS,1
26588,XO,1
26589,XO,1
26589,BR,1
26589,FS,1
26589,BU,1
26593,FS,1
26594,JA,1
26594,FS,1
26594,XO,1
26594,BR,1
26594,BU,1
26594,SS,1
26598,BR,1
26598,FS,1
26599,BR,1
26599,FS,1
26599,XO,1
26603,XO,1
26607,XO,1
26612,XO,1
26612,BR,1
26612,FS,1
26616,BR,1
26616,FS,1
26617,XO,1
26617,FS,1
26617,SS,1
26617,FL,1
26617,BU,1
26617,BR,1
26621,DT,1
26621,DR,1
26622,FS,1
26622,RH,1
26622,BU,1
26626,FS,1
26626,BR,1
26627,BR,1
26627,FS,1
26627,XO,1
26631,RH,1
26632,FS,1
26632,RH,1
26636,DS,1
26636,BR,1
26637,BR,1
26637,XO,1
26641,SJ,1
26641,FS,1
26641,BR,1
26642,FS,1
26642,BR,1
26645,XO,1
26655,BR,1
26655,XO,1
26656,JA,1
26656,BT,1
26656,XO,1
26656,FS,1
26660,RH,1
26660,FS,1
26660,BR,1
26661,FS,1
26661,BR,1
26661,RH,1
26665,BR,1
26665,FS,1
26665,XO,1
26666,BR,1
26666,FS,1
26666,XO,1
26670,XO,1
26674,RH,1
26675,XO,1
26676,FS,1
26680,BR,1
26681,RH,1
26681,BR,1
26684,XO,1
26684,JA,1
26685,FS,1
26685,XO,1
26686,FS,1
26686,BR,1
26686,BU,1
26692,XO,1
26692,BR,1
26692,BT,1
26692,DS,1
26696,XO,1
26697,BU,1
26697,FS,1
26697,BT,1
26697,XO,1
26697,BR,1
26707,FS,1
26707,XO,1
26708,SS,1
26708,XO,1
26708,FS,1
26708,BR,1
26711,XO,1
26713,FS,1
26713,XO,1
26713,SS,1
26713,BR,1
26717,FS,1
26717,XO,1
26718,BR,1
26718,XO,1
26718,FS,1
26718,BT,1
26719,XO,1
26719,SS,1
26719,BT,1
26719,FS,1
26719,BR,1
26723,BR,1
26723,FS,1
26724,BU,1
26724,BR,1
26724,FS,1
26728,XO,1
26728,FS,1
26730,XO,1
26730,BT,1
26730,SS,1
26730,BU,1
26730,BR,1
26730,FS,1
26733,FS,1
26733,XO,1
26734,BT,1
26734,FS,1
26735,XO,1
26735,BU,1
26735,FS,1
26735,JA,1
26738,XO,1
26739,JA,1
26739,XO,1
26740,JA,1
26740,FS,1
26740,XO,1
26740,BU,1
26740,BR,1
26746,BU,1
26746,FS,1
26746,XO,1
26746,BR,1
26750,RH,1
26759,XO,1
26760,FS,1
26760,XO,1
26761,XO,1
26761,FS,1
26763,XO,1
26764,XO,1
26765,XO,1
26766,SS,1
26766,XO,1
26766,BR,1
26766,FS,1
26768,XO,1
26769,FS,1
26769,XO,1
26769,SS,1
26775,FS,1
26775,XO,1
26776,SS,1
26776,FL,1
26776,XO,1
26776,BR,1
26776,FS,1
26781,XO,1
26782,SS,1
26782,BR,1
26782,XO,1
26827,FS,1
26828,XO,1
26861,XO,1
26861,BR,1
27150,FS,1
27150,XO,1
27150,BU,1
30390,JA,1
30390,XO,1
30391,XO,1
30392,XO,1
30392,BR,1
30392,FS,1
30392,JA,1
30393,BR,1
30395,XO,1
30395,JA,1
30396,FS,1
30396,XO,1
30396,BR,1
30397,FS,1
30397,BR,1
30398,FS,1
30399,XO,1
30399,BR,1
30399,FS,1
30400,XO,1
30403,BR,1
30403,FS,1
30403,XO,1
30405,XO,1
30406,DS,1
30406,XO,1
30406,JA,1
30408,JA,1
30408,XO,1
30409,XO,1
30409,BR,1
30409,FS,1
30411,XO,1
30415,BR,1
30415,XO,1
30416,XO,1
30416,BR,1
30417,XO,1
30418,XO,1
30419,XO,1
30420,FS,1
30421,BR,1
30421,SS,1
30421,FS,1
30422,FS,1
30424,XO,1
30424,FS,1
30424,JA,1
30424,FL,1
30424,SS,1
30426,XO,1
30426,FS,1
30426,BR,1
30426,DS,1
30427,XO,1
30427,FS,1
30429,XO,1
30430,FS,1
30430,SS,1
30432,JA,1
30432,XO,1
30433,XO,1
30433,FS,1
30433,JA,1
30435,FS,1
30435,SS,1
30435,BR,1
30437,XO,1
30438,DS,1
30438,XO,1
30438,FS,1
30440,FS,1
30440,XO,1
30440,DS,1
30440,BR,1
30441,FS,1
30441,BR,1
30442,JA,1
30443,XO,1
30444,XO,1
30445,FS,1
30445,XO,1
30445,BR,1
30447,FS,1
30447,XO,1
30447,BR,1
30448,XO,1
30448,FS,1
30448,SS,1
30448,JA,1
30450,FL,1
30450,XO,1
30451,JA,1
30451,XO,1
30451,BR,1
30453,JA,1
30454,XO,1
30454,FL,1
30454,FS,1
30454,DS,1
30454,BR,1
34006,BU,1
34006,XO,1
34006,DS,1
34007,BU,1
34007,XO,1
34007,JA,1
34007,DS,1
34010,FS,1
34010,SJ,1
34010,JA,1
34011,FS,1
34012,BU,1
34012,FS,1
34015,SJ,1
34016,BR,1
34017,BR,1
34017,XO,1
34020,JA,1
34020,XO,1
34020,RH,1
34021,RH,1
34021,XO,1
34021,DS,1
34022,RH,1
34022,BU,1
34027,XO,1
34030,XO,1
34030,JA,1
34030,DS,1
34031,FS,1
34031,SS,1
34031,GH,1
34032,BR,1
34032,XO,1
34032,FS,1
34032,SS,1
34032,HS,1
34035,JA,1
34035,SJ,1
34035,XO,1
34036,BR,1
34036,DS,1
34036,XO,1
34036,SJ,1
34036,FS,1
34037,BR,1
34037,FS,1
34037,XO,1
34040,JA,1
34040,SJ,1
34040,XM,1
34040,XO,1
34041,XM,1
34041,BR,1
34042,XM,1
34042,BR,1
34042,XO,1
34046,JA,1
34046,SJ,1
34047,KS,1
34047,XO,1
34047,JA,1
34047,FS,1
34047,BR,1
34050,SJ,1
34050,XO,1
34051,RH,1
34051,XO,1
34052,BR,1
34052,FS,1
34052,XO,1
34052,RH,1
34056,XO,1
34056,BU,1
34057,BU,1
34057,XO,1
34057,DS,1
34060,SJ,1
34061,BR,1
34061,FS,1
34061,XO,1
34062,XO,1
34062,FS,1
34062,BR,1
34063,BU,1
34063,JA,1
34063,KS,1
34063,BR,1
34063,DS,1
34063,XO,1
34063,FS,1
34066,SJ,1
34066,XO,1
34067,RH,1
34067,DS,1
34067,XO,1
34071,XO,1
34072,BT,1
34072,FS,1
34073,BR,1
34073,XO,1
34073,FS,1
34076,XO,1
34076,JA,1
34077,DS,1
34077,FS,1
34077,BR,1
34078,DS,1
34078,FS,1
34078,BR,1
34081,SJ,1
34082,BU,1
34083,SJ,1
34083,XO,1
34083,RH,1
34083,BU,1
34087,SJ,1
34088,BU,1
34091,JA,1
34093,BU,1
34093,DS,1
34096,JA,1
34096,RH,1
34097,RH,1
34097,XO,1
34098,DS,1
34098,RH,1
34098,FS,1
34098,XO,1
34101,JA,1
34103,FS,1
34103,BR,1
34107,FS,1
34107,SJ,1
34108,KS,1
34108,BU,1
34112,FS,1
34113,FS,1
34117,FS,1
34118,FS,1
34121,XM,1
34122,XM,1
34123,XM,1
34123,XO,1
34126,RH,1
34126,JA,1
34126,XO,1
34126,DS,1
34127,XO,1
34127,BR,1
34133,FS,1
34133,BU,1
34133,BR,1
34136,XO,1
34136,XM,1
34137,XM,1
34138,XM,1
34139,XO,1
34139,HS,1
34139,FS,1
34966,FS,1
34966,SS,1
34966,BU,1
34966,XO,1
34966,BR,1
34970,FS,1
34971,BR,1
34971,FS,1
34971,BU,1
34971,DS,1
34975,FS,1
34976,FS,1
34976,DS,1
34976,BR,1
34980,FS,1
34981,BR,1
34981,FS,1
34981,BU,1
34991,FS,1
34991,XO,1
34991,SS,1
34991,BR,1
34991,BU,1
34995,DS,1
34995,BR,1
34995,FS,1
34996,FS,1
34996,BR,1
34996,DS,1
35000,DS,1
35000,SJ,1
35000,FS,1
35001,FS,1
35001,BR,1
35001,DS,1
35003,BU,1
35010,XO,1
35011,BR,1
35011,FS,1
35011,SS,1
35015,DS,1
35016,BU,1
35016,DS,1
35016,BR,1
35016,FS,1
35020,FS,1
35021,BR,1
35021,XO,1
35021,SS,1
35021,FS,1
35029,JA,1
35030,FS,1
35030,DS,1
35031,BR,1
35031,FS,1
35031,DS,1
35031,BU,1
35035,DS,1
35036,DS,1
35036,BR,1
35036,FS,1
35038,BU,1
35045,DS,1
35045,FS,1
35045,BR,1
35046,BR,1
35046,FS,1
35046,DS,1
35050,FS,1
35050,BR,1
35050,DS,1
35051,BU,1
35051,BR,1
35051,FS,1
35051,DS,1
35056,BU,1
35056,FS,1
35056,BR,1
35062,BR,1
35062,FS,1
35067,FS,1
35067,BU,1
35067,BR,1
35072,BR,1
35072,FS,1
35077,BR,1
35077,FS,1
35077,JA,1
35081,DS,1
35081,FS,1
35081,BR,1
35082,FS,1
35082,BR,1
35082,DS,1
35087,BU,1
35087,FS,1
35087,DS,1
35087,BR,1
35091,DS,1
35092,BR,1
35092,FS,1
35092,DS,1
35096,DS,1
35096,FS,1
35097,FS,1
35097,DS,1
35097,SS,1
35097,BR,1
35102,BR,1
35102,BU,1
35102,DS,1
35102,FS,1
35106,FS,1
35106,BR,1
35107,BR,1
35107,SS,1
35107,FS,1
35111,FS,1
35111,BR,1
35112,FS,1
35112,BR,1
35116,FS,1
35116,XO,1
35116,BR,1
35117,BR,1
35117,XO,1
35117,FS,1
35117,SS,1
35121,FS,1
35121,BR,1
35121,DS,1
35122,BU,1
35122,FS,1
35122,BR,1
35126,FS,1
35127,DS,1
35127,FS,1
35127,BR,1
35132,BR,1
35132,FS,1
35136,FS,1
35136,DS,1
35137,FS,1
35137,DS,1
35145,FS,1
35146,FS,1
35147,FS,1
35150,DS,1
35151,FS,1
35151,KS,1
35151,DS,1
35152,BR,1
35152,SS,1
35152,DS,1
35152,FS,1
35152,KS,1
35156,DS,1
35156,FS,1
35157,FS,1
35157,DS,1
35157,BU,1
35157,BR,1
35161,FS,1
35162,DS,1
35162,SS,1
35162,XO,1
35162,BR,1
35162,FS,1
35167,FS,1
35167,BR,1
35167,DS,1
35177,XO,1
35177,BR,1
35177,FS,1
35177,BU,1
35177,DS,1
35187,DS,1
35187,FS,1
35187,BR,1
35191,FS,1
35192,DS,1
35192,FS,1
35192,BR,1
35192,XO,1
35192,SS,1
35196,DS,1
35197,BU,1
35197,FS,1
35197,BR,1
35207,BR,1
35207,DS,1
35207,FS,1
35212,FS,1
35212,XO,1
35212,BR,1
35212,SS,1
35216,FS,1
35217,BR,1
35217,FS,1
35217,DS,1
35221,FS,1
35222,BR,1
35222,XO,1
35222,FS,1
35227,FS,1
35227,RH,1
35227,BR,1
35232,BR,1
35232,FS,1
35236,FS,1
35237,DS,1
35237,BR,1
35237,FS,1
35239,DS,1
35240,DS,1
35241,DS,1
35241,BR,1
35241,FS,1
35242,BR,1
35242,DS,1
35242,FS,1
35246,BR,1
35247,FS,1
35247,BR,1
35247,DS,1
35252,DS,1
35252,KS,1
35252,FS,1
35252,BR,1
35256,BR,1
35256,FS,1
35256,DS,1
35257,DS,1
35257,FS,1
35257,BR,1
35260,DS,1
35261,BR,1
35261,FS,1
35262,FS,1
35262,BR,1
35267,BR,1
35267,BU,1
35267,XO,1
36021,BR,1
36022,FS,1
36022,BR,1
36022,BT,1
36025,JA,1
36025,XO,1
36025,FS,1
36026,FS,1
36026,XO,1
36026,BR,1
36029,FS,1
36030,BR,1
36030,FS,1
36032,JA,1
36033,BR,1
36034,FS,1
36034,BR,1
36034,JA,1
36036,XO,1
36037,DS,1
36037,FS,1
36037,BR,1
36038,BR,1
36038,FS,1
36038,DS,1
36041,FS,1
36041,BR,1
36042,BR,1
36042,FS,1
36045,XO,1
36046,XO,1
36046,FS,1
36046,DT,1
36049,FS,1
36050,BR,1
36050,FS,1
36053,JA,1
36054,FS,1
36054,BR,1
36058,FS,1
36058,XO,1
36058,BR,1
36058,BT,1
36062,FS,1
36064,DS,1
36065,BR,1
36065,FS,1
36066,FS,1
36066,BR,1
36070,XO,1
36070,FS,1
36070,BR,1
36074,BR,1
36074,FS,1
36074,XO,1
36074,SS,1
36078,BR,1
36080,BR,1
36080,SS,1
36080,FS,1
36081,XO,1
36081,BR,1
36081,FS,1
36082,XO,1
36082,BR,1
36082,FS,1
36085,FS,1
36086,XO,1
36086,FS,1
36089,XO,1
36090,BR,1
36090,FS,1
36094,XO,1
36094,FS,1
36096,BR,1
36097,FS,1
36097,XO,1
36097,BR,1
36098,BR,1
36098,XO,1
36098,FS,1
36101,XO,1
36102,FS,1
36102,BR,1
36105,FS,1
36106,SS,1
36106,XO,1
36106,BT,1
36106,FS,1
36106,BR,1
36109,FS,1
36109,XO,1
36110,SS,1
36110,XO,1
36110,FS,1
36113,BR,1
36113,FS,1
36114,BR,1
36114,FS,1
36117,XO,1
36118,XO,1
36118,BR,1
36121,FS,1
36121,XO,1
36122,BR,1
36122,JA,1
36122,FS,1
36126,BR,1
36126,FS,1
36129,XO,1
36129,FS,1
36130,BR,1
36130,XO,1
36130,FS,1
36343,FS,1
36344,BR,1
36344,FS,1
36347,BR,1
36347,FS,1
36348,FS,1
36352,FS,1
36352,BR,1
36352,JA,1
36355,XO,1
36356,JA,1
36356,XO,1
36360,XO,1
36360,JA,1
36364,BR,1
36364,FS,1
36367,BR,1
36368,BR,1
36369,BR,1
36371,FS,1
36372,BR,1
36372,FS,1
36375,FS,1
36376,FS,1
36376,BR,1
36380,BR,1
36380,FS,1
36384,FS,1
36384,BR,1
36387,BR,1
36387,FS,1
36389,FS,1
36389,BR,1
36395,XO,1
36396,FS,1
36396,XO,1
36399,FS,1
36399,BR,1
36403,XO,1
36403,BR,1
36404,BR,1
36404,FS,1
36404,XO,1
36407,FS,1
36407,BR,1
36407,JA,1
36408,FS,1
36408,JA,1
36408,BR,1
36415,FS,1
36415,BR,1
36416,BR,1
36416,FS,1
36416,SS,1
36419,BR,1
36419,FS,1
36419,XO,1
36420,XO,1
36420,FS,1
36420,BR,1
36424,JA,1
36424,FS,1
36427,BR,1
36428,XO,1
36428,BR,1
36432,XO,1
36432,JA,1
36432,FS,1
36436,SS,1
36436,BR,1
36436,FS,1
36440,XO,1
36440,BR,1
36440,FS,1
36444,FS,1
36447,FS,1
36447,BR,1
36447,JA,1
36448,JA,1
36448,XO,1
36448,FS,1
36448,BR,1
36451,BR,1
36451,DS,1
36451,FS,1
36451,XO,1
36452,FS,1
36452,BR,1
36453,BR,1
36453,FS,1
36453,XO,1
36454,FS,1
36455,HS,1
36455,BR,1
36455,SS,1
36455,FS,1
36455,DS,1
36456,XO,1
36457,BR,1
36457,XO,1
36457,FS,1
36459,FS,1
36459,SS,1
36459,JA,1
36459,BR,1
36459,XO,1
36460,XO,1
36461,DS,1
36461,SS,1
36461,BR,1
36461,BU,1
36461,XO,1
36461,FS,1
36462,XO,1
36462,BR,1
36462,SS,1
36462,FS,1
36462,DS,1
36463,SS,1
36463,FS,1
36463,BR,1
36464,DS,1
36464,FS,1
36465,XO,1
36465,BR,1
36465,FS,1
36466,XO,1
36466,BR,1
36467,BR,1
36467,XO,1
36467,DT,1
36467,DS,1
36468,XO,1
36469,JA,1
36469,FS,1
36469,BR,1
36470,FS,1
36470,BR,1
36471,BR,1
36471,FS,1
36472,XO,1
36472,FS,1
36473,XO,1
36473,FS,1
36473,BR,1
36474,FS,1
36474,BR,1
36474,XO,1
36475,FS,1
36475,SS,1
36475,XO,1
36475,BR,1
36476,XO,1
36476,BR,1
36476,FS,1
36477,BR,1
36477,XO,1
36477,FS,1
36477,SS,1
36478,XO,1
36478,FS,1
36479,FS,1
36479,BR,1
36479,DS,1
36479,XO,1
36480,BR,1
36480,DS,1
36480,FS,1
36481,JA,1
36481,XO,1
36481,BR,1
36481,FS,1
36481,SS,1
36482,BR,1
36482,FS,1
36482,XO,1
36483,DS,1
36483,SS,1
36483,BR,1
36484,BR,1
36484,FS,1
36484,XO,1
36484,DS,1
36485,XO,1
36485,BR,1
36485,FS,1
36486,FS,1
36486,BR,1
36486,XO,1
36487,FS,1
36487,BR,1
36487,XO,1
36488,FS,1
36488,BR,1
36488,XO,1
36489,DS,1
36489,BT,1
36489,DT,1
36489,BR,1
36490,XO,1
36490,BR,1
36491,FS,1
36491,XO,1
36492,XO,1
36492,FS,1
36493,FS,1
36493,FL,1
36493,BR,1
36493,XO,1
36494,DT,1
36494,BR,1
36494,XO,1
36494,FS,1
36495,FS,1
36495,BR,1
36495,XO,1
36496,XO,1
36497,SS,1
36497,FS,1
36497,BR,1
36497,XO,1
36498,XO,1
36498,BR,1
36498,FS,1
36499,DS,1
36499,XO,1
36499,BR,1
36500,XO,1
36501,FS,1
36501,BR,1
36501,XO,1
36502,XO,1
36502,BR,1
36502,FS,1
36503,FS,1
36503,DT,1
36503,DS,1
36503,BR,1
36504,DT,1
36504,BR,1
36504,BT,1
36504,FS,1
36504,DS,1
36505,BR,1
36505,XO,1
36505,FS,1
36506,FS,1
36506,XO,1
36507,DS,1
36507,BR,1
36507,FS,1
36507,BT,1
36508,DS,1
36508,XO,1
36509,XO,1
36509,FS,1
36509,BR,1
36509,DS,1
36510,FS,1
36510,XO,1
36510,DS,1
36511,XO,1
36511,BR,1
36511,FS,1
36511,DT,1
36512,BR,1
36512,FS,1
36512,XO,1
36513,XO,1
36513,DT,1
36513,BR,1
36513,FS,1
36514,XO,1
36514,BT,1
36514,FS,1
36514,SS,1
36514,BR,1
36515,DS,1
36515,XO,1
36515,BR,1
36515,FS,1
36516,BR,1
36516,SS,1
36516,DS,1
36516,XO,1
36516,FS,1
36516,BT,1
36517,XO,1
36517,BR,1
36517,FS,1
36517,JA,1
36517,SS,1
36518,FS,1
36518,BR,1
36518,SS,1
36518,JA,1
36518,XO,1
36519,BR,1
36519,XO,1
36519,FS,1
36520,FS,1
36520,XO,1
36520,BR,1
36521,XO,1
36521,BR,1
36521,FS,1
36522,FS,1
36522,XO,1
36522,SS,1
36522,BR,1
36523,XO,1
36523,FS,1
36523,BR,1
36524,FS,1
36524,BR,1
36524,SS,1
36524,XO,1
36525,XO,1
36526,BT,1
36526,FS,1
36526,DS,1
36526,XO,1
36527,FS,1
36527,XO,1
36527,BR,1
36527,SS,1
36528,XO,1
36528,FS,1
36530,BR,1
36530,FS,1
36531,DT,1
36531,BR,1
36531,SS,1
36531,FS,1
36531,XO,1
36531,BT,1
36532,FS,1
36532,BR,1
36532,BT,1
36532,SS,1
36532,XO,1
36533,XO,1
36533,FS,1
36533,BR,1
36534,BR,1
36534,XO,1
36534,SS,1
36534,FS,1
36535,JA,1
36535,FS,1
36536,XO,1
36536,FS,1
36536,SS,1
36536,BR,1
36537,XO,1
36538,DT,1
36538,XO,1
36538,BR,1
36538,DS,1
36538,FS,1
36539,BR,1
36539,XO,1
36539,FS,1
36540,XO,1
36540,FS,1
36540,BR,1
36541,BR,1
36541,XO,1
36541,FS,1
36542,BR,1
36542,XO,1
36542,FS,1
36543,XO,1
36543,FS,1
36544,XO,1
36544,FS,1
36544,BR,1
36545,DS,1
36545,FS,1
36545,BR,1
36545,XO,1
36546,XO,1
36546,BR,1
36546,FS,1
36546,DS,1
36547,BR,1
36547,DS,1
36547,FS,1
36547,XO,1
36548,BR,1
36548,XO,1
36548,FS,1
36549,FS,1
36549,BR,1
36551,BR,1
36551,FS,1
36552,FS,1
36552,BR,1
36553,FS,1
36554,BT,1
36554,BR,1
36554,XO,1
36554,FS,1
36554,SS,1
36555,FS,1
36555,BR,1
36555,XO,1
36556,XO,1
36557,XO,1
36557,FS,1
36557,RH,1
36557,DS,1
36557,BR,1
36558,BR,1
36558,XO,1
36558,FS,1
36559,FS,1
36559,XO,1
36560,BR,1
36560,SS,1
36560,FS,1
36560,XO,1
36561,XO,1
36561,BR,1
36561,FS,1
36562,BR,1
36562,FS,1
36563,DS,1
36563,FS,1
36563,SS,1
36563,DT,1
36563,BR,1
36563,XO,1
36564,BR,1
36564,XO,1
36564,FS,1
36565,FS,1
36566,BR,1
36566,FS,1
36566,XO,1
36567,XO,1
36567,FS,1
36569,BR,1
36569,BU,1
36569,XO,1
36569,FS,1
36570,FS,1
36570,BR,1
36571,FS,1
36572,SS,1
36572,FS,1
36572,XO,1
36572,BR,1
36573,XO,1
36573,BR,1
36573,FS,1
36574,FS,1
36574,XO,1
36575,BU,1
36575,XO,1
36575,DT,1
36575,FS,1
36575,DS,1
36575,BR,1
36576,XO,1
36576,FS,1
36578,FS,1
36578,DS,1
36578,XO,1
36578,DT,1
36579,XO,1
36579,FS,1
36581,BU,1
36581,BR,1
36581,FS,1
36581,XO,1
36583,BR,1
36583,FS,1
36584,FS,1
36584,DS,1
36584,XO,1
36584,SS,1
36584,BR,1
36586,BR,1
36586,FS,1
36586,XO,1
36587,DS,1
36587,XO,1
36587,DT,1
36587,BR,1
36587,FS,1
36588,XO,1
36588,FS,1
36589,XO,1
36590,RS,1
36590,FS,1
36590,BR,1
36590,XO,1
36591,XO,1
36593,FS,1
36593,SS,1
36593,DS,1
36593,BR,1
36594,FS,1
36596,BR,1
36596,XO,1
36596,BU,1
36596,SS,1
36596,FS,1
36597,SS,1
36597,XO,1
36597,BR,1
36597,FS,1
36598,FS,1
36598,XO,1
36599,FS,1
36599,XO,1
36599,BR,1
36599,DS,1
36600,BR,1
36600,FS,1
36601,XO,1
36601,FS,1
36602,FS,1
36602,FL,1
36602,XO,1
36602,BR,1
36603,XO,1
36603,FS,1
36604,FS,1
36604,XO,1
36605,BR,1
36605,XO,1
36605,DS,1
36605,FL,1
36605,BU,1
36605,FS,1
36606,BR,1
36606,FS,1
36606,XO,1
36607,XO,1
36607,JA,1
36608,DT,1
36608,SS,1
36608,BU,1
36608,FS,1
36608,BR,1
36608,XO,1
36609,FS,1
36609,BR,1
36609,XO,1
36610,RH,1
36610,FS,1
36610,XO,1
36611,DS,1
36611,FS,1
36611,XO,1
36611,BT,1
36611,BR,1
36612,BR,1
36612,FS,1
36612,XO,1
36614,DS,1
36614,BR,1
36614,XO,1
36614,FS,1
36615,FS,1
36617,XO,1
36617,SS,1
36617,BR,1
36617,FS,1
36618,FS,1
36618,XO,1
36620,XO,1
36621,XO,1
36623,XO,1
36623,BR,1
36623,FS,1
36624,FS,1
36624,BR,1
36624,XO,1
36625,RH,1
36625,XO,1
36626,BR,1
36626,BU,1
36626,XO,1
36626,FS,1
36627,FS,1
36627,BR,1
36627,XO,1
36628,FS,1
37080,XM,1
37081,XM,1
37082,XM,1
37084,XM,1
37085,XM,1
37087,XM,1
37091,XM,1
37092,XM,1
37093,XM,1
37094,XM,1
37098,XM,1
37101,XM,1
37103,XM,1
37104,XM,1
37105,XM,1
37108,XM,1
37110,XM,1
37111,XM,1
37112,XM,1
37116,XM,1
37117,XM,1
37118,XM,1
37119,XM,1
37121,XM,1
37122,XM,1
37127,XM,1
37414,DS,1
37414,XO,1
37419,XO,1
37424,XO,1
37424,FS,1
37434,XO,1
37439,SS,1
37439,FS,1
37449,XO,1
37454,XO,1
37454,FS,1
37454,SS,1
37459,SS,1
37459,FS,1
37459,XO,1
37469,XO,1
37479,XO,1
37484,BR,1
37489,XO,1
37494,BR,1
37494,FS,1
37499,XO,1
37504,XO,1
37504,DS,1
37514,XO,1
37514,FS,1
37524,BR,1
37529,FS,1
37529,XO,1
37539,XO,1
37539,BR,1
37544,FS,1
37544,XO,1
37549,FS,1
37549,SS,1
37549,XO,1
37549,SJ,1
37549,BR,1
37554,BR,1
37554,FS,1
37554,XO,1
37559,XM,1
37564,XO,1
37564,FL,1
37569,FS,1
37569,XM,1
37569,XO,1
37569,DS,1
37574,XO,1
37574,FS,1
37574,BR,1
37574,SS,1
37580,XO,1
37580,BR,1
37580,FS,1
37585,BR,1
37590,BR,1
37590,XO,1
37590,DS,1
37595,SS,1
37595,FS,1
37595,XM,1
37595,XO,1
37600,XO,1
37604,BR,1
37604,XO,1
37605,XO,1
37615,DS,1
37615,FS,1
37615,XM,1
37615,XO,1
37615,BR,1
37620,XO,1
37620,BR,1
37620,DS,1
37625,XM,1
37625,XO,1
37625,FS,1
37635,FS,1
37635,XM,1
37635,BR,1
37635,XO,1
37640,BR,1
37640,XM,1
37650,XM,1
37650,FL,1
37655,FL,1
37660,XM,1
37672,FS,1
37672,XO,1
37687,BR,1
37687,SS,1
37687,FS,1
37687,XO,1
37692,XO,1
37692,XM,1
37692,FS,1
37692,SS,1
37692,BR,1
37697,XO,1
37702,DS,1
37702,XO,1
37707,XM,1
37707,XO,1
37707,BR,1
37712,BR,1
37712,XO,1
37712,FS,1
37717,XO,1
37723,XO,1
37723,DS,1
37723,XM,1
37723,FS,1
37728,XO,1
37728,DS,1
37728,FS,1
37734,FS,1
37734,BR,1
37734,XO,1
37739,BR,1
37739,XO,1
37744,FS,1
37744,BR,1
37744,DS,1
37744,XO,1
37749,XM,1
37749,FS,1
37749,BR,1
37749,SJ,1
37749,XO,1
37754,XO,1
37754,FS,1
37754,SS,1
37759,DS,1
37759,FS,1
37759,XO,1
37764,FS,1
37764,XO,1
37764,SS,1
37764,FL,1
37769,XO,1
37774,XO,1
37774,XM,1
37774,FS,1
37779,FS,1
37779,SS,1
37779,XO,1
37784,FS,1
37784,XO,1
37789,SS,1
37789,FS,1
37789,XO,1
37794,XO,1
37794,FS,1
37799,XM,1
37799,BR,1
37799,FS,1
37799,XO,1
37804,XM,1
37804,XO,1
37804,BR,1
37804,FS,1
37804,SS,1
37809,XO,1
37809,FS,1
37814,BR,1
37814,XO,1
38237,BR,1
38237,XO,1
38240,XO,1
38240,FS,1
38311,DT,1
38312,XO,1
38312,DT,1
38313,FS,1
38313,BU,1
38313,BR,1
38313,SS,1
38313,XO,1
38315,DS,1
38316,XO,1
38316,DS,1
38316,FS,1
38316,XM,1
38317,DS,1
38317,FS,1
38317,XM,1
38317,BR,1
38317,XO,1
38317,DT,1
38318,BR,1
38318,XO,1
38318,DT,1
38318,XM,1
38318,BU,1
38318,FS,1
38318,SS,1
38318,DS,1
38320,XO,1
38321,DS,1
38321,XO,1
38321,FS,1
38322,XO,1
38322,FS,1
38322,DS,1
38323,DS,1
38323,BR,1
38323,XO,1
38323,BU,1
38323,SS,1
38323,DT,1
38323,FS,1
38326,XO,1
38327,XO,1
38327,DS,1
38327,FS,1
38327,FL,1
38328,BU,1
38328,XO,1
38328,FS,1
38328,DS,1
38328,RH,1
38331,XO,1
38332,BR,1
38332,XO,1
38332,FS,1
38333,RH,1
38333,FS,1
38333,XO,1
38333,BR,1
38336,DT,1
38336,XO,1
38337,DS,1
38337,XO,1
38338,FS,1
38338,BU,1
38338,XO,1
38338,DT,1
38338,BR,1
38338,DS,1
38341,DT,1
38341,FS,1
38342,FS,1
38342,DT,1
38342,DS,1
38342,XO,1
38343,FS,1
38343,BU,1
38343,DT,1
38343,SJ,1
38343,XO,1
38343,DS,1
38343,BR,1
38346,XO,1
38346,DT,1
38347,XO,1
38347,RH,1
38347,DS,1
38347,FS,1
38348,FS,1
38348,XO,1
38348,DT,1
38348,BU,1
38348,RH,1
38348,HS,1
38348,SS,1
38353,DS,1
38353,XO,1
38353,DT,1
38354,SS,1
38354,BU,1
38354,DT,1
38354,XO,1
38354,FS,1
38357,XO,1
38358,DS,1
38358,FS,1
38358,XO,1
38359,FS,1
38359,BR,1
38359,XO,1
38359,DS,1
38359,SS,1
38359,BU,1
38362,XO,1
38362,JA,1
38363,XO,1
38363,SS,1
38363,FS,1
38363,BR,1
38363,DS,1
38364,BU,1
38364,XO,1
38364,RH,1
38364,SJ,1
38364,JA,1
38367,XO,1
38368,DS,1
38368,FS,1
38368,BR,1
38368,XO,1
38369,BR,1
38369,XO,1
38369,FS,1
38369,DS,1
38369,BU,1
38372,JA,1
38372,XO,1
38372,RH,1
38373,DT,1
38373,FS,1
38373,BU,1
38373,JA,1
38373,XO,1
38374,SS,1
38374,SJ,1
38374,DS,1
38374,RH,1
38374,FS,1
38374,BR,1
38374,XO,1
38374,BU,1
38374,DT,1
38377,RH,1
38377,DS,1
38377,XO,1
38378,XO,1
38378,DT,1
38378,FS,1
38379,BU,1
38379,DT,1
38379,RH,1
38379,FS,1
38379,XO,1
38382,XO,1
38382,RH,1
38383,RH,1
38383,XO,1
38383,FS,1
38384,FS,1
38384,RH,1
38384,DS,1
38384,XO,1
38387,DS,1
38387,XO,1
38388,XO,1
38388,DS,1
38388,FS,1
38389,DS,1
38389,XO,1
38389,BT,1
38389,BR,1
38389,DT,1
38389,FS,1
38389,BU,1
38392,XO,1
38392,DT,1
38393,BR,1
38393,FS,1
38393,XO,1
38393,DS,1
38394,DS,1
38394,XO,1
38394,FS,1
38394,BR,1
38394,BU,1
38397,XO,1
38397,DT,1
38398,DS,1
38398,XO,1
38398,BR,1
38398,FS,1
38399,XO,1
38399,BR,1
38399,DT,1
38399,FL,1
38399,DS,1
38399,BU,1
38399,FS,1
38402,XO,1
38403,XO,1
38403,BU,1
38404,SS,1
38404,BU,1
38404,FS,1
38404,XO,1
38404,BR,1
38407,XO,1
38408,DS,1
38408,FS,1
38408,JA,1
38408,XO,1
38409,FS,1
38409,XO,1
38409,BR,1
38409,BU,1
38409,DT,1
38436,DS,1
38436,BU,1
38436,XO,1
39426,XO,1
39426,JA,1
39426,BT,1
39426,DS,1
39431,XO,1
39431,BR,1
39431,FS,1
39436,FS,1
39436,XO,1
39436,BR,1
39441,XO,1
39441,DS,1
39441,BT,1
39446,FS,1
39446,XO,1
39451,XO,1
39451,SS,1
39451,DS,1
39451,FS,1
39456,BR,1
39456,XO,1
39461,XO,1
39461,BT,1
39461,FL,1
39461,FS,1
39466,FS,1
39466,BT,1
39466,XO,1
39471,DS,1
39471,XO,1
39471,FS,1
39476,FS,1
39476,DS,1
39476,SS,1
39476,XO,1
39481,SS,1
39481,XO,1
39481,JA,1
39486,FS,1
39486,BR,1
39486,HS,1
39486,XO,1
39491,XO,1
39491,JA,1
39491,BR,1
39496,DS,1
39496,XO,1
39496,SS,1
39496,FS,1
39501,DS,1
39501,HS,1
39501,JA,1
39501,XO,1
39502,XO,1
39506,FS,1
39506,XO,1
39506,SS,1
39506,XM,1
39507,XO,1
39507,FS,1
39511,DS,1
39511,FS,1
39511,JA,1
39516,RH,1
39516,BR,1
39516,FS,1
39521,FS,1
39521,XO,1
39521,BR,1
39526,XM,1
39526,XO,1
39526,FS,1
39531,XO,1
39531,BT,1
39536,XO,1
39536,FS,1
39541,FS,1
39541,XO,1
39546,SS,1
39546,FS,1
39546,XO,1
39551,XO,1
39551,FS,1
39556,XO,1
39556,DS,1
39556,JA,1
39556,BR,1
39561,FS,1
39561,DS,1
39566,XO,1
39566,FS,1
39567,SS,1
39567,FS,1
39571,FS,1
39576,XO,1
39576,BR,1
39576,BT,1
39581,BR,1
39581,XO,1
39581,FS,1
39586,RH,1
39586,FS,1
39591,FS,1
39591,SS,1
39596,HS,1
39596,FS,1
39596,XO,1
39601,XO,1
39601,DS,1
39606,FS,1
39606,BR,1
39606,XO,1
39611,DS,1
39611,BR,1
39611,XO,1
39611,FS,1
39616,FS,1
39616,XO,1
39616,BR,1
39621,RH,1
39621,FS,1
39621,DS,1
39626,DS,1
39626,BR,1
39626,FS,1
39631,XO,1
39631,DS,1
39631,JA,1
39636,XO,1
39636,BR,1
39646,BT,1
39646,XO,1
39646,BR,1
39651,JA,1
39651,BU,1
39651,XO,1
39656,FS,1
39656,XO,1
39656,SJ,1
39661,BR,1
39661,XO,1
39661,FS,1
39661,JA,1
39666,FS,1
39666,XO,1
39671,MA,1
39671,RH,1
39671,BR,1
39676,SS,1
39676,DS,1
39681,FS,1
39681,SS,1
39686,JA,1
39686,FS,1
39686,BR,1
39691,JA,1
39691,XO,1
39696,BR,1
39696,XO,1
39696,FS,1
39701,XO,1
39701,DS,1
39701,FS,1
39706,CT,1
39706,XO,1
39706,BR,1
39711,MA,1
39711,XO,1
39711,BR,1
39720,XO,1
39720,BR,1
39720,FS,1
39720,DS,1
39721,XO,1
39721,FS,1
39726,FS,1
39726,JA,1
39726,XO,1
39726,DS,1
39726,BR,1
39726,RH,1
39727,DS,1
39727,XO,1
39727,RH,1
39727,FS,1
39731,SS,1
39731,FS,1
39736,BR,1
39736,KS,1
39736,FS,1
39741,SS,1
39741,FS,1
39741,HS,1
39741,DS,1
39746,BR,1
39746,XO,1
39751,FS,1
39751,KS,1
39751,XO,1
39756,BR,1
39756,FS,1
39756,JA,1
39756,XO,1
39756,DS,1
39757,JA,1
39761,XO,1
39761,FS,1
39761,SS,1
39761,BR,1
39770,XO,1
39770,BR,1
39770,FS,1
39774,XO,1
39775,XO,1
39776,FS,1
39776,SS,1
39777,FS,1
39777,SS,1
39781,DS,1
39781,XO,1
39786,BR,1
39791,SS,1
39796,FS,1
39796,SS,1
39796,XO,1
39796,JA,1
39801,XO,1
39801,BR,1
39801,SS,1
39801,FS,1
39806,BR,1
39806,FS,1
39806,BT,1
39806,XO,1
39811,DS,1
39811,BT,1
39811,BR,1
39820,DS,1
39820,SJ,1
39820,XO,1
39820,BR,1
39821,FS,1
39821,BR,1
39826,FS,1
39826,XO,1
39831,DS,1
39831,BR,1
39831,JA,1
39831,HS,1
39836,XM,1
39836,HS,1
39836,XO,1
39841,FS,1
39850,SJ,1
39850,XO,1
39850,FS,1
39939,FL,1
39939,DT,1
39939,DS,1
39939,XO,1
39939,FS,1
39940,DT,1
39940,XO,1
39940,BU,1
39940,SJ,1
39940,RH,1
39940,SS,1
39940,FL,1
39940,FS,1
39941,FS,1
39941,BR,1
39941,SS,1
39941,XM,1
39941,DS,1
39942,BT,1
39942,FS,1
39942,XO,1
39942,BR,1
39942,XM,1
39943,XO,1
39943,FS,1
39943,DS,1
39944,DS,1
39944,DR,1
39944,XO,1
39944,FS,1
39944,BR,1
39945,XO,1
39945,FS,1
39945,BR,1
39945,XM,1
39945,SS,1
39946,BT,1
39946,HS,1
39946,XM,1
39946,FS,1
39946,XO,1
39946,BR,1
39947,XO,1
39947,DS,1
39947,FS,1
39948,FS,1
39948,BR,1
39948,DS,1
39948,XO,1
39949,DS,1
39949,SJ,1
39949,FS,1
39949,XO,1
39950,DS,1
39950,BR,1
39950,XO,1
39950,FS,1
39951,XO,1
39951,XM,1
39951,FS,1
39951,BR,1
39951,DS,1
39951,SS,1
39952,BR,1
39952,BU,1
39952,XM,1
39952,XO,1
39952,SS,1
39952,FS,1
39953,DS,1
39953,XO,1
39953,FS,1
39954,FS,1
39954,XO,1
39954,BT,1
39954,DS,1
39954,BR,1
39955,XO,1
39955,DT,1
39955,FS,1
39956,BU,1
39956,BT,1
39956,XO,1
39956,BR,1
39956,DT,1
39956,DS,1
39956,FS,1
39957,XM,1
39957,FS,1
39957,RH,1
39957,DS,1
39957,XO,1
39958,DS,1
39958,XO,1
39958,FS,1
39958,BR,1
39958,XM,1
39959,HS,1
39959,BR,1
39959,BT,1
39960,BT,1
39960,FS,1
39960,BR,1
39960,CT,1
39961,BR,1
39961,FS,1
39961,XM,1
39961,BU,1
39962,BU,1
39962,BR,1
39962,XM,1
39962,FS,1
39963,BR,1
39963,DS,1
39963,XO,1
39963,FS,1
39964,XO,1
39964,BU,1
39964,FS,1
39964,BR,1
39964,SS,1
39965,DS,1
39965,XO,1
39965,FS,1
39965,FL,1
39966,SS,1
39966,BU,1
39966,HS,1
39966,FS,1
39966,XO,1
39966,BR,1
39967,BT,1
39967,FS,1
39967,DS,1
39967,XM,1
39967,XO,1
39967,BR,1
39968,HS,1
39968,BR,1
39968,SS,1
39968,FS,1
39968,XO,1
39968,DS,1
39968,XM,1
39969,SJ,1
39969,RH,1
39969,FS,1
39969,XO,1
39970,BT,1
39970,FS,1
39970,XO,1
39970,BU,1
39970,SJ,1
39970,RH,1
39971,SS,1
39971,DS,1
39971,FS,1
39971,XO,1
39972,FS,1
39972,XO,1
39972,DS,1
39972,SS,1
39972,BR,1
39973,BR,1
39973,SS,1
39973,DS,1
39973,BT,1
39973,XM,1
39973,FS,1
39973,XO,1
39974,BT,1
39974,XO,1
39974,DS,1
39974,SS,1
39974,FS,1
39974,XM,1
39974,BR,1
39975,XO,1
39975,DS,1
39975,FS,1
39976,FS,1
39976,SS,1
39976,DS,1
39976,XO,1
39976,DT,1
39976,SJ,1
39977,DS,1
39977,XM,1
39978,SS,1
39978,BU,1
39978,XM,1
39978,XO,1
39978,FS,1
39981,FS,1
39981,DS,1
39981,XM,1
39981,XO,1
39982,XO,1
39982,FS,1
39982,XM,1
39983,DS,1
39983,XM,1
39983,XO,1
39983,FS,1
39985,SJ,1
39986,XO,1
39986,XM,1
39986,SJ,1
39986,RH,1
39987,FS,1
39987,XM,1
39987,XO,1
39987,RH,1
39987,SS,1
39987,BU,1
39988,BU,1
39988,FS,1
39988,XM,1
39988,XO,1
39988,SS,1
39988,DS,1
39988,SJ,1
39988,RH,1
39990,XO,1
39990,JA,1
39991,JA,1
39991,XO,1
39992,XO,1
39992,FS,1
39993,SS,1
39993,XO,1
39993,DS,1
39993,FS,1
39993,SJ,1
39993,MA,1
39993,JA,1
39996,FS,1
39996,XM,1
39997,JA,1
39997,XM,1
39997,XO,1
39998,BU,1
39998,DS,1
39998,XM,1
39998,FS,1
40000,XO,1
40001,XO,1
40002,XO,1
40002,SJ,1
40002,DS,1
40003,XO,1
40003,SJ,1
40003,DS,1
40005,XO,1
40006,XO,1
40007,XO,1
40007,FS,1
40007,DS,1
40008,XO,1
40008,MA,1
40008,FS,1
40008,KS,1
40008,GH,1
40011,XO,1
40012,SJ,1
40012,FS,1
40012,SS,1
40013,XO,1
40013,FS,1
40013,DS,1
40013,BR,1
40015,SJ,1
40016,RH,1
40016,SJ,1
40016,XO,1
40017,FS,1
40017,RH,1
40017,XO,1
40017,BR,1
40018,BR,1
40018,GH,1
40018,SS,1
40018,FS,1
40018,SJ,1
40018,XO,1
40020,XO,1
40022,XO,1
40022,FS,1
40022,BU,1
40022,SJ,1
40023,FS,1
40023,SJ,1
40023,XO,1
40023,SS,1
40026,DS,1
40026,XO,1
40026,XM,1
40027,FS,1
40027,DS,1
40027,XO,1
40027,XM,1
40027,BR,1
40028,KS,1
40028,BR,1
40028,FS,1
40028,XM,1
40030,SJ,1
40031,XO,1
40031,SJ,1
40032,BR,1
40032,FS,1
40032,XO,1
40033,BT,1
40033,SS,1
40033,FS,1
40033,GH,1
40033,BR,1
40033,XO,1
40035,SJ,1
40036,FS,1
40036,RH,1
40036,GH,1
40037,MA,1
40037,JA,1
40037,BR,1
40037,FS,1
40037,BT,1
40037,XO,1
40038,KS,1
40038,BT,1
40038,XO,1
40038,MA,1
40038,BU,1
40038,BR,1
40041,XO,1
40042,BR,1
40042,XO,1
40043,BU,1
40043,XO,1
40043,BR,1
40043,FS,1
40046,SJ,1
40046,FS,1
40047,XO,1
40047,GH,1
40047,KS,1
40048,BR,1
40048,DS,1
40048,KS,1
40048,FS,1
40051,JA,1
40052,FS,1
40052,JA,1
40052,DS,1
40052,XO,1
40053,XO,1
40053,DS,1
40053,SJ,1
40053,FS,1
40055,XO,1
40056,JA,1
40056,XM,1
40056,FS,1
40056,RH,1
40056,XO,1
40057,MA,1
40057,XM,1
40057,FS,1
40057,SJ,1
40058,JA,1
40058,SJ,1
40058,MA,1
40058,FS,1
40058,XM,1
40058,BU,1
40058,KS,1
40061,XO,1
40061,DS,1
40061,FS,1
40062,BT,1
40062,FS,1
40062,BR,1
40063,XO,1
40063,DS,1
40063,FS,1
40063,BR,1
40063,KS,1
40063,MA,1
40063,JA,1
40066,XO,1
40067,SS,1
40067,FS,1
40067,XO,1
40067,RH,1
40067,GH,1
40068,JA,1
40068,FS,1
40068,SJ,1
40068,DS,1
40068,GH,1
40068,BR,1
40068,XO,1
40071,SJ,1
40072,MA,1
40072,FS,1
40072,XO,1
40073,DS,1
40073,SJ,1
40073,MA,1
40073,SS,1
40073,FS,1
40073,XO,1
40074,SS,1
40074,XO,1
40074,FS,1
40074,SJ,1
40074,DS,1
40077,XO,1
40078,XO,1
40078,FS,1
40079,GH,1
40079,XO,1
40079,FS,1
40079,KS,1
40082,RH,1
40083,BR,1
40083,XO,1
40083,RH,1
40084,BR,1
40084,KS,1
40084,SS,1
40084,RH,1
40084,FS,1
40084,SJ,1
40084,XO,1
40087,XO,1
40088,XO,1
40089,DS,1
40089,XO,1
40089,JA,1
40092,XO,1
40092,RH,1
40093,XO,1
40093,SJ,1
40094,KS,1
40094,BR,1
40094,FS,1
40094,BU,1
40094,XO,1
40097,XO,1
40098,XO,1
40098,FS,1
40098,XM,1
40099,XO,1
40099,SJ,1
40099,FS,1
40099,XM,1
40099,SS,1
40099,JA,1
40102,GH,1
40103,BR,1
40103,RH,1
40103,XO,1
40104,RH,1
40104,SS,1
40104,FS,1
40104,BU,1
40104,BR,1
40104,DS,1
40104,XO,1
40107,FS,1
40107,XO,1
40108,FS,1
40108,KS,1
40108,XO,1
40109,DS,1
40109,KS,1
40109,XO,1
40109,FS,1
40109,SS,1
40109,BR,1
40112,XM,1
40112,RH,1
40113,DS,1
40113,XO,1
40113,XM,1
40113,SJ,1
40114,XM,1
40114,SS,1
40114,FS,1
40114,DS,1
40114,BR,1
40114,XO,1
40115,DS,1
40115,FS,1
40115,SS,1
40115,BR,1
40115,XO,1
40118,RH,1
40118,JA,1
40119,XO,1
40119,BR,1
40119,RH,1
40120,FS,1
40120,BR,1
40120,RH,1
40120,JA,1
40120,DR,1
40120,XO,1
40120,BU,1
40120,FL,1
40123,SJ,1
40123,DS,1
40123,FS,1
40123,XM,1
40124,GH,1
40124,XM,1
40124,XO,1
40124,SJ,1
40125,BR,1
40125,KS,1
40125,FS,1
40125,XM,1
40125,DS,1
40126,BR,1
40126,XM,1
40126,DS,1
40126,BU,1
40126,XO,1
40126,FS,1
40129,XO,1
40129,FS,1
40130,DS,1
40130,XO,1
40130,FS,1
40131,BU,1
40131,JA,1
40131,BR,1
40131,FS,1
40131,XO,1
40131,DS,1
40134,FS,1
40134,RH,1
40134,XM,1
40134,XO,1
40135,XM,1
40135,XO,1
40135,SJ,1
40135,RH,1
40135,MA,1
40136,FS,1
40136,XO,1
40136,BR,1
40136,XM,1
40136,FL,1
40136,BU,1
40139,DS,1
40139,XO,1
40140,FS,1
40140,XO,1
40140,BR,1
40141,XO,1
40141,KS,1
40141,BU,1
40141,FS,1
40141,BR,1
40141,DS,1
40144,XM,1
40144,XO,1
40145,JA,1
40145,XM,1
40145,XO,1
40145,FS,1
40146,DS,1
40146,JA,1
40146,SJ,1
40146,SS,1
40146,XM,1
40146,BR,1
40146,GH,1
40146,XO,1
40146,FS,1
40149,FS,1
40149,XO,1
40150,BR,1
40150,XO,1
40150,FS,1
40151,SJ,1
40151,BU,1
40151,FS,1
40151,XO,1
40151,SS,1
40151,BR,1
40151,KS,1
40151,JA,1
40154,XM,1
40154,SJ,1
40154,XO,1
40154,DS,1
40155,XM,1
40155,BU,1
40155,SJ,1
40155,FS,1
40155,XO,1
40156,XM,1
40156,DS,1
40156,SJ,1
40156,XO,1
40156,BU,1
40156,BR,1
40159,XO,1
40159,SJ,1
40160,XO,1
40160,GH,1
40160,SJ,1
40160,FS,1
40160,BR,1
40161,DS,1
40161,XO,1
40161,BR,1
40161,GH,1
40161,SJ,1
40161,BU,1
40163,RH,1
40164,XO,1
40164,XM,1
40164,RH,1
40164,FS,1
40164,JA,1
40165,BR,1
40165,XM,1
40165,FS,1
40165,XO,1
40165,RH,1
40166,BU,1
40166,XO,1
40166,FS,1
40166,SS,1
40166,BR,1
40166,XM,1
40166,KS,1
40168,RH,1
40169,XO,1
40169,DS,1
40169,GH,1
40169,RH,1
40170,DS,1
40170,XO,1
40170,FS,1
40171,GH,1
40171,XO,1
40171,SS,1
40171,FS,1
40174,DS,1
40175,XO,1
40175,FS,1
40175,DS,1
40176,GH,1
40176,BR,1
40176,DS,1
40176,XO,1
40176,FS,1
40180,XO,1
40180,SJ,1
40181,SJ,1
40181,XO,1
40182,FS,1
40182,JA,1
40182,BT,1
40182,BR,1
40182,XO,1
40182,DS,1
40183,FS,1
40183,XO,1
40183,BR,1
40183,SS,1
40183,BU,1
40184,JA,1
40184,FS,1
40184,BU,1
40184,BR,1
40184,XO,1
40185,BU,1
40185,DS,1
40185,BR,1
40185,JA,1
40185,FS,1
40185,XO,1
40186,BR,1
40186,JA,1
40186,XO,1
40186,FS,1
40187,XM,1
40187,DS,1
40187,BU,1
40187,BR,1
40187,FS,1
40188,BR,1
40188,DS,1
40188,KS,1
40188,FS,1
40189,BR,1
40189,FS,1
40190,FS,1
40190,BR,1
40194,BU,1
40194,JA,1
40194,XM,1
40194,XO,1
40194,FS,1
40194,MA,1
40194,BR,1
40195,BU,1
40195,XO,1
40195,BR,1
40195,FS,1
40196,RH,1
40196,BR,1
40196,FS,1
40196,JU,1
40196,BU,1
40197,BR,1
40197,FS,1
40197,BU,1
40197,DS,1
40197,XO,1
40198,BR,1
40198,FS,1
40198,BU,1
40198,XO,1
40199,JU,1
40199,BR,1
40199,XO,1
40199,SJ,1
40199,FS,1
40199,JA,1
40200,BR,1
40200,FS,1
40200,KS,1
40200,BU,1
40200,JA,1
40200,XO,1
40201,XO,1
40201,XM,1
40201,BU,1
40201,FS,1
40201,DS,1
40201,BR,1
40202,XO,1
40202,FS,1
40202,SS,1
40202,BR,1
40202,BU,1
40203,FS,1
40203,BR,1
40203,BU,1
40205,FS,1
40205,XO,1
40205,BU,1
40205,BR,1
40206,BU,1
40206,XO,1
40206,FS,1
40206,JA,1
40206,BR,1
40206,XM,1
40209,SS,1
40209,FS,1
40209,RH,1
40209,SJ,1
40209,BU,1
40209,DS,1
40209,BR,1
40209,XM,1
40209,XO,1
40210,XO,1
40210,XM,1
40210,JA,1
40210,DS,1
40210,BR,1
40210,BU,1
40210,RH,1
40210,FS,1
40211,JU,1
40211,XO,1
40212,FS,1
40213,FS,1
40213,BR,1
40214,JA,1
40214,SJ,1
40214,BR,1
40214,BU,1
40214,FS,1
40214,XO,1
40215,FS,1
40215,DS,1
40215,JA,1
40215,BR,1
40215,SS,1
40215,XO,1
40216,BU,1
40216,XO,1
40216,JA,1
40216,FS,1
40216,BR,1
40218,FS,1
40218,XO,1
40218,BU,1
40218,BR,1
40218,RH,1
40218,BT,1
40218,SS,1
40220,BU,1
40220,XO,1
40220,DS,1
40220,FS,1
40220,BR,1
40221,JA,1
40221,BR,1
40221,DS,1
40221,XO,1
40221,FS,1
40222,FS,1
40222,BR,1
40222,XO,1
40223,BU,1
40223,DS,1
40223,FS,1
40223,BR,1
40223,XO,1
40224,RH,1
40224,XM,1
40224,FS,1
40224,XO,1
40224,BR,1
40224,DS,1
40225,FS,1
40225,DS,1
40225,RH,1
40225,BU,1
40225,JA,1
40225,BR,1
40225,XO,1
40226,XO,1
40226,BU,1
40226,JA,1
40226,DS,1
40226,RH,1
40226,BR,1
40227,DS,1
40227,XO,1
40227,BR,1
40227,FS,1
40227,JA,1
40228,XO,1
40228,FS,1
40228,BR,1
40228,SS,1
40229,BU,1
40229,XO,1
40229,DS,1
40229,FS,1
40229,BT,1
40229,JA,1
40229,BR,1
40230,FS,1
40230,XO,1
40230,RH,1
40230,DS,1
40230,BT,1
40230,BR,1
40230,BU,1
40231,JA,1
40231,DS,1
40231,XM,1
40231,FS,1
40231,SS,1
40231,BR,1
40231,BU,1
40231,XO,1
40232,RH,1
40232,XO,1
40232,MA,1
40232,BR,1
40232,FS,1
40232,DS,1
40232,JA,1
40232,BU,1
40232,XM,1
40233,BR,1
40233,FS,1
40233,DS,1
40233,XO,1
40233,HS,1
40235,XO,1
40235,BU,1
40235,BR,1
40235,SS,1
40235,FS,1
40236,BR,1
40236,XM,1
40236,DS,1
40236,XO,1
40236,JU,1
40236,JA,1
40236,SS,1
40236,FS,1
40241,SS,1
40241,BR,1
40241,JA,1
40241,BU,1
40241,DS,1
40241,XO,1
40241,FS,1
40242,FS,1
40242,BR,1
40242,DS,1
40242,XO,1
40243,XO,1
40243,FS,1
40243,JA,1
40243,BR,1
40244,BT,1
40244,FS,1
40244,XM,1
40244,BR,1
40245,FS,1
40245,XO,1
40245,BR,1
40246,FS,1
40246,SS,1
40246,BR,1
40246,XO,1
40246,JU,1
40246,BU,1
40246,XM,1
40247,XM,1
40247,XO,1
40247,SJ,1
40247,FS,1
40247,BR,1
40248,BU,1
40248,XO,1
40248,RH,1
40248,FS,1
40248,BR,1
40249,BU,1
40249,XM,1
40249,XO,1
40249,JU,1
40251,FS,1
40251,XM,1
40251,RH,1
40251,BT,1
40251,BU,1
40251,BR,1
40251,XO,1
40252,SJ,1
40252,JU,1
40252,HS,1
40252,DS,1
40252,FS,1
40253,XO,1
40253,SS,1
40253,DS,1
40253,BR,1
40253,FS,1
40253,XM,1
40254,FS,1
40254,XO,1
40254,BR,1
40254,BT,1
40254,XM,1
40254,DS,1
40254,BU,1
40255,FS,1
40255,BR,1
40255,DS,1
40256,RH,1
40256,XO,1
40256,FS,1
40257,SS,1
40257,BR,1
40257,DS,1
40257,JA,1
40257,FS,1
40257,XO,1
40257,RH,1
40259,BR,1
40260,BR,1
40261,BR,1
40262,FS,1
40262,BR,1
40263,XO,1
40263,RH,1
40263,FS,1
40263,XM,1
40263,BR,1
40263,KS,1
40264,XO,1
40264,FS,1
40264,KS,1
40264,RH,1
40264,BR,1
40264,XM,1
40264,JA,1
40264,BU,1
40265,JA,1
40265,BR,1
40265,XO,1
40265,FS,1
40266,XO,1
40266,BR,1
40266,FS,1
40266,BU,1
40267,FS,1
40267,XO,1
40267,BU,1
40267,BR,1
40268,JA,1
40268,SJ,1
40268,FS,1
40269,SS,1
40269,BR,1
40269,FS,1
40269,JA,1
40269,XO,1
40269,DS,1
40270,BT,1
40270,BR,1
40270,JA,1
40270,FS,1
40270,BU,1
40271,XO,1
40271,FS,1
40271,BT,1
40271,BR,1
40271,BU,1
40271,RH,1
40272,FL,1
40272,XO,1
40272,KS,1
40273,BR,1
40273,FS,1
40273,JU,1
40273,JA,1
40274,JU,1
40274,XO,1
40274,JA,1
40275,FS,1
40275,XO,1
40275,JA,1
40275,BR,1
40275,JU,1
40277,FL,1
40277,XO,1
40277,FS,1
40277,KS,1
40277,BR,1
40277,RH,1
40277,DS,1
40279,FS,1
40279,BR,1
40279,BU,1
40281,FS,1
40282,FS,1
40283,BU,1
40284,FS,1
40284,BU,1
40285,DS,1
40285,XO,1
40285,JA,1
40286,BR,1
40286,FS,1
40286,DS,1
40286,XO,1
40286,SS,1
40290,XO,1
40290,FS,1
40290,BU,1
40290,BR,1
40290,RH,1
40291,FS,1
40291,SJ,1
40292,SJ,1
40292,DS,1
40292,FS,1
40293,KS,1
40293,FS,1
40293,BU,1
40294,RH,1
40294,BR,1
40294,BU,1
40294,SS,1
40294,XO,1
40294,FS,1
40295,XO,1
40295,JA,1
40295,FS,1
40295,BU,1
40296,JA,1
40296,FS,1
40296,BR,1
40296,BU,1
40296,XO,1
40296,DS,1
40297,RH,1
40297,FS,1
40298,XO,1
40298,FS,1
40298,BR,1
40298,RH,1
40299,DS,1
40299,XO,1
40299,BR,1
40299,FS,1
40300,JA,1
40300,BR,1
40300,XO,1
40300,FS,1
40300,DS,1
40305,DS,1
40305,FS,1
40306,FS,1
40306,KS,1
40307,FS,1
40307,BR,1
40307,KS,1
40308,XO,1
40308,DS,1
40308,FS,1
40309,HS,1
40309,XO,1
40309,FS,1
40309,BR,1
40310,KS,1
40310,BU,1
40311,JA,1
40311,FS,1
40311,KS,1
40311,BU,1
40311,BR,1
40312,RH,1
40312,BU,1
40313,XO,1
40313,SS,1
40313,RH,1
40313,BR,1
40313,KS,1
40313,JA,1
40313,FS,1
40314,JU,1
40314,FS,1
40314,DS,1
40314,BU,1
40314,KS,1
40314,RH,1
40315,BU,1
40315,JA,1
40315,RH,1
40315,BR,1
40315,FS,1
40315,KS,1
40315,XO,1
40316,FS,1
40316,DS,1
40317,DS,1
40317,XO,1
40317,FS,1
40318,DS,1
40318,FS,1
40319,FS,1
40319,JA,1
40319,BR,1
40319,XO,1
40320,JA,1
40320,JU,1
40321,JU,1
40321,JA,1
40321,DS,1
40322,DS,1
40323,FS,1
40323,BU,1
40323,DS,1
40323,BR,1
40325,XO,1
40325,HS,1
40325,SS,1
40325,FS,1
40326,FS,1
40326,BR,1
40326,JA,1
40327,BU,1
40327,BR,1
40327,FS,1
40330,RH,1
40330,BU,1
40331,XO,1
40331,RH,1
40331,BR,1
40331,BU,1
40332,FS,1
40332,JA,1
40333,JA,1
40333,FS,1
40334,FS,1
40334,BR,1
40334,JA,1
40335,JA,1
40335,BR,1
40335,FS,1
40335,DS,1
40336,XO,1
40336,JA,1
40337,JA,1
40337,FS,1
40337,BR,1
40338,BU,1
40338,BR,1
40338,XO,1
40338,SS,1
40338,FS,1
40339,BU,1
40339,FS,1
40339,SS,1
40339,FL,1
40339,BR,1
40339,XO,1
40340,BR,1
40340,SS,1
40340,FS,1
40340,DS,1
40340,JA,1
40341,FS,1
40341,BR,1
40342,DS,1
40342,XO,1
40344,JA,1
40344,XO,1
40345,DS,1
40345,JU,1
40345,BR,1
40345,JA,1
40346,SS,1
40346,RS,1
40346,FS,1
40346,XO,1
40346,BR,1
40347,FS,1
40347,JA,1
40347,BR,1
40348,FS,1
40348,RH,1
40349,FS,1
40349,XO,1
40349,BR,1
40349,RH,1
40349,BT,1
40349,SS,1
40350,DS,1
40350,FS,1
40351,DS,1
40351,FS,1
40351,KS,1
40353,FS,1
40353,JA,1
40353,BR,1
40353,XO,1
40353,DS,1
40356,BT,1
40357,BT,1
40358,BT,1
40358,BR,1
40358,FS,1
40358,RH,1
40359,JA,1
40359,XM,1
40359,BR,1
40359,XO,1
40359,JU,1
40360,XO,1
40360,FS,1
40360,DS,1
40360,XM,1
40360,JU,1
40360,BR,1
40360,JA,1
40363,XO,1
40363,FS,1
40364,DS,1
40364,BU,1
40364,JA,1
40364,XO,1
40364,BR,1
40364,FS,1
40365,DS,1
40365,FS,1
40365,BU,1
40365,XO,1
40365,JA,1
40366,BR,1
40366,FS,1
40366,XO,1
40366,DS,1
40366,JA,1
40366,BU,1
40366,KS,1
40367,FS,1
40367,XM,1
40367,XO,1
40367,DS,1
40367,KS,1
40367,BR,1
40368,BR,1
40368,KS,1
40368,HS,1
40368,DS,1
40368,XO,1
40368,FS,1
40368,XM,1
40369,JA,1
40369,BR,1
40369,FS,1
40370,BU,1
40370,BR,1
40370,FS,1
40371,XM,1
40372,XM,1
40373,XO,1
40373,FS,1
40373,BR,1
40373,XM,1
40373,DS,1
40374,XO,1
40374,DS,1
40374,BR,1
40374,FS,1
40374,XM,1
40375,FS,1
40375,SS,1
40375,XM,1
40375,DS,1
40375,XO,1
40375,BU,1
40375,BR,1
40376,SS,1
40376,FL,1
40376,XO,1
40377,JA,1
40377,FS,1
40377,BR,1
40377,BU,1
40377,KS,1
40379,DS,1
40380,DS,1
40381,FS,1
40381,KS,1
40381,DS,1
40382,FS,1
40382,JA,1
40382,BR,1
40382,KS,1
40382,BU,1
40382,BT,1
40382,RH,1
40382,DS,1
40383,DS,1
40383,JA,1
40383,XM,1
40383,FS,1
40384,FS,1
40384,XM,1
40384,BT,1
40384,XO,1
40384,JA,1
40384,DS,1
40384,BR,1
40384,BU,1
40385,JA,1
40385,XM,1
40386,BR,1
40386,XO,1
40386,BU,1
40386,FS,1
40386,XM,1
40386,JA,1
40387,DS,1
40387,JA,1
40387,BR,1
40387,FS,1
40388,XO,1
40388,DS,1
40388,FS,1
40388,JA,1
40388,BR,1
40389,BR,1
40389,JU,1
40390,FS,1
40390,BR,1
40390,BU,1
40390,XO,1
40390,JA,1
40393,DS,1
40393,FS,1
40394,FS,1
40394,BR,1
40394,BU,1
40396,XO,1
40396,DS,1
40397,BR,1
40397,FS,1
40398,FS,1
40398,BR,1
40398,SJ,1
40399,XM,1
40400,XM,1
40401,XM,1
40402,XO,1
40402,FS,1
40402,XM,1
40402,JA,1
40403,XM,1
40404,FS,1
40404,XM,1
40405,SJ,1
40405,XO,1
40405,FS,1
40405,BR,1
40405,XM,1
40406,XO,1
40406,BR,1
40406,XM,1
40406,FS,1
40406,SJ,1
40406,BU,1
40409,FS,1
40409,BR,1
40410,BR,1
40410,BU,1
40410,FS,1
40410,XO,1
40412,FS,1
40413,XO,1
40413,BR,1
40413,FS,1
40413,FL,1
40414,FS,1
40414,FL,1
40414,BR,1
40414,XO,1
40415,XO,1
40416,XO,1
40417,BR,1
40417,FS,1
40418,BU,1
40418,XO,1
40418,BR,1
40418,DS,1
40418,SS,1
40418,FS,1
40421,FS,1
40422,FS,1
40422,BU,1
40422,BR,1
40424,FS,1
40425,FS,1
40426,FS,1
40426,DS,1
40426,BU,1
40429,FS,1
40429,SJ,1
40430,DS,1
40430,BR,1
40430,FS,1
40433,FS,1
40433,BU,1
40434,XO,1
40434,BU,1
40434,FS,1
40434,DS,1
40434,JA,1
40437,BR,1
40437,FS,1
40438,BR,1
40438,FS,1
40438,XO,1
40440,DS,1
40441,FS,1
40441,BR,1
40442,SJ,1
40442,FS,1
40442,JA,1
40442,BR,1
40444,BR,1
40444,FS,1
40445,BR,1
40445,FS,1
40446,XO,1
40446,SS,1
40446,BR,1
40446,FS,1
40449,XO,1
40449,FS,1
40449,SJ,1
40449,BR,1
40450,BR,1
40450,FS,1
40450,XO,1
40450,BU,1
40450,DS,1
40450,MA,1
40452,BR,1
40452,FS,1
40453,FS,1
40453,SJ,1
40454,BR,1
40454,XO,1
40454,SJ,1
40454,JA,1
40454,FS,1
40454,BU,1
40457,FS,1
40457,JA,1
40457,SJ,1
40458,JA,1
40458,DS,1
40458,BR,1
40458,FS,1
40461,DS,1
40462,XO,1
40462,FS,1
40465,FS,1
40465,XO,1
40466,FS,1
40468,BR,1
40468,FS,1
40469,BR,1
40469,XO,1
40469,BU,1
40469,FS,1
40470,BU,1
40470,FS,1
40470,BR,1
40470,XO,1
40470,SS,1
40470,DS,1
40473,BR,1
40473,FS,1
40474,BR,1
40474,FS,1
40474,SS,1
40474,MA,1
40476,XO,1
40477,FS,1
40478,FS,1
40478,XO,1
40478,BR,1
40478,DS,1
40480,FS,1
40481,RH,1
40481,FS,1
40481,XO,1
40481,BR,1
40482,XO,1
40482,RH,1
40482,FS,1
40482,BR,1
40482,BU,1
40489,XO,1
40489,FS,1
40490,XO,1
40490,DS,1
40490,BR,1
40490,FS,1
40492,BR,1
40492,XO,1
40492,DS,1
40493,FS,1
40493,BR,1
40493,DS,1
40494,FS,1
40494,XO,1
40494,BR,1
40494,BU,1
40497,FS,1
40497,BR,1
40498,FS,1
40498,MA,1
40498,BR,1
40500,FS,1
40501,FS,1
40501,BR,1
40502,FS,1
40502,BU,1
40502,DR,1
40502,XO,1
40505,BR,1
40505,FS,1
40506,FS,1
40506,BR,1
40506,BU,1
40513,XO,1
40513,DS,1
40514,DS,1
40514,XO,1
40514,BU,1
40514,BR,1
40514,FS,1
40518,FS,1
40519,BR,1
40519,DS,1
40519,FS,1
40522,XO,1
40522,SJ,1
40523,FS,1
40523,DS,1
40524,BR,1
40524,XO,1
40524,GH,1
40524,BU,1
40524,FS,1
40527,XO,1
40527,FS,1
40527,BR,1
40528,XO,1
40528,FS,1
40528,DS,1
40528,BR,1
40528,BU,1
40529,FS,1
40529,BU,1
40529,BR,1
40529,XO,1
40534,DS,1
40534,BR,1
40534,XO,1
40534,FS,1
40537,BR,1
40537,XO,1
40537,JA,1
40537,FS,1
40537,SJ,1
40538,BU,1
40538,BR,1
40538,FS,1
40539,BR,1
40539,JA,1
40539,XO,1
40539,SJ,1
40539,FS,1
40543,XO,1
40543,FS,1
40544,BU,1
40544,XO,1
40544,SS,1
40544,BR,1
40544,FS,1
40546,JA,1
40547,JA,1
40548,BR,1
40548,JA,1
40549,BU,1
40549,FS,1
40549,BR,1
40552,FS,1
40552,DS,1
40553,DS,1
40553,XO,1
40553,JA,1
40553,FS,1
40554,DS,1
40554,BU,1
40554,FS,1
40554,BR,1
40554,XO,1
40557,FS,1
40557,XO,1
40558,BR,1
40558,FS,1
40558,XO,1
40558,DS,1
40559,XM,1
40560,XM,1
40561,XM,1
40562,FS,1
40562,XM,1
40563,XO,1
40563,XM,1
40563,FS,1
40563,BR,1
40563,DS,1
40563,BU,1
40567,FS,1
40568,XO,1
40568,FS,1
40568,BR,1
40571,DS,1
40571,BR,1
40571,FS,1
40572,FS,1
40572,BU,1
40572,JA,1
40572,BR,1
40573,BR,1
40573,FS,1
40573,SS,1
40573,BU,1
40573,JA,1
40573,XO,1
40576,FS,1
40576,DS,1
40577,BR,1
40577,DS,1
40577,XO,1
40577,JA,1
40577,SJ,1
40577,FS,1
40578,FS,1
40578,BR,1
40578,DS,1
40578,XO,1
40581,DS,1
40581,SJ,1
40582,BR,1
40582,DS,1
40582,FS,1
40582,JA,1
40582,SJ,1
40583,SJ,1
40583,BR,1
40583,FS,1
40583,DS,1
40583,JA,1
40583,XO,1
40585,XM,1
40586,XM,1
40586,SJ,1
40586,XO,1
40587,XM,1
40587,BR,1
40587,DS,1
40588,FS,1
40588,BR,1
40588,XM,1
40588,DS,1
40591,JA,1
40592,FS,1
40592,XO,1
40592,SJ,1
40593,BU,1
40593,DS,1
40593,BR,1
40593,FS,1
40593,FL,1
40593,SJ,1
40596,FS,1
40596,BR,1
40596,DS,1
40596,XO,1
40597,FS,1
40597,DS,1
40597,SJ,1
40597,BR,1
40597,XO,1
40598,FS,1
40598,GH,1
40598,XO,1
40598,BU,1
40598,BR,1
40600,XM,1
40601,XM,1
40602,BR,1
40602,SJ,1
40602,DS,1
40602,FS,1
40602,RH,1
40602,XM,1
40602,BU,1
40605,DS,1
40606,BR,1
40606,FS,1
40607,BR,1
40607,XO,1
40607,DS,1
40607,FS,1
40612,BR,1
40612,FS,1
40615,XO,1
40616,DS,1
40616,XO,1
40616,FS,1
40616,BR,1
40617,BR,1
40617,DS,1
40617,FS,1
40619,DS,1
40620,FS,1
40620,DS,1
40620,BR,1
40621,BR,1
40621,DS,1
40621,FS,1
40622,XO,1
40622,FS,1
40622,BU,1
40622,DS,1
40622,BR,1
40624,XO,1
40624,DS,1
40625,DS,1
40626,FS,1
40626,DS,1
40626,SJ,1
40626,XO,1
40629,DS,1
40630,XO,1
40630,DS,1
40630,FS,1
40631,XO,1
40631,KS,1
40631,FS,1
40631,BR,1
40633,XO,1
40634,XO,1
40635,BR,1
40635,FS,1
40635,XO,1
40635,JA,1
40635,DS,1
40636,XO,1
40636,FS,1
40636,BR,1
40636,DS,1
40639,FS,1
40640,XO,1
40640,FS,1
40641,DS,1
40641,XO,1
40641,BR,1
40641,FS,1
40642,JA,1
40643,DS,1
40644,DS,1
40645,BU,1
40645,XO,1
40645,FS,1
40645,BR,1
40646,XO,1
40646,BR,1
40646,FS,1
40646,DS,1
40648,XM,1
40649,XM,1
40649,SJ,1
40650,XO,1
40650,XM,1
40650,FS,1
40650,BR,1
40651,FS,1
40651,XM,1
40651,BR,1
40653,DS,1
40654,DS,1
40655,DS,1
40656,FS,1
40656,DS,1
40659,FS,1
40660,FS,1
40660,BR,1
40661,FS,1
40661,BR,1
40661,BU,1
40661,XO,1
40661,RH,1
40663,DS,1
40664,XO,1
40664,SJ,1
40665,FS,1
40665,DS,1
40665,BR,1
40665,XO,1
40666,XO,1
40666,BR,1
40666,FS,1
40666,DS,1
40670,FS,1
40671,DS,1
40671,FS,1
40671,XO,1
40671,BR,1
40671,JA,1
40675,BR,1
40675,JA,1
40675,FS,1
40675,DS,1
40676,BU,1
40676,BR,1
40676,DS,1
40676,FS,1
40676,RH,1
40683,SJ,1
40683,XO,1
40684,XO,1
40684,FS,1
40685,DS,1
40685,BR,1
40685,FS,1
40694,FS,1
40694,DS,1
40695,XO,1
40695,FS,1
40695,DS,1
40695,BU,1
40695,BR,1
40698,XO,1
40698,FS,1
40699,FS,1
40699,DS,1
40699,BR,1
40700,XO,1
40700,DS,1
40700,FS,1
40700,BR,1
40704,XO,1
40704,BR,1
40705,FS,1
40705,XO,1
40707,XM,1
40708,DS,1
40708,XM,1
40709,MA,1
40709,XM,1
40709,FS,1
40709,DS,1
40710,XO,1
40710,FS,1
40710,XM,1
40710,BR,1
40710,DS,1
40710,MA,1
40714,FS,1
40715,FS,1
40715,BR,1
40719,FS,1
40720,FS,1
40720,SS,1
40720,FL,1
40720,BU,1
40720,BR,1
40723,DS,1
40723,SJ,1
40724,XO,1
40724,FL,1
40724,DS,1
40724,SJ,1
40724,FS,1
40725,BU,1
40725,DS,1
40725,XO,1
40725,SS,1
40725,FS,1
40725,BR,1
40725,FL,1
40728,FS,1
40729,XO,1
40729,BR,1
40729,DS,1
40729,FS,1
40730,XO,1
40730,FS,1
40730,BR,1
40730,BU,1
40734,DS,1
40735,BR,1
40735,FS,1
40736,XO,1
40793,BR,1
40799,FS,1
40799,BR,1
40827,XO,1
40827,RH,1
40827,FS,1
40827,BT,1
40827,FL,1
40828,SS,1
40828,BU,1
40828,FS,1
40828,XO,1
40828,XM,1
40829,XO,1
40829,BU,1
40829,FS,1
40829,RH,1
40829,DS,1
40830,XO,1
40830,SS,1
40830,BT,1
40830,FS,1
40831,BR,1
40831,DS,1
40831,JA,1
40831,FS,1
40832,XO,1
40832,FS,1
40832,BU,1
40832,DS,1
40833,FS,1
40833,XO,1
40834,RH,1
40834,BU,1
40834,SJ,1
40834,XO,1
40835,XO,1
40835,DT,1
40835,DS,1
40836,XO,1
40837,HS,1
40837,BR,1
40837,DS,1
40837,FS,1
40837,XO,1
40837,BU,1
40838,XO,1
40838,JA,1
40838,BU,1
40838,RH,1
40839,BR,1
40839,FS,1
40840,DS,1
40840,FS,1
40840,BT,1
40840,BR,1
40840,DT,1
40840,XM,1
40840,XO,1
40841,SJ,1
40841,BR,1
40841,BU,1
40841,FS,1
40841,XO,1
40842,XM,1
40842,BR,1
40842,XO,1
40843,BR,1
40843,BU,1
40843,FS,1
40844,BU,1
40844,XO,1
40844,JA,1
40844,DS,1
40844,FS,1
40845,BR,1
40845,HS,1
40845,BU,1
40845,FS,1
40846,BU,1
40846,RH,1
40846,FS,1
40846,BR,1
40847,BR,1
40847,JA,1
40847,FS,1
40847,BT,1
40848,BR,1
40848,XO,1
40848,XM,1
40848,DS,1
40849,FS,1
40849,SJ,1
40849,DS,1
40849,MA,1
40849,XM,1
40851,BT,1
40851,BU,1
40851,DT,1
40851,FS,1
40851,XO,1
40851,BR,1
40852,XO,1
40852,FS,1
40852,BU,1
40853,SS,1
40853,BU,1
40853,BR,1
40853,FL,1
40853,RH,1
40853,XO,1
40853,FS,1
40854,FS,1
40854,DS,1
40855,BU,1
40855,DS,1
40855,FS,1
40855,HS,1
40855,BR,1
40855,XO,1
40856,DS,1
40856,FS,1
40856,XO,1
40856,BR,1
40857,BR,1
40857,BT,1
40857,XO,1
40858,BU,1
40858,DS,1
40858,BR,1
40858,XO,1
40859,FS,1
40859,BU,1
40859,XO,1
40859,DT,1
40859,DS,1
40860,BR,1
40860,DS,1
40860,RH,1
40860,FS,1
40860,BT,1
40861,RH,1
40861,BU,1
40861,BR,1
40861,XO,1
40861,FS,1
40862,BR,1
40862,FS,1
40862,DS,1
40863,SS,1
40863,FS,1
40863,BR,1
40863,XO,1
40864,FS,1
40864,DS,1
40864,XO,1
40864,BR,1
40864,DT,1
40865,FS,1
40865,BR,1
40866,FS,1
40866,BU,1
40866,BR,1
40866,XO,1
40866,DS,1
40866,DT,1
40868,BR,1
40868,DT,1
40868,DS,1
40868,FS,1
40869,FS,1
40869,BU,1
40869,XO,1
40869,DS,1
40869,SJ,1
40870,BT,1
40870,JA,1
40870,XO,1
40870,BU,1
40870,BR,1
40871,FS,1
40871,BR,1
40871,XO,1
40871,SS,1
40871,BU,1
40872,BU,1
40872,XO,1
40872,FS,1
40872,DT,1
40872,DS,1
40872,FL,1
40872,SJ,1
40872,BR,1
40873,FS,1
40873,BR,1
40873,SS,1
40873,DS,1
40873,XM,1
40873,XO,1
40873,BU,1
40874,FS,1
40874,BR,1
40874,DS,1
40874,JA,1
40874,XM,1
40874,SJ,1
40874,XO,1
40874,SS,1
40875,BR,1
40875,DS,1
40875,SS,1
40875,FS,1
40876,BR,1
40876,XO,1
40877,FS,1
40877,FL,1
40877,BR,1
40878,BR,1
40878,FS,1
40879,BR,1
40879,FS,1
40879,BU,1
40879,DS,1
40880,XM,1
40880,DS,1
40880,BT,1
40880,BR,1
40880,XO,1
40880,FS,1
40880,SS,1
40881,DS,1
40881,BT,1
40881,XO,1
40881,FS,1
40881,BR,1
40882,DS,1
40882,BR,1
40882,BU,1
40882,FS,1
40882,XO,1
40882,BT,1
40882,DT,1
40883,CT,1
40883,XO,1
40884,BR,1
40884,RH,1
40884,DT,1
40884,DS,1
40884,FS,1
40885,BR,1
40885,RH,1
40885,FS,1
40885,XO,1
40886,BU,1
40886,XO,1
40886,FS,1
40887,FS,1
40887,XO,1
40887,BR,1
40888,BU,1
40888,DT,1
40888,FS,1
40888,XO,1
40888,FL,1
40888,BR,1
40888,DS,1
40889,SS,1
40889,XO,1
40889,DS,1
40889,BR,1
40889,FS,1
40890,BR,1
40890,XO,1
40890,FS,1
40890,DS,1
40891,XO,1
40891,FS,1
40891,DS,1
40891,BU,1
40892,BU,1
40892,DS,1
40892,SS,1
40892,BR,1
40892,FS,1
40892,XO,1
40893,BT,1
40893,MA,1
40893,DS,1
40893,BU,1
40893,BR,1
40893,FS,1
40893,XO,1
40894,BR,1
40894,RH,1
40894,FL,1
40894,FS,1
40895,FS,1
40895,DS,1
40895,XO,1
40895,BT,1
40896,FL,1
40896,DS,1
40896,BR,1
40896,BT,1
40896,JA,1
40896,FS,1
40896,XO,1
40896,BU,1
40897,FS,1
40897,BR,1
40897,SS,1
40897,XO,1
40898,XO,1
40898,FS,1
40898,DS,1
40898,BR,1
40899,BR,1
40899,BU,1
40899,FS,1
40899,XO,1
40900,XO,1
40900,SS,1
40900,DS,1
40900,BR,1
40900,BU,1
40900,FS,1
40901,SS,1
40901,DS,1
40901,FS,1
40901,XO,1
40901,DT,1
40902,XM,1
40902,RH,1
40902,BR,1
40902,FS,1
40902,DS,1
40902,BU,1
40903,FL,1
40903,FS,1
40903,XO,1
40903,DT,1
40903,DS,1
40903,SJ,1
40904,FS,1
40904,XO,1
40904,BT,1
40904,SS,1
40905,RH,1
40905,XO,1
40905,BR,1
40906,FS,1
40906,DS,1
40906,BR,1
40907,XO,1
40907,FS,1
40907,BR,1
40907,DS,1
40907,SJ,1
40907,JA,1
40907,HS,1
40908,RH,1
40908,FS,1
40908,BR,1
40908,XO,1
40909,XO,1
40909,BR,1
40909,FS,1
40909,DS,1
40910,DS,1
40910,SS,1
40910,FS,1
40910,XO,1
40910,BR,1
40911,BR,1
40911,FS,1
40911,DS,1
40912,SS,1
40912,BT,1
40912,FS,1
40912,BR,1
40912,DS,1
40912,XO,1
40913,SS,1
40913,FS,1
40913,RH,1
40913,BR,1
40913,DS,1
40914,HS,1
40914,DS,1
40914,XO,1
40915,BR,1
40915,XO,1
40915,BU,1
40915,FS,1
40915,RH,1
40915,DS,1
40915,SS,1
40916,SJ,1
40916,FS,1
40916,DS,1
40917,XO,1
40917,DS,1
40917,FS,1
40918,DS,1
40918,BR,1
40918,XO,1
40918,SS,1
40918,FS,1
40919,FS,1
40919,XO,1
40920,XM,1
40920,BU,1
40920,RH,1
40920,FS,1
40920,BR,1
40921,DS,1
40921,XO,1
40921,FS,1
40922,FS,1
40922,SS,1
40923,SJ,1
40923,BU,1
40923,XO,1
40923,FS,1
40924,FS,1
40924,BR,1
40924,XM,1
40924,XO,1
40924,FL,1
40924,BU,1
40925,SS,1
40925,JA,1
40925,XO,1
40925,FS,1
40926,DS,1
40926,RH,1
40926,XO,1
40926,BU,1
40926,FS,1
40926,BR,1
40927,SJ,1
40927,BU,1
40928,XO,1
40928,DS,1
40928,FS,1
40929,HS,1
40929,SS,1
40929,DT,1
40929,XO,1
40929,FS,1
40930,DT,1
40930,DS,1
40930,BU,1
40930,XO,1
40930,FS,1
40930,BR,1
40931,RH,1
40931,DS,1
40931,XO,1
40931,SJ,1
40931,DT,1
40931,BR,1
40932,XO,1
40932,BU,1
40932,FS,1
40932,BR,1
40932,XM,1
40933,FS,1
40933,BR,1
40933,DS,1
40934,BR,1
40935,FS,1
40935,RH,1
40935,BR,1
40935,SS,1
40935,MA,1
40935,XO,1
40937,BU,1
40939,XO,1
40939,FS,1
40943,XO,1
40944,SS,1
40944,BU,1
40944,BR,1
40944,XO,1
40944,FS,1
40944,XM,1
40946,BR,1
40948,BU,1
40948,FS,1
40948,DS,1
40948,XO,1
40948,BR,1
40949,XO,1
40949,XM,1
40950,XM,1
40950,BR,1
40950,XO,1
40951,XM,1
40952,FS,1
40952,BR,1
40952,XM,1
40954,DS,1
40954,FS,1
40954,BR,1
40955,XM,1
40956,XM,1
40957,XM,1
40958,BU,1
40958,JA,1
40958,FS,1
40958,BR,1
40958,XM,1
40958,XO,1
40959,XM,1
40960,BU,1
40960,FS,1
40960,MA,1
40960,XM,1
40962,FS,1
40962,XO,1
40962,XM,1
40962,BU,1
40962,BR,1
40963,XO,1
40964,FS,1
40964,SS,1
40964,BU,1
40964,XO,1
40964,BR,1
40966,FS,1
40966,XO,1
40966,DS,1
40966,BR,1
40967,BR,1
40967,FS,1
40969,BR,1
40969,BU,1
40969,FS,1
40970,XM,1
40971,XM,1
40971,XO,1
40972,XM,1
40973,BR,1
40973,XM,1
40973,XO,1
40973,FS,1
40974,XM,1
40975,FS,1
40975,BR,1
40975,XM,1
40975,XO,1
40976,XM,1
40977,XO,1
40977,FS,1
40977,BR,1
40977,BU,1
40977,XM,1
40979,BU,1
40980,XO,1
40981,XO,1
40981,FS,1
40981,BU,1
40984,BR,1
40984,XO,1
40984,BU,1
40984,FS,1
40985,XM,1
40985,XO,1
40986,BU,1
40986,FS,1
40986,DS,1
40986,XO,1
40986,XM,1
40988,FS,1
40988,BU,1
40988,XO,1
40988,BR,1
40989,BU,1
40989,FS,1
40989,BR,1
40989,XO,1
40989,XM,1
40990,BU,1
40990,XO,1
40990,BR,1
40990,FS,1
40990,XM,1
40992,FS,1
40992,BR,1
40992,XO,1
40992,DT,1
40993,XM,1
40994,FS,1
40994,XM,1
40994,BR,1
40994,SS,1
40996,XO,1
40996,SS,1
40996,FS,1
41057,XO,1
41057,HS,1
41058,FS,1
41058,XO,1
41058,HS,1
41058,BR,1
41059,FS,1
41059,HS,1
41059,BR,1
41059,XO,1
41061,XO,1
41061,BR,1
41061,FS,1
41062,SS,1
41062,BT,1
41062,BR,1
41062,XO,1
41062,FS,1
41063,FS,1
41063,XO,1
41063,SS,1
41063,BR,1
41063,BT,1
41063,BU,1
41065,XO,1
41065,FS,1
41066,BT,1
41066,XO,1
41066,BR,1
41066,FS,1
41067,FS,1
41067,XO,1
41067,BT,1
41067,BU,1
41067,BR,1
41067,SS,1
41069,JU,1
41070,BR,1
41071,XO,1
41072,XO,1
41072,FS,1
41072,BR,1
41073,FS,1
41073,XO,1
41073,BR,1
41073,SS,1
41073,BU,1
41074,BU,1
41074,XO,1
41074,FS,1
41074,BR,1
41076,FS,1
41076,XO,1
41077,HS,1
41077,BR,1
41077,FS,1
41077,XO,1
41078,BT,1
41078,BR,1
41078,DS,1
41078,BU,1
41078,XO,1
41078,FS,1
41078,SS,1
41079,XO,1
41080,BR,1
41080,XM,1
41080,XO,1
41081,XM,1
41081,FS,1
41081,BU,1
41081,BR,1
41081,XO,1
41082,XM,1
41083,BR,1
41083,XM,1
41084,BR,1
41084,XM,1
41085,DS,1
41086,FS,1
41086,HS,1
41087,BT,1
41087,FS,1
41087,BU,1
41087,BR,1
41087,XO,1
41087,HS,1
41089,FS,1
41090,FS,1
41090,XO,1
41090,DS,1
41090,BR,1
41091,BU,1
41091,SS,1
41091,XO,1
41091,BR,1
41091,FS,1
41091,HS,1
41108,BU,1
41200,BU,1
41220,BU,1
41355,FS,1
41359,BR,1
41359,DS,1
41359,DR,1
41359,DT,1
41359,XO,1
41359,FS,1
41359,RH,1
41400,DS,1
41400,BU,1
41465,BU,1
41495,BU,1
41499,BU,1
41511,BU,1
41534,BU,1
41542,BU,1
41547,BU,1
41559,DS,1
41560,FS,1
41560,DS,1
41561,DS,1
41561,FS,1
41571,XO,1
41572,XO,1
41572,BR,1
41572,FS,1
41648,DS,1
41648,FS,1
41672,XO,1
41674,XO,1
41709,FS,1
41709,XO,1
41710,XO,1
41710,FS,1
41732,BU,1
41732,FS,1
41732,XO,1
41736,BU,1
41779,FS,1
41779,DS,1
41780,DS,1
41780,FS,1
41781,FS,1
41995,JU,1
41995,DS,1
41995,RH,1
41996,DS,1
41996,BR,1
41996,RH,1
41996,FS,1
41999,JU,1
41999,FS,1
41999,RH,1
41999,XO,1
42000,BU,1
42000,BR,1
42000,RH,1
42000,FS,1
42000,JA,1
42001,BU,1
42001,SS,1
42001,XO,1
42001,FS,1
42001,RH,1
42001,JA,1
42001,BR,1
42004,DS,1
42004,XO,1
42005,XO,1
42005,FS,1
42005,DS,1
42006,FL,1
42006,DS,1
42006,FS,1
42006,BR,1
42006,XO,1
42006,SS,1
42009,JA,1
42009,DS,1
42010,SJ,1
42010,XO,1
42010,DS,1
42011,SJ,1
42011,DS,1
42011,XO,1
42011,BR,1
42011,FS,1
42015,XO,1
42016,DR,1
42016,RS,1
42016,XO,1
42016,JA,1
42018,JU,1
42019,BU,1
42019,RH,1
42020,BT,1
42020,BR,1
42020,FS,1
42021,FS,1
42021,BU,1
42021,SJ,1
42021,DS,1
42021,BR,1
42021,JA,1
42023,XO,1
42023,JU,1
42024,JU,1
42024,XO,1
42024,JA,1
42025,JA,1
42025,XO,1
42025,DS,1
42025,BR,1
42026,BR,1
42026,FS,1
42026,JA,1
42026,XO,1
42026,DS,1
42028,RH,1
42029,RH,1
42030,BU,1
42030,RH,1
42031,RH,1
42031,BU,1
42031,XO,1
42031,BR,1
42031,FS,1
42034,JA,1
42034,DS,1
42035,JA,1
42035,SJ,1
42035,DS,1
42036,BR,1
42036,SJ,1
42036,FS,1
42036,DS,1
42040,XO,1
42041,XO,1
42041,SJ,1
42041,JA,1
42044,XO,1
42045,XO,1
42045,DS,1
42045,BR,1
42045,FS,1
42046,BR,1
42046,BU,1
42046,FS,1
42046,XO,1
42046,SS,1
42050,SJ,1
42050,DS,1
42051,XO,1
42051,FS,1
42051,SJ,1
42051,DS,1
42051,BR,1
42054,XO,1
42054,FS,1
42055,DS,1
42055,XO,1
42055,SJ,1
42056,XO,1
42056,FS,1
42056,RH,1
42056,DS,1
42056,SJ,1
42061,DS,1
42061,XO,1
42061,RH,1
42066,XO,1
42066,JA,1
42066,FS,1
42067,DS,1
42067,FS,1
42070,XO,1
42070,DS,1
42071,GH,1
42071,XO,1
42071,RH,1
42072,RH,1
42072,XO,1
42072,JA,1
42072,DS,1
42072,BU,1
42072,FS,1
42072,BR,1
42076,FS,1
42076,MA,1
42076,DS,1
42077,FS,1
42077,DS,1
42077,MA,1
42077,XO,1
42080,JU,1
42081,BR,1
42082,BR,1
42082,JA,1
42082,XO,1
42082,FS,1
42085,SJ,1
42086,DS,1
42086,JA,1
42086,FS,1
42087,JA,1
42087,DS,1
42087,SJ,1
42087,BR,1
42087,FS,1
42090,XM,1
42090,FS,1
42090,DS,1
42091,DS,1
42091,FS,1
42091,XM,1
42092,BR,1
42092,FS,1
42092,DS,1
42092,XM,1
42093,BR,1
42093,DS,1
42093,MA,1
42093,FS,1
42093,RH,1
42093,JA,1
42094,BR,1
42094,DS,1
42094,SJ,1
42096,XO,1
42096,FS,1
42096,BR,1
42096,DS,1
42096,XM,1
42096,MA,1
42097,MA,1
42097,BR,1
42097,JA,1
42097,XO,1
42097,BU,1
42098,DS,1
42098,XO,1
42098,FS,1
42098,BR,1
42099,BU,1
42099,BT,1
42099,BR,1
42099,SJ,1
42100,SJ,1
42100,JA,1
42101,XM,1
42101,FS,1
42101,JU,1
42101,BU,1
42102,BU,1
42102,XO,1
42103,DS,1
42103,BU,1
42103,XO,1
42103,BR,1
42104,FS,1
42104,DS,1
42104,XO,1
42104,RH,1
42104,BU,1
42104,XM,1
42105,FS,1
42105,BR,1
42105,DS,1
42105,XO,1
42107,BR,1
42107,XO,1
42107,BU,1
42107,FS,1
42108,HS,1
42108,XO,1
42109,FS,1
42109,HS,1
42109,XO,1
42109,BR,1
42110,RH,1
42110,BU,1
42110,XO,1
42115,RH,1
42115,HS,1
42115,XO,1
42116,BU,1
42116,BR,1
42116,DS,1
42117,BR,1
42118,FS,1
42118,XO,1
42118,BR,1
42119,XO,1
42119,FS,1
42120,BU,1
42120,JA,1
42120,RH,1
42120,XO,1
42121,XO,1
42121,FS,1
42121,XM,1
42122,XO,1
42122,FS,1
42122,DS,1
42122,BR,1
42122,BU,1
42123,XO,1
42123,JA,1
42124,BU,1
42124,XO,1
42124,BR,1
42124,FS,1
42129,BU,1
42129,XO,1
42129,JU,1
42129,BR,1
42134,XO,1
42134,FS,1
42135,BR,1
42135,XO,1
42135,FS,1
42135,BU,1
42136,DS,1
42136,SS,1
42136,FS,1
42137,FS,1
42137,XO,1
42137,HS,1
42137,BR,1
42137,XM,1
42142,BR,1
42142,SS,1
42142,FS,1
42143,XO,1
42143,FS,1
42143,BR,1
42144,RH,1
42144,XO,1
42144,BR,1
42144,BU,1
42145,FS,1
42145,BR,1
42145,BU,1
42145,XO,1
42145,XM,1
42148,BU,1
42148,FS,1
42148,XO,1
42148,RH,1
42148,XM,1
42150,XO,1
42151,BR,1
42151,XO,1
42151,BU,1
42152,BR,1
42152,JA,1
42152,FS,1
42153,XO,1
42154,XO,1
42154,JA,1
42155,XO,1
42155,DS,1
42155,BU,1
42156,RH,1
42156,JA,1
42156,BU,1
42156,FS,1
42156,BR,1
42158,JA,1
42158,XO,1
42158,FS,1
42161,FS,1
42161,JA,1
42161,BU,1
42161,RH,1
42161,XO,1
42162,BU,1
42162,RH,1
42162,BR,1
42162,FS,1
42163,DS,1
42163,XO,1
42163,BU,1
42173,XO,1
42173,BT,1
42173,FS,1
42173,BR,1
42178,XO,1
42178,FS,1
42183,XO,1
42183,FS,1
42183,BR,1
42183,XM,1
42184,XO,1
42184,SJ,1
42184,DS,1
42185,BR,1
42185,FS,1
42185,SS,1
42185,XO,1
42188,XM,1
42188,JA,1
42188,FS,1
42188,XO,1
42189,XO,1
42189,FS,1
42194,RH,1
42194,SS,1
42194,FS,1
42194,BR,1
42194,XO,1
42199,BU,1
42199,FS,1
42199,BR,1
42200,BU,1
42200,XO,1
42200,XM,1
42201,FS,1
42201,XO,1
42202,BU,1
42202,BR,1
42202,FS,1
42202,DS,1
42205,FS,1
42205,BU,1
42205,XO,1
42205,SS,1
42205,XM,1
42206,BU,1
42206,BR,1
42206,XM,1
42206,XO,1
42207,BR,1
42207,XM,1
42207,BU,1
42208,BR,1
42208,XO,1
42209,FS,1
42209,BT,1
42209,BR,1
42209,SS,1
42209,XO,1
42210,DS,1
42210,XM,1
42210,XO,1
42212,FS,1
42212,SS,1
42212,XO,1
42212,BU,1
42212,BR,1
42217,BU,1
42217,XO,1
42217,BR,1
42217,FS,1
42217,XM,1
42218,XO,1
42219,JA,1
42219,BR,1
42219,BU,1
42219,XO,1
42221,XO,1
42221,BU,1
42222,FS,1
42222,XM,1
42222,XO,1
42222,BR,1
42223,XO,1
42223,BU,1
42223,JA,1
42223,FS,1
42223,XM,1
42223,BR,1
42223,SJ,1
42223,SS,1
42224,SJ,1
42224,XO,1
42224,BU,1
42225,XO,1
42226,XO,1
42226,RH,1
42226,XM,1
42227,SS,1
42227,XO,1
42227,FS,1
42235,RH,1
42235,FS,1
42235,BR,1
42235,XO,1
42236,XO,1
42236,RH,1
42236,BR,1
42236,FS,1
42238,FS,1
42238,XO,1
42238,BR,1
42238,XM,1
42239,BT,1
42239,FS,1
42239,XM,1
42240,XO,1
42240,BU,1
42241,FS,1
42241,XM,1
42241,XO,1
42242,XO,1
42242,FS,1
42242,BU,1
42243,XO,1
42243,JA,1
42244,XO,1
42244,SJ,1
42244,FS,1
42245,FS,1
42245,BR,1
42245,XO,1
42245,BU,1
42246,BU,1
42246,XO,1
42246,FL,1
42247,BU,1
42247,BR,1
42247,FS,1
42249,FS,1
42249,BR,1
42249,XO,1
42250,BR,1
42250,DS,1
42250,FS,1
42251,BR,1
42251,XO,1
42251,XM,1
42251,BU,1
42252,XO,1
42252,FS,1
42252,BU,1
42253,BU,1
42253,XM,1
42253,XO,1
42253,DS,1
42253,BR,1
42254,XO,1
42254,BU,1
42255,BU,1
42255,BR,1
42255,XM,1
42256,JA,1
42256,DS,1
42257,XM,1
42257,BR,1
42257,FS,1
42257,XO,1
42258,XM,1
42258,XO,1
42259,XM,1
42262,BU,1
42262,XO,1
42262,FS,1
42262,BR,1
42263,BR,1
42263,FS,1
42263,BU,1
42264,BR,1
42264,FS,1
42264,BU,1
42265,BU,1
42265,XM,1
42265,FS,1
42265,BR,1
42265,XO,1
42266,FS,1
42266,XO,1
42266,BR,1
42267,BR,1
42267,FS,1
42267,BU,1
42267,XO,1
42268,FS,1
42268,XO,1
42270,BR,1
42270,BU,1
42270,XO,1
42270,FS,1
42270,DS,1
42271,RH,1
42271,XO,1
42272,BR,1
42272,FS,1
42272,XO,1
42273,XO,1
42274,FS,1
42274,BR,1
42275,FS,1
42278,FL,1
42278,XO,1
42278,FS,1
42280,FS,1
42280,BR,1
42280,BU,1
42280,XO,1
42281,XO,1
42281,BR,1
42281,DS,1
42281,FS,1
42284,FS,1
42284,DS,1
42284,BR,1
42285,BR,1
42285,XO,1
42285,JA,1
42286,BR,1
42286,XO,1
42286,DS,1
42286,BU,1
42287,XO,1
42288,XO,1
42289,XO,1
42289,FS,1
42290,FS,1
42290,BR,1
42290,JA,1
42290,BU,1
42290,XO,1
42290,SJ,1
42291,BU,1
42291,XM,1
42291,JA,1
42292,FS,1
42292,BU,1
42292,XO,1
42293,BU,1
42293,BR,1
42293,XO,1
42293,FS,1
42294,RH,1
42294,BU,1
42295,BR,1
42295,XO,1
42295,FS,1
42295,SS,1
42296,XO,1
42297,FS,1
42297,BU,1
42297,JA,1
42298,FS,1
42298,BU,1
42298,XO,1
42298,SJ,1
42299,SJ,1
42299,SS,1
42299,BU,1
42299,BR,1
42299,XM,1
42299,XO,1
42299,FS,1
42300,FS,1
42300,XO,1
42300,DS,1
42301,FS,1
42301,XO,1
42301,BU,1
42302,FS,1
42302,BT,1
42302,BU,1
42302,BR,1
42302,XO,1
42303,JA,1
42303,XO,1
42303,FS,1
42303,SS,1
42304,FS,1
42304,XO,1
42305,BR,1
42305,FS,1
42305,BU,1
42305,JA,1
42305,XM,1
42305,XO,1
42401,BR,1
42401,XO,1
42406,FS,1
42416,XM,1
42416,XO,1
42421,FS,1
42426,XO,1
42436,FS,1
42436,XM,1
42441,BR,1
42441,SS,1
42441,XO,1
42441,FS,1
42446,XO,1
42446,BR,1
42451,BR,1
42456,XO,1
42456,FS,1
42461,XM,1
42466,FS,1
42476,XO,1
42481,BR,1
42481,XO,1
42487,XO,1
42497,BR,1
42512,XO,1
42517,FS,1
42517,BR,1
42517,XO,1
42522,XO,1
42527,BR,1
42527,FS,1
42532,DS,1
42537,FS,1
42537,XO,1
42542,XO,1
42542,BR,1
42542,DS,1
42547,XO,1
42552,XO,1
42552,FS,1
42557,FS,1
42557,XM,1
42557,XO,1
42562,XO,1
42567,DS,1
42567,FS,1
42567,XO,1
42567,XM,1
42569,XO,1
42569,FS,1
42569,DS,1
43983,BR,1
43983,XO,1
43984,BR,1
43984,XO,1
43985,XO,1
43985,BR,1
43986,XO,1
43986,BR,1
43988,XO,1
43988,BR,1
43988,FS,1
43989,XO,1
43989,FS,1
43989,BR,1
43990,XO,1
43990,BR,1
43990,FS,1
43991,FS,1
43991,BR,1
43991,XO,1
43992,HS,1
43992,XO,1
43992,BR,1
43992,XM,1
43999,FS,1
44000,FS,1
44002,FS,1
44005,SS,1
44005,XM,1
44006,XM,1
44007,SS,1
44007,XM,1
44009,XO,1
44010,XO,1
44012,XO,1
44015,JA,1
44016,JA,1
44017,JA,1
44018,XO,1
44025,XO,1
44026,JA,1
44027,JA,1
44027,XO,1
44029,FS,1
44029,DS,1
44030,BR,1
44030,FS,1
44030,DS,1
44031,FS,1
44031,BR,1
44032,BR,1
44032,FS,1
44035,XM,1
44036,XM,1
44037,XM,1
44039,FS,1
44039,BR,1
44040,BR,1
44040,FS,1
44040,SS,1
44041,XO,1
44041,FS,1
44041,BR,1
44041,SS,1
44042,FS,1
44042,XO,1
44042,BR,1
44045,BT,1
44045,BR,1
44046,BT,1
44046,BR,1
44047,BT,1
44047,BR,1
44050,DS,1
44051,DS,1
44052,DS,1
44054,JU,1
44054,RH,1
44055,RH,1
44055,XO,1
44055,DS,1
44055,BR,1
44056,RH,1
44056,BR,1
44056,FS,1
44056,XO,1
44056,JA,1
44056,DS,1
44057,DS,1
44057,RH,1
44057,SS,1
44057,FS,1
44057,XO,1
44057,BR,1
44059,DS,1
44060,BR,1
44061,XM,1
44062,FS,1
44062,SS,1
44062,BR,1
44062,XO,1
44062,DS,1
44062,XM,1
44065,DR,1
44066,XO,1
44066,FS,1
44066,DR,1
44066,XM,1
44067,FS,1
44067,XO,1
44067,XM,1
44067,DR,1
44070,DS,1
44071,FS,1
44072,DS,1
44072,BR,1
44072,FS,1
44074,FS,1
44075,XM,1
44075,BR,1
44075,XO,1
44075,FS,1
44075,DS,1
44076,XM,1
44077,XO,1
44077,XM,1
44077,BR,1
44077,FS,1
44078,FS,1
44078,BR,1
44078,XO,1
44080,XO,1
44081,XO,1
44082,XM,1
44083,FS,1
44083,SS,1
44083,XM,1
44083,XO,1
44083,BR,1
44085,BR,1
44086,BR,1
44086,FS,1
44086,XO,1
44088,XO,1
44088,FS,1
44088,BR,1
44091,FS,1
44092,XO,1
44093,FS,1
44093,XO,1
44093,BR,1
44095,XO,1
44096,RH,1
44096,XO,1
44096,BU,1
44099,XO,1
44100,XO,1
44101,BR,1
44102,XO,1
44103,BR,1
44105,XO,1
44105,DS,1
44105,RH,1
44105,FS,1
44106,BU,1
44106,RH,1
44106,XO,1
44106,DS,1
44106,FS,1
44106,JA,1
44107,DS,1
44107,XO,1
44111,MA,1
44111,BR,1
44111,XM,1
44112,BR,1
44112,XM,1
44112,MA,1
44113,BR,1
44113,XM,1
44113,MA,1
44114,XM,1
44114,MA,1
44115,SJ,1
44115,MA,1
44115,XM,1
44117,BR,1
44118,XO,1
44118,BR,1
44119,BR,1
44119,XO,1
44120,XO,1
44120,BR,1
44123,JU,1
44123,XM,1
44124,XM,1
44124,JU,1
44125,JU,1
44125,XM,1
44129,JA,1
44130,JA,1
44132,XO,1
44133,BR,1
44133,XO,1
44134,XO,1
44135,XO,1
44135,FS,1
44135,BR,1
44137,BR,1
44138,XM,1
44138,BR,1
44139,XM,1
44140,XM,1
44140,BR,1
44141,XO,1
44142,FS,1
44143,RH,1
44143,FS,1
44147,DS,1
44148,DS,1
44149,XO,1
44149,JA,1
44149,SJ,1
44149,BR,1
44150,SJ,1
44150,BR,1
44150,JA,1
44150,DR,1
44150,XO,1
44151,DS,1
44151,SJ,1
44151,JA,1
44152,FS,1
44152,XO,1
44152,JA,1
44152,BR,1
44153,BR,1
44153,FS,1
44153,XO,1
44155,BR,1
44155,XO,1
44155,BU,1
44159,JA,1
44160,XO,1
44160,FS,1
44160,BR,1
44161,XO,1
44162,XO,1
44165,XM,1
44166,XM,1
44167,XM,1
44170,XM,1
44170,BR,1
44171,XM,1
44171,FS,1
44171,XO,1
44171,BR,1
44172,FS,1
44172,DS,1
44172,SS,1
44172,BR,1
44172,XO,1
44172,XM,1
44173,DS,1
44173,XO,1
44173,SS,1
44173,BR,1
44173,FS,1
44173,XM,1
44175,FS,1
44175,BR,1
44178,FS,1
44179,FS,1
44180,FS,1
44184,JU,1
44185,JU,1
44190,BT,1
44190,FS,1
44190,SS,1
44190,BR,1
44191,XO,1
44192,JU,1
44192,FS,1
44192,XO,1
44194,XM,1
44195,BR,1
44195,FS,1
44195,XM,1
44195,XO,1
44200,FS,1
44200,XO,1
44200,SJ,1
44205,FS,1
44205,BU,1
44205,DS,1
44205,BR,1
44205,XO,1
44206,FS,1
44206,XO,1
44206,BR,1
44206,XM,1
44207,XM,1
44208,BU,1
44208,BR,1
44208,XM,1
44208,FS,1
44208,XO,1
44213,DS,1
44213,JU,1
44213,XO,1
44213,FS,1
44214,BR,1
44214,MA,1
44215,SJ,1
44215,DS,1
44215,XM,1
44216,FS,1
44216,XM,1
44216,XO,1
44216,SS,1
44216,BU,1
44218,BU,1
44218,DR,1
44219,DR,1
44219,FS,1
44219,XO,1
44219,BU,1
44220,BU,1
44220,BR,1
44221,BU,1
44225,FS,1
44225,XO,1
44226,BR,1
44226,BU,1
44226,FL,1
44226,XO,1
44226,DS,1
44226,FS,1
44227,BU,1
44227,XO,1
44227,BR,1
44227,FL,1
44228,BU,1
44228,FL,1
44228,FS,1
44228,XO,1
44231,BR,1
44231,FS,1
44232,XM,1
44232,BR,1
44232,BT,1
44232,XO,1
44232,FS,1
44232,DS,1
44233,XO,1
44233,DS,1
44233,XM,1
44233,FS,1
44233,BR,1
44233,BT,1
44235,DR,1
44236,XO,1
44236,BR,1
44236,FS,1
44236,DS,1
44237,BU,1
44238,BR,1
44238,SS,1
44238,FS,1
44238,XO,1
44241,XO,1
44241,FS,1
44241,XM,1
44241,BR,1
44241,BU,1
44242,DR,1
44242,BU,1
44242,XM,1
44242,FS,1
44242,BR,1
44242,XO,1
44243,DR,1
44243,BR,1
44243,XM,1
44243,XO,1
44243,FS,1
44243,BU,1
44244,BR,1
44245,BT,1
44245,BR,1
44246,BR,1
44246,FS,1
44246,BT,1
44249,FS,1
44249,XO,1
44250,BU,1
44251,FS,1
44251,BU,1
44251,XO,1
44251,BR,1
44251,JA,1
44251,HS,1
44255,FS,1
44255,XO,1
44255,DS,1
44255,BR,1
44256,BU,1
44256,FS,1
44256,BR,1
44256,XO,1
44256,DS,1
44259,XO,1
44259,DS,1
44260,XO,1
44260,BR,1
44260,BU,1
44260,FS,1
44261,FS,1
44261,BU,1
44261,BR,1
44261,XO,1
44266,FS,1
44266,SJ,1
44269,XM,1
44270,XM,1
44270,BU,1
44271,FS,1
44271,BR,1
44271,BU,1
44271,XM,1
44271,XO,1
44274,JA,1
44275,FS,1
44275,XO,1
44275,JA,1
44276,DS,1
44276,JA,1
44276,XO,1
44276,BR,1
44276,FS,1
44281,DS,1
44281,XO,1
44281,FS,1
44281,JA,1
44281,BR,1
44282,FS,1
44282,XO,1
44282,BR,1
44282,JA,1
44282,DS,1
44285,FL,1
44286,XO,1
44286,BR,1
44286,FS,1
44286,BT,1
44286,BU,1
44287,XO,1
44287,BR,1
44287,BU,1
44287,RH,1
44287,FS,1
44287,FL,1
44291,XO,1
44292,FS,1
44292,BR,1
44292,XO,1
44292,SS,1
44296,JA,1
44297,BR,1
44297,JA,1
44297,XO,1
44297,FS,1
44298,FS,1
44298,XO,1
44298,BU,1
44298,BR,1
44303,SJ,1
44303,XO,1
44304,SJ,1
44304,XO,1
44307,JA,1
44309,BU,1
44309,DR,1
44309,XO,1
44309,JU,1
44310,BU,1
44310,BR,1
44310,FS,1
44310,SS,1
44310,HS,1
44310,XO,1
44313,XM,1
44314,FS,1
44314,BR,1
44314,XO,1
44314,XM,1
44315,DS,1
44315,XO,1
44315,BR,1
44315,XM,1
44315,FS,1
44318,FS,1
44318,BR,1
44318,XO,1
44318,XM,1
44319,XO,1
44319,BR,1
44319,HS,1
44319,XM,1
44320,HS,1
44320,BR,1
44320,XM,1
44320,FS,1
44320,XO,1
44320,BU,1
44320,DS,1
44322,BR,1
44322,FS,1
44322,BT,1
44323,JA,1
44323,XO,1
44323,FS,1
44324,SJ,1
44324,BR,1
44324,JA,1
44324,FS,1
44324,XO,1
44325,JA,1
44325,SJ,1
44325,FS,1
44325,XO,1
44325,BU,1
44325,BR,1
44326,XO,1
44326,FS,1
44326,BR,1
44327,JA,1
44327,DT,1
44327,BR,1
44327,SJ,1
44327,FL,1
44327,FS,1
44327,DS,1
44327,XO,1
44327,SS,1
44327,BU,1
44328,SS,1
44328,BU,1
44328,XO,1
44328,BR,1
44328,FS,1
44328,SJ,1
44328,JA,1
44328,FL,1
44328,HS,1
44328,DS,1
44329,FS,1
44329,BR,1
44329,BU,1
44329,XO,1
44330,BR,1
44330,XO,1
44330,FS,1
44330,BU,1
44331,XO,1
44331,JA,1
44331,FS,1
44331,BR,1
44332,FS,1
44332,JA,1
44332,BR,1
44332,XO,1
44332,DR,1
44334,BR,1
44334,SJ,1
44334,SS,1
44334,XO,1
44334,FS,1
44334,BU,1
44335,JA,1
44335,HS,1
44335,FS,1
44335,DR,1
44335,FL,1
44335,BR,1
44335,SJ,1
44335,BT,1
44335,DT,1
44335,SS,1
44335,BU,1
44335,DS,1
44335,XO,1
44336,FL,1
44336,SS,1
44336,FS,1
44336,BT,1
44336,DR,1
44336,BR,1
44336,SJ,1
44336,JA,1
44336,XO,1
44336,BU,1
44336,DS,1
44336,HS,1
44336,DT,1
44341,XO,1
44342,XO,1
44342,FS,1
44342,JU,1
44342,DS,1
44345,DS,1
44346,JU,1
44346,DS,1
44347,XO,1
44347,JA,1
44347,DS,1
44351,DS,1
44351,RH,1
44351,XO,1
44352,DS,1
44352,RH,1
44352,XO,1
44354,XO,1
44355,XO,1
44356,JU,1
44356,XO,1
44356,DS,1
44356,FS,1
44357,XO,1
44357,JU,1
44357,FS,1
44357,DS,1
44360,DS,1
44361,XO,1
44362,XO,1
44362,FS,1
44364,XO,1
44366,XO,1
44366,DS,1
44367,BU,1
44367,DS,1
44367,XO,1
44371,XO,1
44371,DS,1
44372,XO,1
44372,BU,1
44374,XO,1
44375,XO,1
44376,FS,1
44376,SS,1
44377,XO,1
44377,FS,1
44377,SS,1
44380,JU,1
44381,XO,1
44381,JU,1
44382,FS,1
44382,JU,1
44382,XO,1
44384,XO,1
44385,JU,1
44385,XO,1
44386,XO,1
44387,JU,1
44387,XO,1
44387,SS,1
44387,FS,1
44390,JU,1
44390,JA,1
44391,DS,1
44391,FS,1
44391,XO,1
44392,XO,1
44392,SS,1
44392,RH,1
44392,FS,1
44392,JU,1
44395,XM,1
44396,XO,1
44396,XM,1
44396,FS,1
44397,XO,1
44397,GH,1
44397,XM,1
44400,XO,1
44400,JA,1
44401,XO,1
44402,XO,1
44405,XO,1
44406,XO,1
44407,JA,1
44407,XO,1
44410,XO,1
44411,XO,1
44411,DS,1
44412,DS,1
44412,XO,1
44414,XO,1
44415,XO,1
44416,JA,1
44416,XO,1
44416,RH,1
44417,RH,1
44417,XO,1
44417,DS,1
44420,FS,1
44421,XO,1
44421,JU,1
44421,JA,1
44422,DS,1
44422,BU,1
44422,JU,1
44422,FS,1
44425,JA,1
44426,DS,1
44426,XO,1
44426,JU,1
44427,FS,1
44427,XO,1
44427,KS,1
44430,XM,1
44430,XO,1
44431,XO,1
44431,JU,1
44431,XM,1
44432,JU,1
44432,DS,1
44432,XO,1
44432,XM,1
44432,KS,1
44434,XO,1
44435,JA,1
44435,JU,1
44435,XO,1
44436,DS,1
44436,XO,1
44437,DS,1
44437,XO,1
44439,XO,1
44440,XO,1
44441,XO,1
44441,JA,1
44441,DS,1
44442,JU,1
44442,XO,1
44442,FS,1
44442,BR,1
44445,XM,1
44445,XO,1
44446,XO,1
44446,RH,1
44446,XM,1
44447,RH,1
44447,XO,1
44447,XM,1
44447,BU,1
44479,DT,1
44481,JU,1
44481,DT,1
44496,RH,1
44496,SJ,1
44501,RH,1
44511,DT,1
44511,SJ,1
44511,DS,1
44511,BR,1
44511,XO,1
44511,RH,1
44575,DS,1
44575,XO,1
44575,FS,1
44576,DS,1
44576,FS,1
44576,SS,1
44576,XO,1
44577,DS,1
44577,BU,1
44577,SS,1
44580,FS,1
44580,JU,1
44580,DS,1
44581,DS,1
44581,FS,1
44582,FS,1
44582,BU,1
44582,DS,1
44585,FS,1
44585,DT,1
44586,DT,1
44586,XO,1
44587,DT,1
44587,FS,1
44587,XO,1
44588,DT,1
44588,FS,1
44588,XO,1
44591,XO,1
44591,DS,1
44592,DS,1
44592,XO,1
44592,FS,1
44593,DS,1
44593,XO,1
44596,XO,1
44596,FS,1
44597,FS,1
44597,DS,1
44598,XO,1
44598,BR,1
44598,DS,1
44598,FS,1
44598,HS,1
44601,FS,1
44601,DT,1
44602,RH,1
44602,FS,1
44602,DS,1
44603,HS,1
44603,RH,1
44603,FS,1
44606,XO,1
44606,DS,1
44606,FS,1
44607,XO,1
44607,BU,1
44607,FS,1
44608,BR,1
44608,FS,1
44608,XO,1
44608,BU,1
44611,FS,1
44612,DS,1
44613,BR,1
44613,XO,1
44613,BU,1
44613,FS,1
44616,XO,1
44616,FS,1
44617,BR,1
44617,FS,1
44617,XO,1
44617,FL,1
44618,XO,1
44618,FS,1
44618,FL,1
44618,BR,1
44618,BU,1
44621,DS,1
44621,FS,1
44621,XO,1
44622,XO,1
44622,FS,1
44622,DS,1
44623,DS,1
44623,BU,1
44623,SS,1
44626,DS,1
44626,XO,1
44628,BT,1
44628,SS,1
44628,DS,1
44631,DS,1
44632,DS,1
44633,SS,1
44633,DS,1
44636,XO,1
44636,JA,1
44637,JA,1
44638,XO,1
44638,FS,1
44638,JA,1
44638,BR,1
44641,XO,1
44642,JU,1
44643,JU,1
44646,XO,1
44647,XO,1
44648,BU,1
44651,XO,1
44652,FS,1
44652,DT,1
44652,SJ,1
44652,XO,1
44653,SJ,1
44653,DT,1
44653,BU,1
