Chart_ID;Amount_of_Notes;Amount_of_LongNotes;Amount_of_Rolls;Amount_of_Mines
1;2875;40;4;0
2;3690;17;10;4
3;3037;14;4;0
4;3257;30;1;0
5;12942;43;4;7
6;1078;8;4;1
7;1179;11;4;10
8;945;11;7;0
9;728;7;12;14
10;766;13;10;1
11;2352;8;6;0
12;2601;16;6;13
13;3948;21;8;16
14;3589;2;4;0
15;3016;66;6;0
16;11976;20;8;2
17;2540;17;12;2
18;176;68;0;0
19;200;156;0;0
20;274;160;2;20
21;427;128;0;15
22;548;110;0;15
23;724;74;0;15
24;282;34;4;2
25;434;57;8;4
26;464;59;0;63
27;164;19;1;0
28;310;48;0;0
29;592;112;1;0
30;596;106;1;48
31;134;49;0;0
32;194;92;0;0
33;266;87;0;0
34;445;92;0;39
35;454;81;0;29
36;68;14;0;0
37;91;61;0;0
38;228;80;0;0
39;375;51;1;0
40;467;44;1;35
41;307;75;24;0
42;738;82;4;41
43;966;76;4;89
44;1072;72;8;102
45;1148;64;1;124
46;98;21;0;0
47;139;45;2;0
48;280;37;17;0
49;399;125;17;0
50;576;104;6;38
51;61;0;0;0
52;149;0;0;3
53;334;57;1;3
54;433;79;3;10
55;260;27;0;151
56;491;20;0;44
57;504;34;6;188
58;715;27;1;5
59;106;7;0;0
60;310;29;11;0
61;396;27;19;10
62;553;26;18;13
63;127;0;0;0
64;435;44;2;16
65;572;79;2;4
66;724;68;2;6
67;431;98;2;118
68;512;94;4;142
69;532;141;0;139
70;434;96;0;0
71;659;160;0;0
72;732;123;0;24
73;396;36;0;0
74;615;3;0;78
75;653;74;0;64
76;635;36;24;85
77;59;0;0;0
78;194;14;0;0
79;294;15;5;0
80;506;88;11;18
81;679;53;3;55
82;510;17;5;3
83;835;10;7;28
84;923;49;0;18
85;961;27;1;35
86;146;45;0;0
87;304;69;0;0
88;467;89;0;0
89;634;102;0;0
90;716;98;0;33
91;108;6;0;0
92;235;21;0;1
93;385;19;0;1
94;470;50;0;1
95;615;87;0;1
96;94;14;0;0
97;132;59;4;0
98;304;38;2;0
99;304;109;0;0
100;534;91;0;32
101;958;49;3;22
102;762;51;10;0
103;703;32;3;0
104;302;31;4;0
105;475;30;2;0
106;265;36;0;0
107;392;65;2;0
108;541;102;4;0
109;461;227;33;86
110;484;60;0;0
111;1107;185;17;0
112;1375;330;33;9
113;1813;396;8;17
114;2316;463;7;34
115;2522;505;10;34
116;69;0;0;0
117;227;28;0;0
118;302;36;0;0
119;328;47;0;0
120;465;65;0;2
121;97;2;0;0
122;200;70;0;0
123;190;187;0;0
124;462;111;1;46
125;501;128;0;26
126;64;2;0;0
127;97;94;0;0
128;123;128;0;0
129;183;173;1;0
130;256;168;1;0
131;192;132;0;0
132;238;142;0;0
133;404;152;2;0
134;587;150;0;10
135;293;83;0;0
136;380;122;0;0
137;453;120;0;0
138;543;112;0;4
139;83;0;0;0
140;146;17;0;0
141;219;56;0;0
142;338;51;3;0
143;340;100;0;12
144;80;76;0;5
145;875;24;1;25
146;253;86;0;11
147;357;143;0;100
148;722;31;0;33
149;67;3;0;0
150;216;52;0;0
151;350;93;0;4
152;428;18;0;34
153;168;24;0;0
154;286;67;4;2
155;340;93;2;59
156;491;94;8;51
157;295;24;0;0
158;398;37;4;0
159;626;36;4;27
160;719;90;0;10
161;101;0;0;0
162;183;23;0;0
163;262;21;1;0
164;370;43;7;0
165;460;45;0;14
166;89;3;0;0
167;185;9;0;0
168;386;7;0;0
169;454;39;0;0
170;621;36;0;10
171;91;1;0;0
172;180;0;0;0
173;228;77;0;0
174;311;96;1;8
175;594;54;1;0
176;585;54;1;0
177;425;61;0;0
178;338;32;0;0
179;174;23;0;0
180;169;0;0;0
181;258;12;0;0
182;387;55;0;14
183;558;97;0;0
184;789;28;0;0
185;151;5;4;0
186;328;38;4;0
187;515;67;6;1
188;656;62;8;0
189;731;54;10;55
190;140;32;0;0
191;279;19;0;1
192;472;17;0;0
193;526;62;0;70
194;231;152;1;24
195;379;165;6;15
196;467;141;0;15
197;540;126;6;48
198;137;10;0;1
199;517;5;0;8
200;799;5;2;8
201;792;5;3;49
202;380;66;15;7
203;647;93;24;13
204;777;128;24;19
205;120;121;0;0
206;172;169;0;0
207;402;128;0;13
208;415;62;0;21
209;439;101;14;34
210;705;77;0;35
211;776;71;0;12
212;291;40;0;51
213;399;82;0;84
214;397;103;0;108
215;358;6;0;0
216;453;43;1;0
217;567;47;16;3
218;594;126;5;51
219;135;6;0;0
220;165;56;0;0
221;385;36;11;3
222;603;53;2;16
223;673;106;2;56
224;88;3;0;0
225;163;88;0;0
226;173;188;1;0
227;225;182;1;0
228;349;157;7;60
229;775;124;4;0
230;723;49;0;8
231;612;24;0;0
232;436;13;0;0
233;169;0;0;0
234;77;0;0;0
235;298;7;0;0
236;434;17;2;0
237;748;21;3;32
238;914;25;4;53
239;954;24;4;57
240;285;76;36;47
241;547;21;31;81
242;640;56;20;12
243;92;16;0;0
244;302;20;0;0
245;374;56;0;0
246;552;66;2;62
247;613;127;4;66
248;85;1;0;0
249;207;21;0;10
250;333;22;0;10
251;449;50;0;76
252;476;15;1;30
253;72;1;0;0
254;245;8;0;0
255;305;28;0;0
256;282;170;0;0
257;405;168;2;23
258;614;82;2;23
259;397;75;2;4
260;293;46;0;0
261;234;9;0;0
262;125;0;0;0
263;226;67;1;12
264;354;124;1;23
265;584;63;12;17
266;608;85;0;71
267;82;0;0;0
268;234;67;0;0
269;276;68;0;0
270;352;74;0;10
271;407;69;0;27
272;613;5;5;39
273;492;10;0;4
274;311;8;0;0
275;193;8;0;0
276;109;2;0;0
277;555;20;6;67
278;478;20;6;6
279;203;58;0;0
280;141;1;0;0
281;70;3;0;0
282;496;35;77;3
283;351;67;2;0
284;207;61;0;0
285;97;55;0;0
286;74;0;0;0
287;588;62;2;12
288;331;73;1;0
289;268;53;2;0
290;187;48;0;0
291;50;10;0;0
292;538;49;24;40
293;547;50;22;40
294;418;51;23;37
295;77;4;0;0
296;130;3;0;0
297;215;34;21;4
298;857;41;6;3
299;746;44;7;7
300;502;42;5;5
301;246;27;0;4
302;82;9;0;0
303;476;40;4;10
304;325;44;0;35
305;199;39;0;0
306;152;9;0;0
307;87;2;0;0
308;458;33;9;16
309;290;48;2;8
310;194;18;0;0
311;116;12;0;0
312;49;6;0;0
313;534;67;11;16
314;408;58;8;0
315;275;64;0;0
316;193;32;0;0
317;118;1;0;0
318;621;47;2;31
319;396;55;4;0
320;321;36;0;0
321;171;17;0;0
322;64;5;0;0
323;560;32;22;19
324;356;50;6;9
325;271;51;0;0
326;186;4;0;0
327;58;10;0;0
328;803;63;6;21
329;594;53;2;8
330;422;52;5;0
331;215;19;0;0
332;73;8;0;0
333;660;16;6;25
334;573;35;2;8
335;375;34;0;0
336;239;40;0;0
337;40;7;0;0
338;412;81;15;23
339;326;69;5;0
340;190;82;0;0
341;132;14;0;0
342;57;10;0;0
343;523;84;3;24
344;330;102;0;18
345;267;20;0;0
346;141;15;0;0
347;46;6;0;0
348;797;53;1;10
349;553;61;2;0
350;381;81;0;0
351;349;11;0;0
352;76;0;0;0
353;515;65;14;51
354;296;30;27;2
355;170;7;4;4
356;94;8;0;0
357;264;21;3;4
358;421;93;8;13
359;212;36;1;5
360;391;24;1;3
361;115;52;1;5
362;101;34;0;0
363;432;59;1;91
364;300;67;0;16
365;232;46;0;4
366;143;18;0;0
367;68;3;0;0
368;722;89;1;43
369;576;54;11;4
370;410;44;2;0
371;248;9;0;0
372;89;2;0;0
373;509;48;0;11
374;358;44;3;10
375;42;1;0;0
376;65;7;0;0
377;179;39;0;0
378;568;16;14;24
379;376;1;3;10
380;271;2;0;0
381;190;1;0;0
382;93;2;0;0
383;656;82;15;16
384;428;74;16;7
385;36;0;0;0
386;165;47;9;0
387;255;76;11;0
388;373;134;9;40
389;224;111;9;9
390;52;10;0;0
391;86;16;0;1
392;147;111;7;9
393;729;110;30;37
394;466;59;29;37
395;68;3;0;6
396;150;39;0;7
397;318;50;3;8
398;391;85;31;33
399;331;78;0;0
400;218;77;0;0
401;150;28;0;0
402;56;2;0;0
403;562;87;6;28
404;368;87;0;0
405;306;35;0;0
406;196;23;0;0
407;98;4;0;0
408;362;83;26;8
409;371;79;29;8
410;44;10;0;36
411;93;36;2;38
412;248;88;22;6
413;163;72;2;37
414;509;123;0;30
415;520;123;0;30
416;369;121;9;20
417;186;127;0;1
418;163;31;0;0
419;59;17;0;0
420;550;94;8;10
421;439;59;25;10
422;318;71;1;1
423;188;79;0;20
424;100;0;0;0
425;618;100;4;21
426;546;88;4;11
427;350;82;10;7
428;243;53;0;0
429;67;10;0;0
430;582;116;0;6
431;585;108;0;6
432;448;79;0;0
433;344;58;0;0
434;198;51;0;0
435;75;3;0;0
436;420;90;18;30
437;300;106;12;4
438;238;29;0;0
439;178;1;0;0
440;69;0;0;0
441;536;63;14;4
442;799;55;12;19
443;843;126;39;76
444;951;127;13;85
445;287;57;44;9
446;628;120;4;14
447;628;124;4;41
448;751;121;0;0
449;662;84;0;11
450;468;83;0;0
451;440;13;11;0
452;613;13;2;0
453;616;45;7;31
454;379;71;23;7
455;677;25;9;45
456;808;27;15;48
457;341;176;7;46
458;435;175;4;35
459;562;145;2;0
460;517;30;33;36
461;717;31;30;84
462;862;47;27;110
463;553;109;4;30
464;828;112;4;0
465;842;116;3;31
466;551;130;8;21
467;730;119;8;25
468;784;122;8;59
469;420;41;0;0
470;499;48;0;15
471;464;122;3;36
472;876;108;30;159
473;1078;108;30;159
474;1483;58;3;3
475;1389;105;30;186
476;346;16;0;0
477;412;18;0;0
478;526;65;0;0
479;98;160;2;0
480;315;65;31;0
481;400;66;27;1
482;508;66;0;1
483;456;65;4;13
484;551;50;106;37
485;709;78;117;20
486;497;70;0;44
487;651;65;11;47
488;658;50;16;52
489;169;87;21;0
490;245;103;30;12
491;319;139;2;13
492;155;112;0;8
493;249;125;0;8
494;427;100;0;45
495;329;39;1;0
496;707;54;5;51
497;804;61;6;50
498;165;119;6;42
499;259;130;10;56
500;427;109;18;32
501;427;109;18;32
502;507;59;2;0
503;581;91;2;23
504;602;104;2;87
505;248;23;3;0
506;386;21;0;0
507;451;49;0;56
508;695;42;0;4
509;97;0;0;0
510;192;19;0;0
511;300;34;1;2
512;435;33;1;8
513;443;22;32;10
514;331;44;12;0
515;205;43;12;0
516;165;7;7;0
517;101;6;1;0
518;14999;1259;160;389
519;6867;677;97;204
520;8102;581;63;185
521;593;39;17;80
522;493;35;19;63
523;387;29;17;57
524;141;12;0;54
525;266;26;4;53
526;549;13;10;11
527;416;13;20;3
528;241;12;21;0
529;211;9;0;0
530;111;3;0;0
531;841;9;0;40
532;110;1;0;0
533;202;1;0;0
534;412;18;0;0
535;751;15;0;4
536;776;26;13;15
537;124;0;0;0
538;238;3;0;0
539;309;10;0;0
540;519;36;1;10
541;716;61;0;0
542;640;61;0;0
543;413;85;9;0
544;69;0;0;0
545;317;28;0;0
546;206;3;0;0
547;718;93;5;4
548;90;0;0;0
549;268;15;0;0
550;350;33;1;0
551;502;87;10;6
552;368;90;1;0
553;322;83;0;0
554;236;64;0;0
555;155;32;0;0
556;50;5;0;0
557;480;84;0;35
558;450;77;0;28
559;346;20;3;0
560;224;17;1;0
561;126;1;0;0
562;689;45;0;0
563;114;0;0;0
564;173;3;0;0
565;370;7;0;0
566;530;34;0;0
567;276;246;6;12
568;361;61;13;6
569;266;66;2;5
570;89;18;0;0
571;120;43;0;4
572;715;79;14;12
573;529;100;20;12
574;276;86;27;0
575;131;129;0;0
576;68;0;0;0
577;552;60;0;71
578;517;42;0;14
579;368;19;0;0
580;213;20;0;0
581;97;4;0;0
582;574;8;9;26
583;71;0;0;0
584;154;9;0;1
585;282;9;3;20
586;394;12;1;44
587;749;33;4;29
588;91;0;0;0
589;185;18;0;0
590;386;13;1;0
591;536;36;7;8
592;792;68;2;10
593;607;101;3;8
594;415;94;5;6
595;235;36;1;0
596;38;16;0;0
597;858;9;13;34
598;95;0;0;0
599;530;11;15;42
600;281;18;4;22
601;146;22;0;0
602;659;41;1;3
603;498;28;15;1
604;315;29;3;0
605;199;5;0;0
606;85;3;0;0
607;558;32;11;3
608;353;56;2;1
609;234;59;0;0
610;165;28;0;0
611;61;0;0;0
612;449;44;2;9
613;100;0;0;0
614;150;1;0;0
615;232;11;0;0
616;424;44;1;5
617;615;23;6;14
618;180;6;0;0
619;206;9;0;0
620;253;18;0;0
621;393;11;0;0
622;97;0;0;0
623;311;14;3;4
624;431;25;17;14
625;752;17;17;24
626;1037;57;2;9
627;762;63;0;18
628;629;54;0;51
629;475;60;0;6
630;310;24;0;0
631;152;1;0;0
632;653;166;5;0
633;101;0;0;0
634;479;183;2;2
635;305;19;0;0
636;406;49;0;2
637;645;23;7;2
638;432;35;5;0
639;289;36;0;0
640;194;15;0;0
641;69;0;0;0
642;87;0;0;0
643;266;28;1;0
644;404;46;2;3
645;692;58;3;1
646;926;61;6;27
647;89;0;0;0
648;197;27;0;0
649;415;38;3;8
650;610;38;5;15
651;848;90;4;10
652;200;37;0;7
653;277;38;0;6
654;138;25;4;0
655;98;33;0;0
656;53;5;0;0
657;619;66;14;15
658;427;61;19;16
659;310;60;11;0
660;236;21;0;0
661;57;1;0;0
662;523;131;5;25
663;335;60;1;9
664;224;27;1;20
665;64;0;0;0
666;146;3;0;0
667;746;87;21;34
668;643;65;8;17
669;448;73;7;0
670;271;30;0;0
671;65;4;0;0
672;611;46;4;22
673;462;54;8;8
674;286;47;6;0
675;170;17;0;0
676;70;1;0;0
677;748;45;0;16
678;665;57;0;16
679;474;50;0;0
680;206;52;8;0
681;147;0;0;0
682;655;55;0;7
683;91;8;0;0
684;214;5;0;0
685;308;3;0;0
686;482;54;5;0
687;713;36;5;33
688;437;64;2;2
689;261;45;0;0
690;191;20;0;0
691;60;1;0;0
692;98;0;0;0
693;238;8;0;0
694;344;21;0;22
695;480;33;0;16
696;695;46;3;13
697;420;69;8;7
698;318;80;2;0
699;203;41;0;0
700;124;0;0;0
701;57;0;0;0
702;797;74;3;16
703;676;54;3;0
704;616;43;7;6
705;428;78;1;1
706;268;58;0;0
707;172;11;0;0
708;321;78;2;0
709;95;10;0;0
710;167;9;0;0
711;294;0;0;0
712;305;76;2;0
713;646;52;24;20
714;407;76;23;6
715;349;31;0;0
716;65;0;0;0
717;243;30;0;0
718;654;48;8;7
719;72;2;0;0
720;117;6;0;0
721;178;12;0;0
722;358;19;1;0
723;687;43;8;4
724;487;34;0;0
725;382;39;2;0
726;232;11;1;0
727;101;1;0;0
728;703;9;2;24
729;116;4;0;0
730;182;11;0;0
731;330;9;1;0
732;585;10;6;0
733;446;64;2;4
734;332;71;1;4
735;242;47;0;4
736;155;20;0;4
737;84;1;0;4
738;794;33;1;32
739;635;42;4;27
740;76;2;0;1
741;184;14;0;1
742;409;41;2;1
743;642;37;4;18
744;455;40;4;4
745;333;38;4;0
746;216;21;0;0
747;61;0;0;0
748;645;50;0;8
749;78;0;0;0
750;143;25;0;0
751;305;36;1;0
752;493;34;2;14
753;1065;42;4;0
754;692;31;10;6
755;134;0;0;0
756;296;29;3;26
757;509;38;5;9
758;1120;77;13;28
759;154;3;0;0
760;288;5;0;0
761;564;42;0;0
762;881;33;6;55
763;870;32;3;2
764;87;3;0;0
765;127;9;0;0
766;393;25;2;0
767;646;31;4;1
768;439;141;0;0
769;451;77;0;30
770;220;40;36;0
771;137;74;0;0
772;125;30;0;0
773;618;99;8;26
774;501;81;5;2
775;376;51;2;0
776;176;21;0;0
777;57;10;0;0
778;592;50;20;27
779;348;72;6;0
780;220;24;0;0
781;145;5;0;0
782;88;1;0;0
783;589;40;8;49
784;99;2;0;0
785;169;9;8;0
786;254;9;8;0
787;441;38;11;0
788;618;51;6;26
789;74;4;0;0
790;131;3;1;0
791;282;2;3;0
792;473;33;12;10
793;693;53;6;29
794;103;0;0;0
795;213;15;0;0
796;401;40;4;16
797;545;40;4;27
798;545;113;0;14
799;94;0;0;0
800;201;5;0;0
801;318;33;0;0
802;436;50;0;0
803;579;6;22;53
804;100;1;0;0
805;185;0;0;0
806;238;19;21;0
807;510;6;25;53
808;513;62;9;51
809;356;63;2;0
810;229;39;0;0
811;123;0;0;0
812;60;0;0;0
813;737;14;0;10
814;604;25;1;0
815;457;34;8;0
816;237;47;0;0
817;73;11;0;0
818;70;0;0;0
819;199;20;0;0
820;316;25;3;0
821;480;48;17;5
822;661;61;8;31
823;925;41;1;18
824;924;42;1;0
825;766;13;4;1
826;139;0;0;0
827;292;26;0;4
828;519;25;2;10
829;691;78;9;18
830;601;65;2;2
831;415;74;5;0
832;232;51;0;0
833;59;13;0;0
834;648;44;0;28
835;576;42;0;0
836;459;41;0;0
837;291;19;0;0
838;141;12;0;0
839;585;41;7;1
840;68;0;0;0
841;95;7;0;0
842;207;32;0;0
843;306;56;0;10
844;695;20;5;25
845;712;19;5;25
846;67;0;0;0
847;131;7;0;0
848;261;8;0;8
849;440;7;4;8
850;479;77;2;0
851;310;109;1;0
852;228;44;0;0
853;173;7;0;0
854;105;0;0;0
855;808;60;2;19
856;555;78;9;15
857;436;78;0;10
858;239;18;0;0
859;128;0;0;0
860;2782;252;26;47
861;535;10;9;6
862;463;17;3;0
863;284;20;21;0
864;168;33;0;0
865;84;13;0;0
866;664;67;0;4
867;97;0;0;0
868;474;96;0;10
869;252;20;0;4
870;392;42;2;4
871;736;53;0;36
872;523;68;4;63
873;87;0;0;0
874;197;5;1;0
875;272;13;2;11
876;398;16;4;19
877;462;49;0;60
878;93;1;0;0
879;132;1;0;0
880;179;20;1;0
881;234;21;1;0
882;637;91;0;0
883;513;38;0;0
884;330;30;3;0
885;228;5;0;0
886;111;3;0;0
887;563;114;8;27
888;334;136;4;4
889;218;133;3;0
890;168;75;0;0
891;121;0;0;0
892;630;70;16;28
893;487;67;5;7
894;333;71;3;0
895;167;21;0;0
896;73;0;0;0
897;773;18;0;40
898;96;1;0;0
899;183;1;0;0
900;297;14;4;0
901;689;15;0;39
902;821;84;1;18
903;109;0;0;0
904;189;35;0;0
905;295;79;5;1
906;511;70;3;7
907;70;0;0;0
908;129;42;0;0
909;208;48;0;20
910;413;16;30;45
911;611;35;17;22
912;590;89;6;48
913;500;33;6;12
914;376;38;0;0
915;228;13;0;0
916;104;1;0;0
917;109;6;0;0
918;209;30;4;0
919;359;47;5;0
920;677;63;7;30
921;804;72;2;43
922;925;46;6;39
923;780;57;6;0
924;503;58;6;0
925;307;12;0;0
926;123;20;0;0
927;113;1;0;0
928;252;8;0;0
929;402;7;0;3
930;516;6;0;4
931;667;23;1;4
932;63;0;0;0
933;144;6;0;0
934;299;6;0;0
935;511;22;0;0
936;762;15;1;0
937;747;15;0;5
938;142;0;0;0
939;234;5;0;0
940;319;25;0;0
941;454;52;2;16
942;596;51;6;37
943;117;2;0;0
944;248;3;0;8
945;346;2;8;8
946;585;1;8;40
947;626;44;31;50
948;91;0;0;0
949;271;19;0;0
950;479;59;3;0
951;767;39;2;31
952;966;80;8;28
953;1071;49;6;21
954;981;42;3;31
955;84;0;0;0
956;193;22;0;0
957;270;62;0;0
958;441;71;2;0
959;787;34;0;13
960;140;11;0;0
961;326;22;0;0
962;611;41;6;2
963;801;45;4;3
964;959;64;3;0
965;450;4;0;15
966;333;0;0;3
967;288;0;0;0
968;162;0;0;0
969;41;0;0;0
970;493;41;0;7
971;83;0;0;0
972;109;24;0;0
973;266;13;0;6
974;375;23;0;6
975;530;35;0;23
976;92;0;0;0
977;208;11;0;0
978;354;28;2;7
979;507;30;3;6
980;628;24;10;6
981;630;23;4;6
982;526;70;1;19
983;350;69;7;1
984;262;41;0;1
985;214;21;0;1
986;102;13;0;1
987;55;0;0;0
988;104;30;0;0
989;182;41;0;0
990;223;58;1;0
991;366;35;37;2
992;368;76;0;1
993;272;33;0;0
994;410;21;6;5
995;472;45;13;6
996;636;44;10;27
997;732;71;4;36
998;701;44;6;33
999;178;6;0;0
1000;357;1;0;0
1001;579;29;0;0
1002;987;32;0;10
1003;987;32;0;10
1004;82;0;0;0
1005;200;29;0;0
1006;271;48;0;2
1007;408;92;1;3
1008;637;114;0;10
1009;619;49;1;12
1010;469;43;4;0
1011;303;26;2;0
1012;166;8;0;0
1013;62;1;0;0
1014;625;53;0;0
1015;436;52;13;0
1016;387;51;12;0
1017;204;39;12;0
1018;118;18;0;0
1019;154;6;0;0
1020;222;14;2;0
1021;363;25;4;0
1022;485;30;4;17
1023;625;46;14;49
1024;556;59;6;24
1025;513;58;16;0
1026;381;27;6;0
1027;245;8;6;0
1028;110;6;6;0
1029;626;52;5;27
1030;519;70;7;12
1031;334;43;1;0
1032;176;30;0;0
1033;85;1;0;0
1034;76;1;0;0
1035;141;17;0;0
1036;192;20;0;0
1037;303;42;1;26
1038;310;50;0;27
1039;81;0;0;0
1040;163;10;0;0
1041;306;56;0;0
1042;370;75;33;22
1043;608;94;14;50
1044;547;50;2;39
1045;505;49;2;0
1046;320;23;2;0
1047;205;1;0;0
1048;66;1;0;0
1049;135;3;0;0
1050;363;58;0;0
1051;498;73;0;16
1052;585;89;2;19
1053;689;88;0;33
1054;643;9;0;153
1055;601;9;0;27
1056;370;7;0;9
1057;225;5;0;24
1058;78;12;0;0
1059;110;35;0;0
1060;306;86;5;0
1061;368;92;5;0
1062;590;76;4;6
1063;654;70;1;31
1064;608;113;0;24
1065;128;25;0;0
1066;433;25;0;0
1067;547;67;0;9
1068;841;1;0;0
1069;840;25;0;0
1070;961;56;7;0
1071;759;86;2;15
1072;569;64;7;0
1073;426;45;5;0
1074;179;3;0;0
1075;606;35;11;41
1076;510;32;9;14
1077;368;18;8;0
1078;216;20;0;0
1079;112;16;0;0
1080;98;3;0;0
1081;201;4;1;0
1082;261;21;2;0
1083;335;17;2;2
1084;535;12;1;13
1085;127;7;0;0
1086;334;30;3;0
1087;479;83;7;0
1088;558;71;2;10
1089;653;50;4;12
1090;598;51;1;25
1091;194;2;0;0
1092;297;2;0;0
1093;348;15;0;0
1094;484;29;5;15
1095;620;34;0;36
1096;94;0;0;0
1097;296;23;0;0
1098;451;68;4;3
1099;715;70;3;4
1100;967;68;14;12
1101;970;88;1;3
1102;1176;50;10;14
1103;1110;50;15;12
1104;685;44;10;0
1105;323;20;10;0
1106;155;20;1;0
1107;517;136;0;0
1108;489;96;0;0
1109;355;77;0;0
1110;217;33;0;0
1111;99;18;0;0
1112;687;50;0;27
1113;630;50;0;0
1114;374;48;7;0
1115;214;38;2;0
1116;125;5;0;0
1117;485;62;4;6
1118;374;57;0;0
1119;278;35;1;0
1120;227;17;0;0
1121;106;13;0;0
1122;145;9;0;0
1123;490;37;8;0
1124;623;22;14;0
1125;673;29;17;12
1126;807;31;9;26
1127;105;0;0;0
1128;300;8;0;0
1129;471;25;2;4
1130;651;70;2;6
1131;959;80;0;71
1132;117;0;0;0
1133;257;24;14;0
1134;391;22;11;0
1135;486;42;11;28
1136;580;22;12;1
1137;581;89;1;19
1138;73;6;0;0
1139;192;14;0;0
1140;287;25;6;0
1141;453;77;6;7
1142;120;0;0;0
1143;157;3;0;0
1144;218;23;0;0
1145;300;3;0;0
1146;501;8;0;8
1147;547;45;8;58
1148;504;53;0;0
1149;335;52;0;0
1150;198;15;0;0
1151;0;1;0;0
1152;147;0;0;0
1153;231;0;0;0
1154;425;5;0;0
1155;615;19;0;32
1156;713;63;0;43
1157;441;66;7;23
1158;417;25;9;12
1159;328;18;0;0
1160;198;14;0;0
1161;54;0;0;0
1162;66;4;0;0
1163;209;8;0;0
1164;359;26;0;0
1165;527;26;0;0
1166;613;39;0;0
1167;63;2;0;0
1168;206;42;0;0
1169;267;60;0;32
1170;403;78;0;35
1171;801;12;0;38
1172;731;10;0;8
1173;706;64;2;16
1174;592;51;6;0
1175;401;37;6;0
1176;265;28;0;0
1177;126;10;0;0
1178;727;58;1;15
1179;457;113;2;12
1180;67;2;0;2
1181;117;13;0;2
1182;260;89;1;0
1183;123;17;0;0
1184;379;85;20;22
1185;609;51;13;25
1186;699;46;13;38
1187;802;47;4;38
1188;776;57;2;5
1189;537;13;11;5
1190;370;7;5;0
1191;208;2;0;0
1192;77;0;0;0
1193;498;67;0;3
1194;380;49;4;0
1195;229;39;11;11
1196;154;17;6;0
1197;65;14;0;0
1198;148;24;0;0
1199;287;27;1;4
1200;392;6;3;4
1201;481;26;1;16
1202;578;7;22;26
1203;491;38;10;13
1204;458;39;0;12
1205;301;42;1;0
1206;151;35;0;0
1207;78;3;0;0
1208;132;1;0;0
1209;321;60;2;0
1210;387;59;2;0
1211;529;66;2;0
1212;600;75;0;0
1213;85;0;0;0
1214;241;14;0;0
1215;363;65;0;0
1216;627;55;0;13
1217;836;75;0;12
1218;708;84;0;12
1219;674;75;0;15
1220;572;92;0;0
1221;378;100;1;0
1222;265;41;0;0
1223;158;2;0;0
1224;618;31;14;24
1225;555;23;13;14
1226;412;17;12;0
1227;211;11;12;0
1228;91;0;0;0
1229;172;1;0;0
1230;295;3;0;0
1231;496;31;7;12
1232;764;21;6;16
1233;826;28;0;23
1234;701;58;2;44
1235;604;56;2;6
1236;312;80;2;0
1237;171;25;0;0
1238;98;23;0;0
1239;130;9;0;0
1240;297;14;4;0
1241;420;31;0;10
1242;425;67;2;0
1243;541;100;8;12
1244;493;40;35;0
1245;405;34;39;24
1246;394;23;0;0
1247;256;0;0;0
1248;189;0;0;0
1249;639;21;21;4
1250;521;17;20;4
1251;350;6;11;36
1252;239;8;0;0
1253;133;1;0;0
1254;504;41;13;19
1255;363;18;11;8
1256;224;13;0;0
1257;138;0;0;0
1258;59;0;0;0
1259;498;53;16;24
1260;350;10;18;12
1261;279;18;0;0
1262;157;4;0;0
1263;59;0;0;0
1264;572;56;12;22
1265;98;13;0;0
1266;187;29;1;0
1267;428;51;6;14
1268;206;97;6;10
1269;144;0;0;0
1270;266;3;0;0
1271;305;46;0;0
1272;445;6;0;20
1273;568;63;1;12
1274;1107;58;21;44
1275;240;50;10;6
1276;367;58;14;6
1277;727;47;24;36
1278;917;43;20;55
1279;65;0;0;0
1280;130;11;0;0
1281;242;42;0;1
1282;435;37;1;8
1283;589;30;21;30
1284;523;45;11;36
1285;567;39;6;16
1286;398;30;12;2
1287;294;28;9;0
1288;176;11;0;0
1289;59;0;0;0
1290;108;5;0;0
1291;249;46;0;0
1292;446;45;2;24
1293;554;42;12;42
1294;605;52;2;65
1295;710;68;10;29
1296;67;7;0;0
1297;174;40;1;1
1298;390;49;20;10
1299;239;59;12;1
1300;86;4;0;0
1301;206;23;0;0
1302;291;22;0;0
1303;386;24;0;53
1304;654;19;8;58
1305;65;1;0;0
1306;150;12;0;0
1307;207;31;0;0
1308;450;36;1;0
1309;644;48;3;6
1310;1092;109;22;58
1311;84;32;0;1
1312;295;53;4;1
1313;860;105;15;35
1314;499;134;11;1
1315;114;1;0;0
1316;344;46;2;0
1317;487;42;3;0
1318;582;57;3;26
1319;680;67;2;51
1320;83;10;0;0
1321;256;29;0;0
1322;348;34;0;2
1323;375;82;0;14
1324;490;102;0;49
1325;101;25;0;0
1326;248;40;4;4
1327;395;44;4;4
1328;520;70;4;14
1329;622;81;5;12
1330;87;3;0;0
1331;191;4;8;0
1332;324;2;4;0
1333;503;11;12;24
1334;374;8;8;21
1335;503;11;12;24
1336;466;4;9;12
1337;668;38;0;12
1338;484;86;0;0
1339;353;68;0;0
1340;256;0;0;0
1341;191;0;0;0
1342;90;0;0;0
1343;287;4;0;0
1344;517;14;2;0
1345;588;41;6;23
1346;930;14;0;62
1347;750;48;0;19
1348;533;109;2;4
1349;476;106;3;0
1350;252;96;5;29
1351;142;60;0;0
1352;91;4;0;0
1353;50;0;0;0
1354;167;51;0;0
1355;242;55;0;0
1356;317;57;0;9
1357;419;62;0;45
1358;519;63;0;16
1359;303;72;0;0
1360;274;31;0;0
1361;158;5;0;0
1362;104;9;0;0
1363;571;44;0;36
1364;52;9;0;0
1365;128;22;0;0
1366;256;33;1;0
1367;466;33;3;1
1368;120;1;0;0
1369;264;31;0;0
1370;496;25;5;8
1371;686;44;5;14
1372;884;46;2;9
1373;807;49;3;4
1374;115;25;0;0
1375;291;49;0;0
1376;570;48;2;29
1377;721;44;6;33
1378;800;73;10;34
1379;98;0;0;0
1380;325;9;0;0
1381;389;24;0;0
1382;593;51;4;0
1383;950;43;12;0
1384;867;30;4;9
1385;83;0;0;0
1386;156;44;0;0
1387;366;45;1;0
1388;556;67;8;5
1389;831;67;10;11
1390;77;0;0;0
1391;190;2;0;0
1392;302;13;0;0
1393;480;44;7;8
1394;713;51;2;39
1395;131;7;0;5
1396;271;21;36;77
1397;480;42;34;77
1398;589;45;25;90
1399;728;79;0;97
1400;677;61;22;33
1401;493;52;24;8
1402;336;62;0;0
1403;202;23;0;0
1404;75;0;0;0
1405;113;1;0;0
1406;236;1;9;0
1407;402;16;9;0
1408;487;19;9;8
1409;635;27;1;57
1410;569;55;0;4
1411;376;73;0;0
1412;301;67;0;15
1413;177;50;1;0
1414;117;0;3;0
1415;89;3;0;0
1416;179;28;0;0
1417;237;17;7;0
1418;349;47;0;26
1419;511;54;1;62
1420;2220;107;6;124
1421;2043;160;12;6
1422;662;0;0;0
1423;323;21;0;0
1424;264;0;0;0
1425;214;0;0;0
1426;302;18;0;0
1427;199;24;0;0
1428;152;16;0;0
1429;103;12;0;0
1430;501;22;0;2
1431;380;22;0;0
1432;277;20;0;0
1433;196;23;0;0
1434;317;19;1;4
1435;219;15;0;0
1436;134;11;0;0
1437;106;3;0;0
1438;370;8;0;3
1439;300;10;0;0
1440;191;12;0;0
1441;104;11;0;0
1442;478;19;0;0
1443;279;46;0;0
1444;187;40;0;0
1445;121;34;0;0
1446;600;19;0;0
1447;440;19;0;0
1448;243;31;0;0
1449;193;16;0;0
1450;500;11;0;0
1451;419;17;0;0
1452;290;34;0;0
1453;187;4;0;0
1454;596;3;0;0
1455;399;8;0;0
1456;233;15;0;0
1457;137;10;0;0
1458;265;30;0;4
1459;177;34;0;0
1460;140;25;0;0
1461;89;10;0;0
1462;315;41;2;1
1463;236;35;0;2
1464;163;30;0;2
1465;117;13;0;2
1466;624;19;0;1
1467;419;27;0;1
1468;225;25;1;1
1469;127;22;0;1
1470;723;0;0;0
1471;407;0;0;0
1472;234;11;0;2
1473;137;3;0;2
1474;735;23;0;0
1475;522;22;0;0
1476;322;27;0;0
1477;181;40;0;0
1478;590;15;0;0
1479;343;25;0;0
1480;201;39;0;0
1481;127;16;0;0
1482;906;3;0;3
1483;381;22;0;0
1484;272;18;0;0
1485;192;17;0;0
1486;861;0;0;0
1487;661;1;0;0
1488;381;0;0;0
1489;202;0;0;0
1490;367;11;0;0
1491;318;15;0;0
1492;197;7;0;0
1493;116;6;0;0
1494;403;85;0;2
1495;277;93;0;2
1496;259;15;0;2
1497;134;2;0;2
1498;311;11;0;1
1499;197;23;0;1
1500;154;0;0;2
1501;77;0;0;2
1502;624;2;0;0
1503;382;10;0;0
1504;294;12;0;0
1505;161;14;0;0
1506;48;8;0;0
1507;367;43;0;0
1508;316;43;0;8
1509;210;27;0;0
1510;171;10;0;0
1511;69;7;0;0
1512;341;24;0;0
1513;248;17;0;0
1514;139;13;0;0
1515;82;14;0;0
1516;36;2;0;0
1517;384;22;0;0
1518;284;27;0;0
1519;144;27;0;0
1520;96;1;0;0
1521;44;0;0;0
1522;342;31;0;0
1523;237;31;0;0
1524;161;24;0;0
1525;107;1;0;0
1526;38;4;0;0
1527;407;10;0;0
1528;266;16;0;0
1529;185;16;0;0
1530;115;4;0;0
1531;63;1;0;0
1532;415;13;1;0
1533;285;13;1;0
1534;175;10;1;0
1535;113;2;0;0
1536;44;0;0;0
1537;538;25;0;0
1538;418;25;0;0
1539;215;45;0;0
1540;115;42;0;0
1541;46;8;0;0
1542;433;1;2;0
1543;340;4;2;0
1544;169;12;1;0
1545;133;3;1;0
1546;69;0;0;0
1547;475;5;0;0
1548;295;10;1;0
1549;252;9;1;0
1550;160;4;0;0
1551;52;1;0;0
1552;449;13;0;0
1553;342;10;0;6
1554;242;18;0;0
1555;139;0;0;0
1556;49;0;0;0
1557;614;0;0;0
1558;367;4;0;0
1559;295;8;0;0
1560;209;10;0;0
1561;97;0;0;0
1562;534;14;0;2
1563;341;29;2;2
1564;247;32;0;0
1565;195;18;0;0
1566;87;8;0;0
1567;680;1;0;0
1568;376;1;0;0
1569;259;13;0;0
1570;162;15;0;0
1571;64;1;0;0
1572;294;31;0;0
1573;217;29;0;0
1574;146;19;0;0
1575;87;10;0;0
1576;36;1;0;0
1577;513;38;7;6
1578;325;43;7;0
1579;252;30;0;0
1580;148;4;0;0
1581;58;0;0;0
1582;523;23;0;0
1583;293;32;0;0
1584;204;51;0;0
1585;114;23;0;0
1586;38;2;0;0
1587;433;21;0;0
1588;311;25;0;0
1589;193;7;0;0
1590;105;5;0;0
1591;57;4;0;0
1592;404;18;0;0
1593;323;19;0;0
1594;209;22;0;0
1595;153;7;0;0
1596;69;0;0;0
1597;535;24;0;0
1598;451;24;7;0
1599;345;16;2;0
1600;212;27;0;0
1601;45;3;0;0
1602;556;23;0;0
1603;322;40;0;0
1604;198;44;0;0
1605;109;9;0;0
1606;48;4;0;0
1607;482;25;0;2
1608;389;19;0;0
1609;264;19;15;0
1610;154;6;0;0
1611;58;0;0;0
1612;419;15;0;0
1613;322;18;0;0
1614;216;9;0;0
1615;167;3;0;0
1616;69;0;0;0
1617;852;18;0;0
1618;451;21;2;0
1619;229;33;0;0
1620;128;16;0;0
1621;41;0;0;0
1622;725;4;6;0
1623;399;12;2;0
1624;195;39;0;0
1625;114;14;0;0
1626;53;0;0;0
1627;438;12;0;0
1628;288;12;0;0
1629;175;2;0;0
1630;119;1;0;0
1631;54;1;0;0
1632;419;11;0;0
1633;270;18;0;0
1634;217;22;0;0
1635;127;23;0;0
1636;54;0;0;0
1637;556;42;0;0
1638;309;67;0;0
1639;211;30;0;0
1640;105;18;0;0
1641;51;0;0;0
1642;391;11;0;8
1643;327;12;1;5
1644;195;7;0;0
1645;159;1;0;0
1646;51;1;0;0
1647;434;24;1;0
1648;356;28;1;2
1649;228;30;0;0
1650;143;30;0;0
1651;72;0;0;0
1652;627;15;0;0
1653;293;29;0;0
1654;175;27;0;0
1655;121;8;0;0
1656;49;7;0;0
1657;446;46;0;0
1658;327;10;0;0
1659;262;9;0;0
1660;118;6;0;0
1661;52;3;0;0
1662;421;11;0;0
1663;354;12;0;0
1664;279;8;0;0
1665;162;0;0;0
1666;66;0;0;0
1667;297;38;0;0
1668;246;30;0;0
1669;195;19;0;0
1670;105;6;0;0
1671;46;1;0;0
1672;543;2;0;0
1673;344;37;0;0
1674;264;20;0;0
1675;150;7;0;0
1676;42;16;0;0
1677;451;4;0;2
1678;211;18;0;2
1679;143;12;0;0
1680;89;14;0;0
1681;34;0;0;0
1682;554;27;0;0
1683;400;27;0;0
1684;235;35;0;0
1685;142;5;0;0
1686;59;0;0;0
1687;643;16;0;0
1688;454;18;0;0
1689;317;30;0;0
1690;192;26;0;0
1691;100;5;0;0
1692;350;37;0;0
1693;241;35;0;0
1694;148;24;0;0
1695;79;20;0;0
1696;42;0;0;0
1697;319;9;0;0
1698;238;12;0;0
1699;153;0;0;0
1700;75;0;0;0
1701;34;0;0;0
1702;318;116;0;0
1703;613;7;0;0
1704;303;116;0;0
1705;423;30;0;0
1706;560;16;10;0
1707;697;2;10;0
1708;765;2;0;0
1709;1847;136;0;4
1710;1245;13;1;0
1711;2594;74;1;0
1712;2747;59;0;3
1713;1453;50;0;0
1714;1458;4;0;0
1715;862;29;16;0
1716;440;7;0;4
1717;643;8;0;0
1718;1260;16;22;4
1719;1333;47;4;0
1720;1676;95;0;0
1721;1402;32;0;0
1722;1230;60;11;4
1723;1321;28;1;24
1724;1321;28;1;2
1725;779;79;6;0
1726;964;37;6;0
1727;1089;10;0;0
1728;1056;21;0;56
1729;946;67;4;0
1730;1982;162;2;0
1731;2129;158;2;0
1732;2287;65;2;8
1733;2505;41;2;0
1734;1861;77;2;0
1735;823;0;0;0
1736;514;5;1;0
1737;577;6;2;0
1738;637;3;2;0
1739;1056;20;0;2
1740;585;18;18;9
1741;1007;8;0;39
1742;1534;60;8;5
1743;596;2;2;32
1744;1864;1;3;0
1745;1390;1;0;0
1746;1420;86;0;0
1747;1190;20;1;0
1748;1253;43;2;0
1749;5876;64;11;77
1750;936;113;22;60
1751;1698;6;0;104
1752;1192;6;0;104
1753;637;29;2;0
1754;1142;14;1;0
1755;859;95;0;0
1756;1483;64;1;10
1757;520;85;11;27
1758;409;60;5;4
1759;75;0;0;0
1760;352;54;0;0
1761;154;35;0;0
1762;666;53;23;41
1763;82;2;0;0
1764;246;50;0;0
1765;471;38;30;13
1766;409;30;0;0
1767;648;84;20;40
1768;569;66;11;20
1769;370;35;8;10
1770;68;0;0;0
1771;218;14;0;0
1772;579;13;0;1
1773;433;2;0;0
1774;79;0;0;0
1775;384;11;0;0
1776;243;14;0;0
1777;1920;16;0;0
1778;889;9;0;8
1779;719;16;1;0
1780;167;2;0;0
1781;496;13;2;3
1782;249;4;0;0
1783;601;41;9;5
1784;499;49;0;0
1785;67;0;0;0
1786;361;48;0;0
1787;191;35;0;0
1788;719;47;12;25
1789;412;34;1;13
1790;324;21;2;8
1791;120;12;0;0
1792;240;20;0;0
1793;525;102;1;26
1794;508;81;3;6
1795;317;87;2;3
1796;120;4;0;0
1797;255;4;0;0
1798;611;38;0;41
1799;568;38;0;0
1800;141;14;0;0
1801;239;23;0;0
1802;358;64;0;0
1803;751;126;9;18
1804;632;92;3;12
1805;494;93;0;0
1806;241;61;0;0
1807;117;5;0;0
1808;412;47;2;19
1809;351;56;2;0
1810;322;17;0;0
1811;234;11;0;0
1812;116;8;0;0
1813;648;84;0;29
1814;129;1;0;0
1815;637;22;0;26
1816;410;31;0;18
1817;298;3;0;0
1818;880;122;4;30
1819;692;72;2;0
1820;403;45;12;0
1821;284;47;0;0
1822;91;0;0;0
1823;531;79;0;4
1824;438;33;0;0
1825;85;10;0;0
1826;349;41;0;0
1827;184;17;0;0
1828;632;64;0;3
1829;583;46;0;0
1830;315;43;0;0
1831;237;13;0;0
1832;59;1;0;0
1833;137;0;0;0
1834;235;4;0;0
1835;324;0;1;0
1836;382;20;1;10
1837;419;163;0;4
1838;574;48;8;10
1839;428;51;6;0
1840;328;51;0;14
1841;205;15;0;0
1842;77;0;0;0
1843;774;96;6;17
1844;527;77;6;22
1845;436;74;1;0
1846;273;47;0;0
1847;131;17;0;0
1848;398;37;0;0
1849;560;54;0;29
1850;307;18;0;0
1851;223;6;0;0
1852;103;0;0;0
1853;583;94;14;11
1854;486;51;15;0
1855;353;42;8;0
1856;203;21;0;0
1857;70;0;0;0
1858;807;28;0;13
1859;683;27;14;13
1860;611;17;14;0
1861;300;13;0;0
1862;163;21;0;0
1863;941;39;0;8
1864;88;0;0;0
1865;556;1;0;0
1866;421;1;0;0
1867;260;0;0;0
1868;755;142;13;17
1869;598;115;13;2
1870;452;47;3;0
1871;266;30;0;0
1872;125;1;0;0
1873;800;48;1;0
1874;469;33;8;0
1875;371;26;0;0
1876;247;5;0;0
1877;73;0;0;0
1878;863;34;1;4
1879;693;24;0;0
1880;431;19;0;0
1881;295;13;0;0
1882;126;4;0;0
1883;916;44;7;18
1884;707;49;1;6
1885;433;61;0;0
1886;329;38;0;0
1887;80;0;0;0
1888;642;69;9;33
1889;484;99;10;8
1890;350;92;7;30
1891;220;58;0;0
1892;85;0;0;0
1893;706;94;20;15
1894;678;30;0;34
1895;585;45;1;45
1896;475;22;0;53
1897;670;50;7;35
1898;319;83;6;15
1899;1091;37;3;50
1900;499;101;0;10
1901;728;73;3;26
1902;827;57;0;11
1903;826;92;3;12
1904;1701;236;0;43
1905;609;42;0;17
1906;658;42;2;25
1907;847;15;1;0
1908;966;35;7;44
1909;548;65;8;28
1910;896;38;0;83
1911;460;90;0;2
1912;827;15;0;0
1913;719;67;12;42
1914;596;94;0;13
1915;637;20;0;22
1916;750;61;17;32
1917;941;11;0;70
1918;875;26;0;12
1919;467;19;1;22
1920;724;60;1;8
1921;703;38;0;1
1922;974;19;3;4
1923;1010;42;0;55
1924;640;2;0;24
1925;594;48;9;51
1926;656;15;7;38
1927;899;21;1;3
1928;448;30;0;14
1929;943;72;0;31
1930;628;46;1;4
1931;1009;24;0;0
1932;482;66;0;0
1933;662;45;0;11
1934;783;22;0;12
1935;483;145;2;0
1936;641;143;6;22
1937;738;68;16;35
1938;558;16;0;0
1939;722;82;0;40
1940;814;50;0;14
1941;1003;24;0;0
1942;745;34;21;24
1943;646;64;2;15
1944;429;46;3;29
1945;766;81;13;10
1946;701;57;15;70
1947;351;32;8;76
1948;3250;171;35;41
1949;455;119;6;25
1950;543;177;6;22
1951;674;196;4;30
1952;620;33;0;43
1953;741;23;7;16
1954;907;23;6;87
1955;900;23;6;105
1956;885;18;2;10
1957;688;17;0;38
1958;444;1;4;17
1959;835;65;3;23
1960;553;46;3;31
1961;368;29;4;0
1962;864;35;5;12
1963;563;12;6;10
1964;355;15;0;0
1965;520;124;5;17
1966;442;88;6;13
1967;267;71;0;20
1968;769;32;3;0
1969;664;32;0;57
1970;457;35;0;7
1971;274;50;0;16
1972;531;38;0;26
1973;420;25;0;12
1974;343;33;0;32
1975;659;35;6;25
1976;817;52;13;13
1977;1199;27;5;17
1978;411;174;0;24
1979;361;125;0;44
1980;282;102;2;0
1981;569;55;1;17
1982;763;49;0;37
1983;1042;57;3;30
1984;335;67;5;0
1985;248;71;0;0
1986;183;79;0;0
1987;597;0;0;25
1988;419;40;3;4
1989;590;70;4;6
1990;882;59;0;14
1991;819;52;7;32
1992;583;88;5;14
1993;411;58;4;23
1994;287;16;0;5
1995;462;46;0;10
1996;194;0;0;0
1997;251;0;0;0
1998;350;0;0;0
1999;415;42;0;9
2000;346;65;0;0
2001;459;62;0;1
2002;542;69;0;6
2003;770;2;0;0
2004;247;37;0;0
2005;261;51;0;4
2006;359;71;0;35
2007;550;18;0;17
2008;701;13;6;33
2009;815;24;7;45
2010;525;62;1;30
2011;606;57;0;60
2012;822;66;0;35
2013;799;74;0;14
2014;804;74;0;14
2015;370;42;0;24
2016;990;141;3;58
2017;888;42;3;66
2018;617;28;6;50
2019;883;49;0;13
2020;794;29;0;10
2021;344;36;0;3
2022;852;129;6;13
2023;672;38;0;32
2024;635;27;0;32
2025;364;41;0;6
2026;466;100;1;1
2027;387;96;2;0
2028;224;57;0;0
2029;497;41;2;38
2030;633;54;2;38
2031;816;41;3;28
2032;361;2;0;0
2033;367;68;0;9
2034;668;30;0;36
2035;420;69;4;36
2036;463;86;5;40
2037;607;63;40;61
2038;446;32;1;49
2039;636;33;0;64
2040;650;74;0;58
2041;544;111;22;45
2042;401;52;17;41
2043;267;50;16;19
2044;537;57;9;15
2045;830;46;0;50
2046;364;35;3;35
2047;135;20;4;0
2048;362;45;8;30
2049;464;49;0;108
2050;635;57;15;64
2051;739;29;40;124
2052;904;37;38;116
2053;53;28;0;0
2054;273;6;0;4
2055;389;46;0;6
2056;568;49;0;40
2057;887;60;1;201
2058;164;13;0;0
2059;420;16;0;0
2060;608;16;0;51
2061;722;15;2;26
2062;911;7;12;29
2063;137;2;0;0
2064;203;0;0;0
2065;363;4;0;4
2066;539;4;0;4
2067;766;57;0;36
2068;134;19;0;0
2069;307;41;0;0
2070;467;45;0;0
2071;545;74;0;0
2072;795;52;20;0
2073;170;12;0;0
2074;347;28;0;1
2075;533;38;0;55
2076;705;36;0;41
2077;868;116;54;32
2078;99;9;0;0
2079;190;19;0;0
2080;253;103;0;0
2081;369;147;0;26
2082;507;115;10;136
2083;275;49;0;0
2084;488;66;0;11
2085;664;83;0;59
2086;829;68;2;76
2087;991;83;0;133
2088;119;21;0;0
2089;236;61;0;0
2090;388;66;0;0
2091;570;62;3;0
2092;787;83;3;12
2093;119;5;0;0
2094;242;9;0;0
2095;409;13;0;0
2096;589;19;0;0
2097;836;25;0;0
2098;72;26;0;0
2099;207;45;0;0
2100;365;39;8;32
2101;638;40;18;28
2102;734;19;12;322
2103;135;15;0;0
2104;179;66;0;0
2105;367;76;0;6
2106;501;135;0;9
2107;720;234;13;104
2108;120;15;0;0
2109;205;33;0;0
2110;307;37;0;0
2111;457;36;0;22
2112;639;26;11;60
2113;138;7;0;5
2114;303;23;0;5
2115;442;37;0;5
2116;602;42;0;5
2117;844;35;11;5
2118;157;7;0;0
2119;266;42;10;0
2120;477;73;4;395
2121;678;73;2;428
2122;709;126;10;427
2123;135;46;0;0
2124;372;39;3;14
2125;489;68;16;85
2126;857;54;25;84
2127;971;166;28;120
2128;140;20;0;0
2129;324;31;0;0
2130;473;55;0;0
2131;711;33;2;0
2132;1000;38;12;0
2133;105;19;0;0
2134;236;48;0;11
2135;496;21;0;17
2136;766;16;0;31
2137;739;183;17;96
2138;155;29;0;0
2139;331;38;0;0
2140;720;27;8;88
2141;822;68;0;133
2142;862;350;2;106
2143;115;10;0;0
2144;190;28;0;0
2145;345;34;0;0
2146;560;42;0;8
2147;718;176;6;53
2148;137;29;0;0
2149;309;33;0;22
2150;578;34;4;66
2151;854;60;4;272
2152;955;68;44;258
2153;121;1;0;0
2154;226;1;0;0
2155;422;1;0;5
2156;632;35;0;23
2157;661;42;0;54
2158;201;11;0;0
2159;600;63;1;4
2160;811;90;2;15
2161;1198;59;0;0
2162;1423;96;0;0
2163;2115;70;0;2
2164;75;29;0;0
2165;251;33;0;0
2166;401;63;0;0
2167;660;69;11;21
2168;915;112;11;77
2169;167;4;0;0
2170;380;46;0;0
2171;469;226;0;0
2172;674;171;0;65
2173;884;213;1;0
2174;142;22;0;0
2175;272;44;0;0
2176;437;47;10;31
2177;737;90;30;88
2178;969;130;52;142
2179;179;16;0;0
2180;320;21;0;0
2181;569;20;0;36
2182;847;51;0;0
2183;1071;73;0;133
2184;160;27;0;0
2185;423;66;0;0
2186;661;86;0;9
2187;958;94;31;47
2188;1325;58;36;71
2189;221;33;0;0
2190;534;38;1;7
2191;694;36;2;81
2192;1035;93;3;91
2193;971;674;46;76
2194;103;17;0;0
2195;299;36;0;0
2196;495;32;0;2
2197;728;31;0;45
2198;961;81;0;97
2199;196;32;0;0
2200;331;67;0;5
2201;502;104;0;43
2202;912;70;3;113
2203;1203;60;20;151
2204;110;9;0;0
2205;230;28;0;1
2206;326;49;0;38
2207;433;89;9;33
2208;626;67;5;63
2209;51;4;0;0
2210;87;5;0;0
2211;165;10;0;0
2212;273;19;0;0
2213;438;19;0;10
2214;168;35;0;52
2215;433;142;1;52
2216;388;291;39;214
2217;751;194;22;210
2218;1293;170;9;80
2219;119;7;0;0
2220;237;7;0;0
2221;372;18;0;0
2222;510;34;1;4
2223;575;140;1;26
2224;611;140;1;50
2225;181;21;0;0
2226;353;38;0;0
2227;620;64;1;65
2228;798;83;0;77
2229;888;192;0;117
2230;194;23;0;0
2231;395;31;3;16
2232;615;15;3;72
2233;823;136;9;66
2234;835;359;10;156
2235;125;13;0;0
2236;253;17;0;0
2237;417;50;0;17
2238;564;82;0;15
2239;970;34;5;67
2240;232;32;0;0
2241;488;80;0;0
2242;787;69;0;200
2243;1025;103;0;267
2244;1212;205;0;303
2245;65;10;0;0
2246;287;26;0;6
2247;422;61;6;29
2248;667;116;31;90
2249;874;76;56;167
2250;235;95;0;0
2251;436;138;1;0
2252;692;191;8;39
2253;995;202;9;63
2254;1389;159;35;61
2255;67;0;0;0
2256;169;7;0;0
2257;256;0;0;0
2258;423;26;0;0
2259;649;12;11;4
2260;186;58;0;0
2261;438;71;18;18
2262;682;170;18;51
2263;930;119;28;106
2264;1086;140;41;157
2265;174;62;0;0
2266;331;126;0;0
2267;505;148;0;34
2268;666;124;23;60
2269;787;142;23;67
2270;140;17;0;0
2271;310;39;1;2
2272;686;58;3;34
2273;1000;68;11;47
2274;1341;70;4;57
2275;189;23;0;0
2276;366;28;0;0
2277;461;151;0;0
2278;616;117;2;63
2279;744;146;4;29
2280;215;10;0;0
2281;358;56;0;0
2282;538;96;0;0
2283;664;127;0;71
2284;1055;98;2;79
2285;118;18;0;0
2286;243;32;0;0
2287;440;40;0;0
2288;682;122;0;48
2289;990;85;54;173
2290;143;13;0;0
2291;363;30;0;5
2292;419;139;0;44
2293;649;142;0;58
2294;677;136;0;85
2295;92;2;0;0
2296;181;2;0;0
2297;262;84;0;0
2298;395;73;0;75
2299;467;71;0;107
2300;137;0;0;0
2301;295;0;0;0
2302;557;16;1;12
2303;755;15;4;3
2304;1130;26;1;23
2305;60;38;0;0
2306;193;42;36;7
2307;341;77;64;15
2308;828;74;36;20
2309;1024;74;36;20
2310;80;0;0;0
2311;284;6;0;0
2312;512;26;0;22
2313;538;25;48;22
2314;744;51;63;88
2315;86;27;0;0
2316;253;47;0;0
2317;415;44;0;0
2318;615;39;0;0
2319;756;19;18;16
2320;140;55;0;0
2321;352;72;0;0
2322;455;143;1;13
2323;659;211;5;0
2324;791;223;5;0
2325;180;25;0;0
2326;370;38;5;2
2327;636;58;9;78
2328;983;73;7;106
2329;1452;135;4;200
2330;116;8;0;2
2331;346;12;0;2
2332;625;28;3;66
2333;980;11;0;74
2334;1390;5;0;68
2335;139;21;0;0
2336;180;109;0;24
2337;272;166;18;7
2338;523;182;14;45
2339;455;313;26;54
2340;204;4;0;0
2341;374;22;0;0
2342;494;40;0;4
2343;645;42;0;20
2344;802;72;1;48
2345;172;5;0;0
2346;315;46;0;24
2347;667;31;2;6
2348;851;31;2;66
2349;1457;0;2;36
2350;121;1;0;0
2351;213;22;0;0
2352;357;15;0;0
2353;569;55;6;0
2354;875;30;1;39
2355;96;23;0;0
2356;193;53;0;20
2357;242;118;0;64
2358;348;115;0;66
2359;371;164;0;55
2360;187;5;0;0
2361;301;7;0;0
2362;501;4;2;12
2363;633;5;2;58
2364;853;2;0;0
2365;153;0;0;0
2366;281;8;0;0
2367;506;60;0;13
2368;622;80;3;29
2369;571;100;17;361
2370;163;48;0;0
2371;328;86;0;7
2372;444;154;2;318
2373;620;147;11;318
2374;790;149;11;318
2375;158;55;0;0
2376;313;135;1;26
2377;569;128;2;28
2378;778;109;1;97
2379;1092;68;0;28
2380;216;3;0;0
2381;387;25;0;8
2382;631;22;0;17
2383;942;19;0;17
2384;987;66;3;65
2385;203;26;0;0
2386;354;51;0;0
2387;602;139;2;105
2388;880;178;3;149
2389;1009;162;16;200
2390;143;53;0;119
2391;277;48;0;39
2392;331;34;4;22
2393;457;34;3;20
2394;566;41;7;54
2395;313;0;0;0
2396;846;0;0;0
2397;1705;3;0;0
2398;2226;27;0;0
2399;2310;61;0;0
2400;148;19;0;0
2401;331;50;0;21
2402;485;125;0;53
2403;731;87;0;21
2404;936;73;0;19
2405;106;19;0;29
2406;187;31;0;168
2407;254;32;0;180
2408;371;53;2;190
2409;530;39;1;184
2410;126;31;0;0
2411;240;35;0;0
2412;414;59;9;43
2413;564;54;3;43
2414;679;57;3;27
2415;144;35;0;0
2416;304;61;1;0
2417;426;90;15;94
2418;766;112;24;39
2419;947;106;18;75
2420;105;26;0;0
2421;280;51;0;0
2422;466;121;0;0
2423;695;195;0;6
2424;855;245;0;7
2425;68;0;0;0
2426;176;0;0;0
2427;305;0;0;20
2428;446;0;0;0
2429;479;0;0;0
2430;144;0;0;0
2431;263;6;0;0
2432;511;22;0;0
2433;477;64;0;0
2434;947;24;0;0
2435;156;32;0;0
2436;338;93;0;18
2437;670;115;0;13
2438;922;151;0;30
2439;1183;92;0;38
2440;73;2;0;0
2441;309;17;0;0
2442;445;29;0;0
2443;536;15;2;0
2444;735;4;0;2
2445;178;41;0;0
2446;435;19;0;0
2447;803;11;0;36
2448;1170;9;1;16
2449;1259;77;9;58
2450;100;0;0;0
2451;227;0;0;0
2452;528;24;0;23
2453;690;36;0;44
2454;803;61;0;68
2455;138;15;0;0
2456;262;14;0;0
2457;406;38;0;54
2458;553;57;0;76
2459;544;132;0;75
2460;113;42;0;0
2461;221;64;0;0
2462;351;113;0;69
2463;580;124;0;65
2464;710;81;20;36
2465;123;16;0;4
2466;302;22;0;4
2467;572;10;6;7
2468;774;6;6;14
2469;940;10;6;16
2470;235;58;0;18
2471;502;36;0;2
2472;666;42;0;2
2473;905;28;1;10
2474;956;51;1;22
2475;155;29;0;0
2476;290;57;0;0
2477;400;122;0;17
2478;596;116;0;45
2479;568;235;0;6
2480;362;44;0;0
2481;768;117;0;55
2482;1232;135;4;65
2483;1685;124;8;124
2484;2199;121;9;122
2485;117;38;0;0
2486;272;68;0;0
2487;441;103;4;37
2488;604;139;2;24
2489;866;89;11;50
2490;399;28;0;0
2491;653;64;0;8
2492;1146;53;0;68
2493;1432;83;0;17
2494;1957;40;0;12
2495;131;2;0;0
2496;294;39;0;0
2497;525;31;0;0
2498;629;33;0;47
2499;1005;17;28;22
2500;179;35;0;2
2501;376;61;0;0
2502;598;135;0;58
2503;781;139;1;62
2504;1100;82;0;67
2505;118;29;0;0
2506;388;48;0;0
2507;698;40;0;0
2508;776;122;0;146
2509;1641;60;0;0
2510;149;22;0;0
2511;395;35;1;0
2512;592;81;0;43
2513;805;95;0;39
2514;905;96;0;55
2515;117;39;0;0
2516;291;83;0;16
2517;477;171;1;153
2518;611;169;19;156
2519;892;160;3;166
2520;150;64;0;17
2521;251;114;0;12
2522;281;129;93;6
2523;537;142;0;6
2524;686;97;0;87
2525;148;18;0;0
2526;341;48;0;0
2527;535;57;1;60
2528;804;53;3;142
2529;949;56;4;96
2530;102;36;0;0
2531;258;60;0;0
2532;464;84;13;34
2533;669;125;14;74
2534;784;132;14;69
2535;142;26;0;6
2536;332;46;0;0
2537;493;55;15;49
2538;818;86;2;76
2539;967;75;8;80
2540;42;6;0;0
2541;188;6;0;0
2542;255;16;0;0
2543;353;7;2;0
2544;462;4;0;28
2545;105;17;0;0
2546;186;38;0;0
2547;376;40;0;0
2548;494;42;0;0
2549;563;41;0;0
2550;134;0;0;0
2551;231;7;0;0
2552;300;7;0;14
2553;399;23;0;29
2554;430;23;0;14
2555;92;8;0;0
2556;181;16;0;0
2557;327;29;0;44
2558;472;17;17;38
2559;503;108;11;38
2560;123;13;0;0
2561;335;10;0;10
2562;537;15;0;2
2563;699;46;0;2
2564;747;40;0;103
2565;141;21;0;21
2566;249;83;0;11
2567;374;51;6;4
2568;517;41;0;8
2569;701;29;0;12
2570;203;5;0;0
2571;429;10;0;0
2572;693;25;0;65
2573;968;19;0;114
2574;1079;45;0;137
2575;249;89;0;32
2576;480;161;5;55
2577;832;173;10;83
2578;1349;179;12;101
2579;1713;179;9;91
2580;343;54;0;0
2581;699;90;10;10
2582;1056;99;12;55
2583;1396;102;4;59
2584;1702;67;0;80
2585;128;6;0;0
2586;205;26;0;0
2587;381;28;0;0
2588;459;31;0;28
2589;519;39;2;59
2590;78;2;0;0
2591;192;2;0;0
2592;304;0;0;0
2593;459;22;12;0
2594;489;22;24;37
2595;272;43;0;0
2596;527;99;4;16
2597;634;272;0;23
2598;715;305;0;49
2599;889;318;20;58
2600;58;10;0;0
2601;122;8;0;30
2602;190;33;0;32
2603;301;14;2;65
2604;413;43;0;73
2605;75;3;0;0
2606;148;5;0;0
2607;263;5;0;17
2608;362;5;0;13
2609;449;5;0;13
2610;225;0;0;0
2611;454;0;0;0
2612;799;8;1;15
2613;1055;23;0;37
2614;1491;22;0;49
2615;116;23;0;0
2616;219;30;0;0
2617;323;42;0;55
2618;390;60;0;97
2619;473;104;0;109
2620;186;14;0;0
2621;288;66;18;0
2622;508;118;14;40
2623;723;130;12;49
2624;1027;156;19;32
2625;199;0;0;0
2626;391;0;0;0
2627;627;4;0;57
2628;877;10;0;64
2629;1103;0;0;43
2630;154;13;0;0
2631;322;26;0;0
2632;510;114;0;7
2633;714;88;9;7
2634;893;108;0;19
2635;121;44;0;0
2636;262;60;8;0
2637;408;76;5;27
2638;625;103;14;38
2639;1040;85;0;30
2640;226;0;0;0
2641;558;9;0;0
2642;936;15;8;1
2643;1458;3;19;19
2644;1921;22;2;16
2645;2135;1;1;0
2646;64;8;0;0
2647;131;26;0;0
2648;266;24;2;68
2649;345;24;0;68
2650;418;24;0;68
2651;167;2;0;0
2652;306;38;0;0
2653;550;26;0;8
2654;680;98;0;20
2655;826;106;8;135
2656;172;16;0;0
2657;376;26;0;0
2658;653;35;0;95
2659;992;40;0;100
2660;1233;58;0;213
2661;127;9;0;0
2662;234;12;0;55
2663;324;154;0;7
2664;441;136;0;33
2665;478;246;0;38
2666;485;19;0;0
2667;916;27;0;23
2668;1458;33;0;28
2669;1566;150;1;134
2670;1846;119;30;192
2671;506;46;0;0
2672;1066;124;0;0
2673;1676;110;0;0
2674;2056;110;0;0
2675;2317;110;0;0
2676;235;40;0;0
2677;508;83;6;39
2678;892;93;4;82
2679;1117;86;5;117
2680;1300;83;5;155
2681;212;2;0;0
2682;376;32;0;0
2683;698;32;0;50
2684;960;32;0;53
2685;1023;32;0;60
2686;128;26;0;0
2687;291;57;0;8
2688;440;82;2;37
2689;644;64;0;56
2690;853;71;0;68
2691;113;13;0;0
2692;236;17;0;0
2693;428;26;0;0
2694;606;73;0;9
2695;613;84;0;83
2696;110;16;0;0
2697;258;23;0;0
2698;436;31;0;8
2699;514;29;0;27
2700;673;28;0;28
2701;510;76;0;40
2702;981;162;0;92
2703;1296;317;6;179
2704;1604;429;1;235
2705;2058;368;4;260
2706;785;29;1;35
2707;493;21;2;22
2708;768;52;3;52
2709;720;46;3;0
2710;909;96;2;58
2711;934;53;3;46
2712;527;191;20;122
2713;1060;19;11;36
2714;836;47;43;35
2715;1374;81;18;18
2716;526;130;51;133
2717;1495;182;3;25
2718;738;146;0;69
2719;493;34;1;146
2720;691;195;62;89
2721;1957;272;6;84
2722;1319;7;3;24
2723;468;95;74;136
2724;655;142;17;61
2725;139;4;1;0
2726;254;5;1;1
2727;302;8;1;0
2728;571;12;0;34
2729;1284;50;21;59
2730;1381;72;3;54
2731;733;64;12;30
2732;993;62;12;40
2733;1602;53;4;46
2734;864;25;15;54
2735;758;5;17;145
2736;744;45;32;61
2737;636;15;13;26
2738;211;260;7;64
2739;1132;181;47;92
2740;1620;193;1;84
2741;568;25;10;48
2742;661;30;2;14
2743;187;10;0;0
2744;277;7;1;1
2745;324;13;2;0
2746;418;10;1;0
2747;777;139;5;55
2748;1002;40;3;16
2749;670;43;10;76
2750;633;66;10;117
2751;610;66;10;117
2752;1968;75;3;131
2753;624;140;24;102
2754;670;43;19;95
2755;932;36;0;80
2756;924;49;42;222
2757;492;102;23;34
2758;717;170;22;78
2759;560;151;17;23
2760;2808;336;4;282
2761;773;19;0;49
2762;591;41;4;37
2763;83;16;1;3
2764;678;112;140;6
2765;568;78;16;93
2766;692;40;4;14
2767;988;54;0;0
2768;742;1;1;27
2769;965;42;32;125
2770;689;7;4;11
2771;1866;198;9;107
2772;1866;198;9;107
2773;1312;50;9;33
2774;791;29;28;93
2775;651;5;44;4
2776;819;107;23;50
2777;3368;102;13;102
2778;672;152;14;140
2779;942;96;22;44
2780;901;111;31;84
2781;1128;37;119;40
2782;1045;28;20;24
2783;1057;35;12;25
2784;1548;39;65;29
2785;938;27;12;125
2786;682;116;9;91
2787;883;94;32;39
2788;707;16;7;29
2789;809;16;11;73
2790;927;19;0;74
2791;1295;78;7;0
2792;704;86;77;266
2793;118;9;1;0
2794;185;8;2;1
2795;275;4;1;0
2796;548;62;13;9
2797;1473;65;2;62
2798;631;93;1;19
2799;701;57;3;11
2800;681;48;2;12
2801;533;94;2;93
2802;759;21;22;13
2803;490;12;25;75
2804;1011;98;4;62
2805;113;5;1;0
2806;257;4;2;1
2807;354;6;0;0
2808;555;93;5;12
2809;1021;180;30;179
2810;933;85;1;30
2811;708;22;0;110
2812;452;59;38;91
2813;338;124;29;108
2814;728;67;0;32
2815;723;17;3;2
2816;610;7;17;13
2817;997;183;24;45
2818;928;116;13;24
2819;635;113;118;70
2820;1014;95;6;2
2821;1236;19;1;15
2822;800;74;27;76
2823;1142;36;3;113
2824;958;16;23;44
2825;659;126;45;28
2826;1426;18;1;21
2827;593;154;10;66
2828;977;36;58;101
2829;644;41;5;71
2830;620;42;3;73
2831;742;141;7;6
2832;1058;114;20;34
2833;1670;93;12;24
2834;697;105;24;53
2835;686;69;8;61
2836;652;3;0;29
2837;827;62;31;10
2838;833;30;18;79
2839;657;31;20;79
2840;592;127;10;30
2841;345;190;11;38
2842;761;18;2;3
2843;425;18;2;7
2844;824;2;1;50
2845;1079;20;15;92
2846;828;38;9;147
2847;901;37;8;0
2848;308;48;50;127
2849;305;92;29;42
2850;723;167;38;122
2851;859;27;0;47
2852;1603;64;6;57
2853;588;102;47;87
2854;600;105;20;59
2855;402;105;215;85
2856;849;5;30;11
2857;589;339;42;199
2858;522;52;15;54
2859;794;7;18;31
2860;1853;65;69;47
2861;1544;62;11;108
2862;649;41;18;61
2863;1092;75;29;36
2864;695;230;18;87
2865;536;65;1;33
2866;979;33;3;22
2867;1059;90;25;14
2868;613;47;4;4
2869;734;40;50;53
2870;733;37;19;140
2871;654;38;19;140
2872;931;59;25;2
2873;1491;48;2;53
2874;677;128;32;21
2875;1201;298;10;141
2876;1814;88;11;103
2877;642;50;15;40
2878;313;103;33;111
2879;1719;138;1;72
2880;1168;161;2;72
2881;1117;160;2;73
2882;701;152;30;42
2883;784;41;27;0
2884;533;92;1;51
2885;983;105;6;74
2886;563;272;21;63
2887;801;130;12;87
2888;910;125;15;41
2889;578;74;70;129
2890;2774;104;1;99
2891;820;86;23;79
2892;869;78;19;96
2893;1975;105;11;6
2894;1367;144;19;83
2895;1676;120;28;96
2896;697;104;5;127
2897;147;345;141;207
2898;999;37;7;16
2899;846;38;28;276
2900;808;46;0;80
2901;1288;103;24;39
2902;791;385;27;87
2903;382;221;30;165
2904;1273;69;113;172
2905;1180;83;120;172
2906;849;9;18;7
2907;1913;187;8;14
2908;1501;7;120;25
2909;1165;214;1;59
2910;466;111;2;100
2911;1642;35;1;24
2912;1726;27;2;6
2913;1008;63;19;156
2914;1321;211;2;15
2915;1075;20;6;3
2916;1700;202;0;103
2917;2139;44;4;0
2918;1909;44;5;0
2919;1180;21;12;36
2920;1967;92;8;4
2921;1326;149;7;4
2922;1795;2;0;11
2923;879;24;8;6
2924;1981;66;12;11
2925;1670;85;3;31
2926;1660;53;2;15
2927;1375;58;3;4
2928;887;27;0;22
2929;1368;98;13;95
2930;924;50;20;21
2931;1162;37;1;0
2932;841;23;0;15
2933;1294;52;15;57
2934;1993;21;1;10
2935;793;29;10;25
2936;2059;59;17;10
2937;2395;8;0;42
2938;1266;65;5;26
2939;1009;65;5;26
2940;2223;102;16;27
2941;1578;12;6;9
2942;41022;1;0;4
2943;821;57;6;79
2944;1733;80;2;35
2945;1655;81;3;35
2946;1183;25;64;4
2947;883;51;5;8
2948;1456;43;5;13
2949;1128;20;0;10
2950;954;29;2;9
2951;1078;9;9;22
2952;1725;47;27;22
2953;1447;25;18;6
2954;1373;56;1;4
2955;762;5;0;4
2956;979;46;6;62
2957;794;47;8;62
2958;666;54;8;18
2959;1436;86;0;34
2960;1369;28;17;18
2961;1434;75;65;54
2962;1191;72;14;70
2963;708;22;50;17
2964;1795;34;2;8
2965;651;179;148;259
2966;1788;59;28;19
2967;1503;115;184;73
2968;1401;76;65;148
2969;1184;74;27;47
2970;981;50;13;92
2971;1506;19;0;75
2972;153;14;0;20
2973;320;13;6;77
2974;421;49;6;101
2975;517;93;7;130
2976;675;55;4;201
2977;114;2;0;0
2978;333;13;0;6
2979;364;38;12;112
2980;515;20;1;117
2981;651;76;8;141
2982;76;0;0;0
2983;220;0;0;0
2984;226;44;0;4
2985;390;22;0;75
2986;438;31;2;81
2987;77;11;0;0
2988;193;17;0;0
2989;247;9;0;18
2990;290;67;0;8
2991;386;16;0;64
2992;96;63;0;0
2993;332;20;0;0
2994;439;42;16;88
2995;726;16;13;110
2996;796;211;47;200
2997;69;2;0;0
2998;112;37;0;0
2999;271;22;0;0
3000;322;55;0;43
3001;432;26;1;122
3002;29;21;0;4
3003;94;24;0;0
3004;142;63;0;0
3005;314;64;0;4
3006;564;31;13;196
3007;82;12;0;0
3008;218;25;0;0
3009;315;47;0;14
3010;538;59;8;0
3011;652;124;6;200
3012;116;23;0;0
3013;233;14;0;0
3014;379;35;8;27
3015;527;25;0;10
3016;736;47;0;245
3017;117;22;0;0
3018;283;23;1;62
3019;399;7;1;18
3020;557;48;5;143
3021;721;72;4;197
3022;156;4;0;0
3023;190;43;0;0
3024;347;6;0;23
3025;521;14;0;0
3026;621;14;0;74
3027;40;28;0;0
3028;126;18;0;0
3029;170;52;0;0
3030;344;44;2;62
3031;391;36;0;145
3032;85;5;0;0
3033;142;11;0;0
3034;195;46;0;4
3035;235;72;5;20
3036;579;9;0;67
3037;71;8;0;0
3038;174;5;0;0
3039;255;47;0;6
3040;402;11;0;1
3041;564;143;46;248
3042;49;9;0;0
3043;90;14;0;0
3044;332;10;0;2
3045;559;8;0;28
3046;425;140;41;168
3047;74;31;0;0
3048;204;54;0;2
3049;213;114;0;0
3050;319;79;0;45
3051;637;16;14;57
3052;71;4;0;0
3053;92;27;0;0
3054;183;18;0;0
3055;398;78;12;237
3056;476;80;0;89
3057;136;6;0;1
3058;211;43;7;4
3059;262;60;9;4
3060;577;0;0;4
3061;270;264;30;231
3062;71;0;0;0
3063;72;19;0;0
3064;229;5;0;0
3065;358;22;2;26
3066;469;48;0;72
3067;75;14;0;0
3068;163;4;0;0
3069;266;13;0;16
3070;356;3;0;12
3071;437;26;0;272
3072;104;2;0;4
3073;218;42;0;0
3074;398;0;0;0
3075;431;11;0;21
3076;837;2;0;4
3077;110;31;0;0
3078;250;14;0;0
3079;294;8;2;45
3080;508;54;3;32
3081;666;5;0;9
3082;108;20;0;0
3083;157;26;0;3
3084;263;29;0;8
3085;339;61;0;10
3086;377;107;0;96
3087;83;3;0;0
3088;241;19;0;0
3089;366;8;2;5
3090;447;12;7;23
3091;627;0;4;36
3092;223;18;0;0
3093;284;12;0;0
3094;389;68;0;14
3095;481;74;0;133
3096;880;27;0;30
3097;79;6;0;0
3098;153;31;0;0
3099;328;5;3;9
3100;421;31;0;30
3101;682;41;0;54
3102;139;78;0;0
3103;220;85;0;0
3104;421;16;2;0
3105;649;26;0;22
3106;709;28;4;60
3107;175;2;0;0
3108;208;18;0;0
3109;435;24;1;8
3110;650;12;1;106
3111;764;9;14;28
3112;97;10;0;0
3113;125;25;0;8
3114;180;69;0;47
3115;431;20;0;0
3116;582;38;0;2
3117;109;14;0;0
3118;255;34;0;2
3119;341;64;0;4
3120;574;0;3;28
3121;827;22;1;11
3122;124;44;0;0
3123;224;7;0;0
3124;422;5;0;0
3125;616;3;4;0
3126;707;2;0;24
3127;97;6;0;0
3128;143;63;0;0
3129;358;48;10;44
3130;511;28;5;54
3131;705;64;9;97
3132;130;16;0;0
3133;272;23;2;0
3134;391;19;0;12
3135;522;6;0;20
3136;547;20;0;64
3137;54;0;0;0
3138;145;14;0;0
3139;166;53;0;0
3140;218;60;0;0
3141;516;8;0;15
3142;103;14;0;0
3143;120;21;0;0
3144;469;56;0;0
3145;639;38;0;6
3146;733;4;0;2
3147;47;9;0;0
3148;131;15;0;0
3149;200;31;0;0
3150;279;58;3;4
3151;376;57;1;55
3152;44;3;0;0
3153;101;3;0;0
3154;244;16;0;4
3155;295;10;0;49
3156;429;26;0;8
3157;50;8;0;0
3158;196;3;0;0
3159;184;58;0;18
3160;299;33;0;6
3161;345;49;0;6
3162;96;11;0;0
3163;169;9;0;0
3164;364;5;0;26
3165;480;3;0;0
3166;522;78;0;81
3167;83;37;0;0
3168;162;33;2;8
3169;422;8;1;0
3170;624;58;0;0
3171;953;27;0;44
3172;60;4;0;0
3173;205;21;0;0
3174;299;7;0;0
3175;334;8;0;2
3176;620;48;0;26
3177;62;3;0;0
3178;120;3;0;0
3179;165;2;0;8
3180;238;21;0;2
3181;236;36;0;59
3182;89;2;0;3
3183;124;12;0;0
3184;292;54;0;5
3185;392;11;0;5
3186;422;43;0;62
3187;70;5;0;16
3188;115;2;0;0
3189;212;16;0;4
3190;233;57;8;0
3191;476;15;2;53
3192;144;29;1;0
3193;234;31;0;4
3194;312;69;8;170
3195;498;35;3;246
3196;387;102;7;460
3197;68;10;0;0
3198;57;94;0;0
3199;302;68;0;0
3200;302;73;9;4
3201;637;52;8;0
3202;62;6;0;0
3203;174;17;0;0
3204;309;112;0;2
3205;397;93;4;6
3206;887;60;0;0
3207;126;1;0;0
3208;263;4;0;17
3209;369;54;0;77
3210;705;11;31;51
3211;967;177;28;233
3212;100;75;0;0
3213;242;30;48;16
3214;257;57;55;12
3215;532;59;0;8
3216;476;26;54;16
3217;116;17;0;0
3218;226;75;0;20
3219;283;50;4;2
3220;716;43;0;45
3221;776;50;2;90
3222;89;22;0;0
3223;137;14;0;0
3224;332;34;0;0
3225;405;16;0;25
3226;290;134;1;59
3227;67;13;0;12
3228;203;28;0;15
3229;305;23;5;0
3230;372;21;0;36
3231;649;60;2;18
3232;116;15;0;0
3233;161;3;0;0
3234;296;10;0;8
3235;375;36;0;23
3236;513;11;0;28
3237;119;7;0;0
3238;165;24;0;0
3239;279;7;0;10
3240;403;17;0;6
3241;480;49;0;28
3242;102;2;0;0
3243;458;65;1;25
3244;739;31;1;0
3245;848;6;0;3
3246;961;51;5;67
3247;119;29;0;1
3248;216;33;0;0
3249;366;34;0;32
3250;409;45;2;21
3251;494;32;0;97
3252;73;7;0;0
3253;176;28;0;0
3254;435;34;0;2
3255;423;103;1;76
3256;781;14;0;0
3257;161;4;0;0
3258;272;4;0;12
3259;235;57;0;12
3260;360;40;0;12
3261;456;67;0;0
3262;159;23;0;0
3263;227;48;0;0
3264;348;19;0;0
3265;359;65;8;49
3266;420;63;74;0
3267;84;21;0;0
3268;160;59;0;0
3269;283;14;0;0
3270;408;30;0;23
3271;554;33;0;19
3272;14;35;0;0
3273;51;89;0;0
3274;176;35;0;3
3275;211;88;9;24
3276;440;76;1;38
3277;119;6;0;0
3278;143;100;0;7
3279;321;35;3;20
3280;543;72;0;34
3281;722;105;0;162
3282;76;2;0;0
3283;241;28;0;0
3284;272;71;0;0
3285;343;37;0;16
3286;563;13;0;0
3287;153;0;0;0
3288;254;0;0;0
3289;317;18;0;1
3290;431;64;0;10
3291;536;34;0;13
3292;86;3;0;0
3293;164;26;0;0
3294;292;6;0;0
3295;307;7;0;2
3296;445;18;0;0
3297;85;17;0;0
3298;188;19;1;0
3299;399;50;1;8
3300;516;72;2;46
3301;594;14;0;14
3302;113;0;0;0
3303;281;16;0;0
3304;329;52;0;21
3305;614;28;0;8
3306;781;8;0;0
3307;88;22;0;0
3308;170;12;0;0
3309;368;11;0;38
3310;375;39;2;37
3311;552;59;2;33
3312;52;0;0;0
3313;161;7;0;0
3314;268;7;0;0
3315;386;8;1;0
3316;518;28;0;2
3317;71;0;0;0
3318;194;17;0;6
3319;178;74;0;12
3320;302;10;2;10
3321;426;9;0;60
3322;63;0;0;0
3323;175;3;0;0
3324;270;12;0;4
3325;281;103;0;1
3326;434;63;0;25
3327;101;13;0;0
3328;131;81;0;3
3329;328;26;0;0
3330;506;16;2;7
3331;569;79;0;29
3332;117;17;0;0
3333;207;97;0;0
3334;326;31;0;0
3335;465;30;2;9
3336;662;93;2;17
3337;137;2;0;0
3338;281;40;1;0
3339;425;28;23;0
3340;773;33;5;0
3341;1169;4;0;0
3342;74;2;0;0
3343;158;80;0;0
3344;371;52;2;4
3345;607;26;0;0
3346;1056;119;1;0
3347;69;15;0;0
3348;241;1;0;0
3349;481;39;0;9
3350;621;18;0;0
3351;1035;63;0;43
3352;105;40;0;1
3353;245;42;12;69
3354;556;62;12;45
3355;785;26;2;57
3356;1009;91;20;133
3357;52;10;0;0
3358;83;72;0;0
3359;198;64;0;0
3360;280;47;0;0
3361;522;38;0;152
3362;66;8;0;0
3363;97;24;0;0
3364;152;52;0;0
3365;288;89;0;8
3366;454;55;2;7
3367;88;6;0;0
3368;202;6;1;0
3369;232;19;0;0
3370;383;16;0;0
3371;431;20;0;73
3372;90;1;0;3
3373;245;15;0;4
3374;564;8;0;78
3375;629;10;2;85
3376;785;42;5;99
3377;102;13;0;0
3378;154;98;0;14
3379;255;67;0;0
3380;315;123;0;52
3381;452;161;4;77
3382;89;6;0;0
3383;151;3;0;1
3384;246;52;3;0
3385;235;112;1;3
3386;461;8;0;1
3387;75;1;0;0
3388;181;5;0;0
3389;266;21;0;0
3390;357;26;0;4
3391;562;0;0;32
3392;88;36;0;0
3393;162;41;0;0
3394;352;50;0;6
3395;555;27;0;0
3396;751;152;7;33
3397;129;18;0;0
3398;226;14;0;4
3399;355;28;1;4
3400;571;54;3;12
3401;827;0;3;53
3402;44;9;0;0
3403;173;0;0;0
3404;185;23;0;0
3405;233;32;0;0
3406;232;55;0;3
3407;105;1;0;0
3408;162;5;0;0
3409;221;16;0;0
3410;330;10;0;2
3411;368;26;0;1
3412;100;4;0;0
3413;171;37;0;0
3414;235;20;0;0
3415;269;18;0;0
3416;489;28;0;0
3417;89;17;0;0
3418;208;16;0;0
3419;333;26;7;2
3420;464;19;6;52
3421;686;46;6;49
3422;128;5;0;0
3423;303;62;0;0
3424;586;1;2;23
3425;652;55;8;18
3426;1150;17;0;17
3427;67;18;0;0
3428;204;20;0;0
3429;340;86;0;14
3430;591;18;4;244
3431;839;2;0;48
3432;70;0;0;0
3433;226;44;0;3
3434;274;113;17;184
3435;557;62;2;59
3436;797;39;25;115
3437;69;7;0;0
3438;183;12;0;0
3439;341;4;2;0
3440;475;4;0;27
3441;677;23;0;32
3442;82;13;0;0
3443;285;30;2;6
3444;446;30;8;117
3445;700;88;0;67
3446;721;139;12;120
3447;1244;26;17;15
3448;1150;109;5;67
3449;677;79;0;52
3450;854;60;0;58
3451;694;52;3;3
3452;844;57;1;30
3453;852;7;0;0
3454;887;12;0;57
3455;97;20;0;30
3456;832;9;0;40
3457;865;9;0;46
3458;422;56;12;0
3459;568;49;8;0
3460;620;50;0;0
3461;606;60;4;5
3462;693;73;0;70
3463;660;65;4;28
3464;681;90;0;8
3465;528;65;6;0
3466;595;67;2;37
3467;644;67;3;33
3468;659;0;0;0
3469;820;8;0;23
3470;821;8;0;55
3471;515;55;0;17
3472;597;54;0;8
3473;667;60;0;35
3474;659;10;11;27
3475;709;39;3;0
3476;731;38;2;81
3477;1177;51;0;0
3478;484;104;8;0
3479;661;94;0;0
3480;719;94;0;0
3481;1334;78;0;47
3482;1377;71;4;35
3483;1859;14;0;7
3484;1993;11;1;60
3485;151;44;0;44
3486;248;41;0;20
3487;894;6;0;6
3488;1099;12;0;14
3489;1098;12;0;16
3490;502;273;3;25
3491;809;274;0;27
3492;972;1;5;99
3493;1157;1;4;4
3494;1246;1;5;89
3495;380;14;8;9
3496;503;14;0;27
3497;509;12;5;69
3498;740;42;0;0
3499;826;42;0;8
3500;857;10;10;28
3501;722;24;0;0
3502;875;37;24;4
3503;960;49;4;29
3504;639;16;0;3
3505;795;29;0;38
3506;599;21;13;8
3507;814;18;17;20
3508;844;14;17;102
3509;625;196;0;0
3510;716;195;0;0
3511;817;195;0;0
3512;1029;119;0;77
3513;961;16;0;12
3514;973;16;0;80
3515;724;10;2;51
3516;938;16;0;88
3517;1083;3;1;83
3518;1158;5;1;145
3519;573;48;0;0
3520;621;49;0;17
3521;411;2;3;0
3522;443;0;5;32
3523;493;0;7;15
3524;1289;72;3;0
3525;761;2;12;41
3526;863;3;6;44
3527;572;71;0;249
3528;652;89;0;222
3529;1303;29;0;23
3530;78;4;0;0
3531;158;17;1;0
3532;205;10;0;1
3533;333;6;0;7
3534;421;15;8;12
3535;193;27;0;0
3536;335;34;1;0
3537;546;76;0;4
3538;752;78;0;14
3539;806;117;0;29
3540;112;0;0;0
3541;302;0;0;0
3542;457;14;0;1
3543;646;1;0;43
3544;966;0;3;28
3545;1076;2;2;29
3546;488;13;0;166
3547;119;14;0;0
3548;342;19;0;0
3549;503;16;7;17
3550;863;11;1;16
3551;961;12;2;39
3552;237;48;1;0
3553;433;63;0;0
3554;645;73;8;3
3555;1238;61;8;32
3556;1308;66;1;34
3557;125;10;0;0
3558;230;16;1;0
3559;362;20;0;1
3560;481;11;2;22
3561;546;20;0;21
3562;494;23;0;11
3563;91;17;10;0
3564;158;16;12;0
3565;263;20;4;1
3566;374;25;8;0
3567;587;47;6;0
3568;553;14;4;0
3569;62;2;0;0
3570;145;4;0;0
3571;283;5;0;1
3572;515;14;0;0
3573;756;35;8;13
3574;65;0;0;0
3575;174;3;1;0
3576;259;7;0;1
3577;355;6;0;0
3578;521;4;0;14
3579;534;4;0;1
3580;737;50;0;0
3581;1399;67;11;0
3582;1431;97;9;70
3583;1632;118;10;82
3584;1699;117;9;82
3585;73;26;0;0
3586;153;33;0;0
3587;252;28;0;1
3588;420;8;0;0
3589;643;30;0;36
3590;272;25;0;0
3591;397;32;0;10
3592;671;38;7;20
3593;808;20;10;13
3594;1044;4;1;11
3595;205;23;0;0
3596;434;23;1;0
3597;749;58;0;6
3598;1043;37;0;19
3599;1592;126;0;44
3600;229;8;0;0
3601;432;9;1;0
3602;649;7;1;3
3603;897;25;0;8
3604;915;27;0;16
3605;232;0;1;0
3606;431;8;0;0
3607;612;23;0;1
3608;906;29;0;33
3609;973;31;9;29
3610;75;36;0;0
3611;107;77;0;1
3612;385;59;0;3
3613;576;46;0;1
3614;672;49;0;26
3615;580;36;0;1
3616;97;0;0;0
3617;288;4;0;0
3618;415;15;0;12
3619;542;52;8;12
3620;655;40;0;21
3621;130;17;0;0
3622;286;24;0;0
3623;353;23;0;5
3624;446;18;11;25
3625;653;24;0;24
3626;723;38;6;20
3627;422;16;6;19
3628;117;6;0;0
3629;241;16;0;0
3630;371;18;0;2
3631;549;7;0;27
3632;739;26;4;13
3633;85;0;0;0
3634;209;4;1;0
3635;292;6;0;2
3636;425;13;0;1
3637;565;37;5;13
3638;134;14;0;0
3639;293;31;0;5
3640;400;45;0;9
3641;781;41;0;41
3642;869;58;7;40
3643;84;24;0;0
3644;132;43;0;0
3645;314;80;0;1
3646;405;64;0;0
3647;501;73;12;32
3648;530;75;0;0
3649;229;24;1;0
3650;502;17;0;0
3651;739;36;7;16
3652;895;26;4;29
3653;938;63;15;4
3654;173;18;1;0
3655;307;52;0;0
3656;527;29;0;6
3657;739;29;0;29
3658;917;42;9;21
3659;65;13;0;0
3660;125;25;0;0
3661;324;11;0;1
3662;448;9;0;29
3663;623;21;1;44
3664;1237;15;3;11
3665;92;0;0;0
3666;102;20;0;0
3667;258;17;0;0
3668;377;28;0;13
3669;717;10;0;18
3670;282;9;0;0
3671;478;14;0;0
3672;1094;22;13;3
3673;1214;33;6;1
3674;1248;22;4;1
3675;154;8;0;0
3676;210;115;0;0
3677;488;42;0;33
3678;740;43;0;0
3679;830;43;1;8
3680;724;28;0;17
3681;89;4;0;0
3682;178;4;1;2
3683;266;6;0;1
3684;343;20;0;19
3685;563;14;4;31
3686;318;23;0;12
3687;87;3;0;0
3688;129;6;0;0
3689;254;2;2;11
3690;528;3;0;52
3691;651;5;0;66
3692;482;6;0;40
3693;126;5;0;0
3694;327;7;0;0
3695;451;8;1;12
3696;550;9;1;15
3697;662;10;13;20
3698;664;5;1;20
3699;70;4;0;0
3700;140;35;1;0
3701;202;31;0;1
3702;305;33;0;0
3703;490;73;14;17
3704;96;0;0;0
3705;177;24;1;0
3706;252;16;0;1
3707;382;13;0;0
3708;540;35;1;21
3709;154;10;0;0
3710;295;9;0;0
3711;509;16;0;1
3712;737;16;0;28
3713;806;18;2;40
3714;117;16;0;0
3715;277;23;1;0
3716;449;29;0;1
3717;595;23;0;0
3718;714;49;0;6
3719;752;51;0;20
3720;119;3;0;0
3721;259;4;0;0
3722;460;18;0;1
3723;575;48;0;0
3724;623;52;2;16
3725;118;2;0;0
3726;230;5;0;2
3727;371;4;0;3
3728;503;13;0;10
3729;599;28;2;21
3730;77;7;0;0
3731;132;32;0;0
3732;265;26;0;1
3733;469;14;0;22
3734;673;17;5;20
3735;775;13;5;20
3736;122;8;0;0
3737;198;19;1;0
3738;259;15;0;1
3739;358;30;0;17
3740;459;46;6;9
3741;339;31;0;1
3742;158;18;0;0
3743;423;37;0;0
3744;587;25;1;1
3745;825;43;2;31
3746;911;47;3;32
3747;1080;31;0;28
3748;1134;26;1;34
3749;116;14;0;0
3750;260;21;0;0
3751;472;38;0;1
3752;614;57;1;12
3753;806;96;1;24
3754;84;5;0;0
3755;219;26;1;0
3756;325;37;0;7
3757;511;40;0;24
3758;846;30;23;24
3759;153;9;0;0
3760;317;12;0;0
3761;662;22;0;4
3762;956;24;0;22
3763;1009;21;0;30
3764;94;0;0;0
3765;186;9;0;0
3766;288;18;0;5
3767;372;26;10;6
3768;570;20;2;27
3769;1241;18;8;0
3770;57;4;0;0
3771;96;17;0;0
3772;229;8;0;1
3773;480;9;0;8
3774;749;24;8;8
3775;112;4;0;0
3776;351;35;0;1
3777;541;54;0;4
3778;707;62;0;16
3779;900;63;0;16
3780;65;0;0;0
3781;87;20;0;0
3782;210;19;0;1
3783;268;26;0;0
3784;549;8;0;14
3785;117;1;0;0
3786;294;17;3;1
3787;401;16;1;2
3788;577;12;0;17
3789;832;14;1;45
3790;72;13;0;0
3791;142;46;0;0
3792;261;46;0;3
3793;403;36;0;3
3794;452;69;0;21
3795;144;7;0;0
3796;320;17;1;1
3797;526;26;0;13
3798;681;32;3;16
3799;967;26;3;31
3800;166;12;0;0
3801;390;22;0;1
3802;619;16;0;46
3803;953;14;0;75
3804;1001;14;1;98
3805;991;13;1;2
3806;121;6;0;0
3807;279;8;1;0
3808;495;50;0;18
3809;759;28;2;52
3810;956;24;3;46
3811;64;25;0;0
3812;107;45;0;0
3813;161;48;1;1
3814;232;69;0;0
3815;330;69;0;0
3816;70;1;0;0
3817;109;27;0;0
3818;333;26;0;1
3819;527;26;2;11
3820;800;33;4;34
3821;64;6;0;0
3822;147;10;0;0
3823;248;12;0;1
3824;412;13;0;0
3825;528;40;5;24
3826;156;28;0;0
3827;288;37;0;0
3828;443;46;0;1
3829;649;55;0;17
3830;803;51;0;45
3831;146;14;0;0
3832;254;22;0;0
3833;472;40;3;13
3834;576;67;3;15
3835;732;78;9;16
3836;848;74;9;20
3837;82;21;0;0
3838;111;71;1;0
3839;250;55;0;5
3840;387;49;0;4
3841;533;56;0;36
3842;117;1;0;0
3843;248;9;1;0
3844;330;28;0;1
3845;558;15;0;11
3846;735;46;0;51
3847;62;2;0;0
3848;167;17;1;0
3849;302;28;0;5
3850;455;19;0;11
3851;702;26;0;25
3852;113;10;0;0
3853;208;14;1;0
3854;333;16;0;2
3855;547;17;0;7
3856;738;15;0;13
3857;236;10;0;0
3858;569;28;0;0
3859;764;50;0;5
3860;1186;88;0;21
3861;1446;77;0;55
3862;122;9;0;0
3863;291;15;1;1
3864;416;21;3;2
3865;593;22;0;18
3866;762;29;1;34
3867;98;6;0;0
3868;217;6;3;0
3869;323;20;2;2
3870;424;21;1;36
3871;677;12;2;74
3872;107;0;0;0
3873;201;13;0;0
3874;367;30;0;1
3875;455;35;0;0
3876;599;43;2;37
3877;143;3;0;0
3878;299;3;2;0
3879;580;2;4;1
3880;701;13;2;32
3881;733;19;3;32
3882;45;0;0;0
3883;115;2;1;0
3884;191;9;0;5
3885;269;3;0;22
3886;352;12;0;71
3887;165;2;0;0
3888;319;25;0;0
3889;430;27;0;9
3890;672;21;0;14
3891;791;20;0;41
3892;98;1;0;0
3893;175;8;1;0
3894;251;5;0;1
3895;370;3;0;6
3896;538;3;0;42
3897;94;1;1;0
3898;252;5;2;0
3899;374;5;1;1
3900;572;6;1;6
3901;760;47;1;67
3902;167;35;0;0
3903;311;86;6;0
3904;446;61;6;1
3905;580;80;6;12
3906;700;98;12;31
3907;104;1;0;0
3908;240;19;0;0
3909;380;5;0;29
3910;638;7;6;53
3911;759;11;6;53
3912;66;0;0;0
3913;128;16;0;0
3914;232;12;0;1
3915;287;12;0;16
3916;421;9;0;11
3917;113;5;0;0
3918;203;17;0;0
3919;354;36;0;5
3920;488;30;0;4
3921;606;17;0;38
3922;54;1;2;0
3923;109;2;0;0
3924;115;67;4;1
3925;136;69;2;0
3926;331;43;0;14
3927;94;10;0;0
3928;186;15;7;0
3929;276;13;0;1
3930;396;33;6;11
3931;646;35;4;16
3932;94;3;0;0
3933;226;16;1;0
3934;370;22;10;1
3935;507;26;12;15
3936;658;44;22;58
3937;168;3;0;0
3938;328;15;0;0
3939;446;34;0;1
3940;632;38;0;0
3941;787;31;0;10
3942;86;9;0;0
3943;197;25;0;0
3944;350;26;0;1
3945;409;27;0;0
3946;529;35;12;4
3947;59;11;0;0
3948;147;18;0;0
3949;218;33;0;1
3950;291;34;0;0
3951;414;22;1;31
3952;137;7;0;0
3953;151;25;0;0
3954;282;34;0;1
3955;428;32;1;0
3956;552;44;0;21
3957;130;5;0;0
3958;320;44;0;4
3959;490;10;0;5
3960;758;5;0;49
3961;827;12;0;51
3962;69;1;0;0
3963;226;7;0;0
3964;355;6;0;1
3965;501;14;0;7
3966;654;28;1;48
3967;108;8;0;0
3968;183;37;11;0
3969;263;40;4;1
3970;484;27;10;0
3971;600;32;5;25
3972;108;14;0;0
3973;214;10;1;0
3974;407;22;0;1
3975;508;23;0;0
3976;590;45;0;22
3977;78;21;0;0
3978;220;15;0;0
3979;458;6;10;1
3980;479;26;0;0
3981;807;10;10;21
3982;65;0;0;0
3983;158;13;1;0
3984;233;24;0;1
3985;322;41;0;0
3986;520;32;0;36
3987;89;13;0;0
3988;202;23;1;0
3989;355;33;0;1
3990;590;16;1;14
3991;754;34;0;25
3992;966;115;36;17
3993;1233;102;38;20
3994;695;91;28;8
3995;453;74;7;0
3996;2505;180;24;30
3997;2294;186;26;31
3998;1940;225;18;49
3999;1453;272;24;32
4000;2599;89;32;44
4001;2218;133;30;46
4002;1627;127;56;57
4003;1233;101;48;37
4004;2593;231;18;46
4005;2146;189;29;56
4006;1607;202;38;95
4007;1016;169;50;90
4008;1883;128;0;35
4009;1291;158;69;44
4010;1074;160;19;71
4011;714;168;21;28
4012;1613;96;5;74
4013;1114;125;16;51
4014;709;141;21;33
4015;524;114;18;6
4016;2188;98;3;561
4017;1738;119;11;605
4018;1251;206;24;596
4019;847;226;22;439
4020;834;109;35;42
4021;1210;113;32;25
4022;1500;113;21;16
4023;1863;90;27;19
4024;1832;70;20;22
4025;1469;117;26;26
4026;918;113;26;32
4027;576;126;15;15
4028;859;159;23;121
4029;1073;136;28;134
4030;1540;116;32;135
4031;1836;85;21;110
4032;1457;333;124;63
4033;2188;373;65;64
4034;2723;338;34;32
4035;3649;248;32;11
4036;976;105;19;76
4037;1241;128;25;60
4038;1518;153;30;35
4039;1804;155;26;42
4040;1880;124;30;59
4041;1341;214;31;56
4042;940;198;47;69
4043;711;132;34;45
4044;2697;78;14;22
4045;1468;96;33;22
4046;1137;109;79;29
4047;824;84;54;57
4048;2308;98;43;86
4049;1988;105;45;97
4050;1576;92;27;85
4051;1163;137;19;34
4052;3100;75;3;11
4053;2669;90;10;12
4054;2248;99;36;24
4055;1681;123;29;64
4056;1491;122;7;14
4057;2137;156;17;12
4058;2932;125;9;12
4059;3418;81;8;20
4060;3436;81;8;20
4061;1230;101;17;77
4062;1636;110;26;82
4063;2016;91;33;89
4064;2259;92;1;54
4065;2471;76;24;34
4066;1763;132;37;41
4067;1410;128;29;42
4068;1026;153;23;35
4069;2572;160;17;129
4070;2787;156;17;129
4071;2255;153;20;141
4072;1382;206;54;130
4073;2638;49;6;7
4074;2200;110;11;19
4075;1847;121;15;27
4076;1359;143;26;80
4077;2126;40;16;113
4078;1902;54;22;107
4079;2123;42;16;107
4080;1245;87;48;145
4081;823;112;23;134
4082;2832;85;19;76
4083;2528;111;33;73
4084;2271;107;35;71
4085;1445;163;30;94
4086;2213;118;3;6
4087;1671;179;24;19
4088;1185;246;12;23
4089;784;276;22;40
4090;1724;213;16;85
4091;2454;282;14;39
4092;3166;314;22;18
4093;3666;263;25;21
4094;3924;136;56;142
4095;3357;133;61;140
4096;2731;117;36;174
4097;2055;110;40;163
4098;931;180;30;51
4099;1331;165;26;33
4100;1857;145;23;18
4101;2318;70;29;25
4102;1546;93;5;7
4103;1121;159;27;6
4104;826;113;36;35
4105;540;111;28;16
4106;3378;117;25;17
4107;2750;119;42;42
4108;2196;140;44;85
4109;1750;105;47;86
4110;2320;98;21;3
4111;2038;108;20;1
4112;1623;124;15;21
4113;1159;120;17;32
4114;2208;180;13;15
4115;1881;143;18;42
4116;1507;167;29;69
4117;1179;114;29;41
4118;3113;216;45;140
4119;3572;176;30;137
4120;2689;242;42;140
4121;1933;284;47;147
4122;2358;123;17;21
4123;1974;150;19;14
4124;1444;165;28;71
4125;862;161;33;57
4126;1089;73;43;170
4127;1556;49;37;179
4128;1796;34;39;120
4129;2046;31;16;150
4130;2802;87;10;4
4131;2257;95;25;34
4132;1545;121;43;75
4133;1094;78;42;21
4134;2864;68;17;60
4135;2523;86;61;63
4136;1864;117;31;38
4137;1283;142;32;38
4138;1548;105;16;70
4139;1215;126;23;99
4140;886;101;50;48
4141;632;87;35;26
4142;3924;178;6;34
4143;3787;178;6;50
4144;2325;167;71;124
4145;3118;225;10;40
4146;2164;174;16;46
4147;1757;233;24;41
4148;1357;165;37;52
4149;777;133;38;18
4150;2235;39;11;21
4151;1806;46;28;44
4152;1493;100;33;88
4153;1011;105;28;135
4154;1352;109;19;45
4155;1023;118;25;11
4156;791;139;25;18
4157;626;111;13;14
4158;542;87;22;7
4159;650;56;8;3
4160;820;55;1;0
4161;520;72;21;24
4162;886;17;0;8
4163;603;33;0;31
4164;1065;56;16;2
4165;472;77;4;43
4166;517;59;2;20
4167;838;88;10;0
4168;580;50;6;20
4169;797;50;14;29
4170;837;55;8;0
4171;438;29;1;4
4172;598;33;1;48
4173;693;33;1;48
4174;579;27;54;16
4175;1061;16;0;4
4176;778;35;18;18
4177;491;80;12;0
4178;603;30;9;22
4179;841;14;0;2
4180;484;50;2;0
4181;883;71;7;0
4182;712;30;12;89
4183;569;55;3;2
4184;725;82;3;4
4185;681;81;7;7
4186;599;78;5;4
4187;741;120;20;4
4188;490;82;0;0
4189;604;79;61;36
4190;757;41;11;0
4191;2531;95;0;0
4192;2137;113;2;0
4193;1854;105;1;1
4194;1369;183;1;0
4195;1732;213;0;9
4196;1494;266;0;9
4197;907;143;2;6
4198;650;157;0;5
4199;784;2;1;1
4200;884;1;1;0
4201;603;1;1;0
4202;884;1;1;0
4203;1196;31;0;0
4204;989;34;1;0
4205;808;33;0;1
4206;668;32;2;0
4207;2044;6;2;0
4208;1617;35;2;0
4209;1202;36;3;1
4210;1053;43;2;0
4211;3062;113;0;0
4212;960;46;1;0
4213;815;48;0;0
4214;706;49;0;1
4215;641;50;2;0
4216;2813;62;8;38
4217;2423;63;8;38
4218;2183;99;12;35
4219;1152;7;2;0
4220;955;7;3;0
4221;578;56;3;1
4222;1253;41;7;0
4223;1067;51;7;0
4224;1028;58;7;1
4225;950;68;8;0
4226;1676;27;17;0
4227;1419;28;16;0
4228;1055;24;18;11
4229;1943;6;2;0
4230;2210;8;0;0
4231;1612;68;1;0
4232;1140;69;2;0
4233;1362;68;1;1
4234;1629;120;2;32
4235;1386;120;2;32
4236;1170;121;2;32
4237;1322;120;2;33
4238;1128;153;2;0
4239;1604;105;2;0
4240;832;154;2;1
4241;1052;88;0;0
4242;885;98;0;0
4243;730;97;2;1
4244;602;113;0;0
4245;49;391;0;64
4246;98;326;0;39
4247;1026;19;4;0
4248;813;30;2;1
4249;587;46;3;0
4250;848;27;2;0
4251;2096;7;2;0
4252;1948;7;2;0
4253;1554;7;1;0
4254;1625;7;3;1
4255;1705;24;1;2
4256;1563;23;1;0
4257;1223;25;3;1
4258;865;29;4;0
4259;1620;52;1;0
4260;2523;77;2;0
4261;2005;79;0;0
4262;1660;83;0;1
4263;1376;84;2;0
4264;3790;6;0;1
4265;2011;7;2;1
4266;2682;7;2;2
4267;3191;6;2;1
4268;2384;171;0;0
4269;2201;171;0;0
4270;1991;169;2;1
4271;1758;168;0;0
4272;1734;37;0;0
4273;1535;35;1;0
4274;1415;35;0;1
4275;1099;63;1;0
4276;2585;32;1;0
4277;2174;31;1;0
4278;1854;32;1;1
4279;1590;34;0;0
4280;770;2;0;0
4281;945;1;0;1
4282;1092;0;0;0
4283;1314;1;1;0
4284;2120;44;24;0
4285;1937;44;25;0
4286;1705;42;24;1
4287;1308;44;24;0
4288;1740;41;2;0
4289;2140;40;4;1
4290;2441;39;4;0
4291;2922;38;2;0
4292;944;118;0;0
4293;827;122;1;0
4294;732;121;3;1
4295;663;123;0;0
4296;1772;20;4;0
4297;2176;20;3;1
4298;2611;18;4;0
4299;3088;18;4;0
4300;3248;49;6;0
4301;2296;34;2;0
4302;2015;41;3;0
4303;1674;50;1;1
4304;1542;51;0;0
4305;2970;2;1;0
4306;2487;1;0;0
4307;2115;1;1;1
4308;1798;1;1;0
4309;2090;13;1;0
4310;1779;11;0;0
4311;1590;12;0;1
4312;1463;11;0;0
4313;2039;11;2;0
4314;1771;9;6;0
4315;1604;9;6;1
4316;1349;10;3;0
4317;1213;122;6;1
4318;1074;146;4;1
4319;946;147;4;2
4320;775;170;0;1
4321;2605;30;1;0
4322;2223;28;1;1
4323;1837;31;2;0
4324;3114;29;1;0
4325;1921;100;2;0
4326;1707;100;3;0
4327;1431;101;1;1
4328;1223;103;0;0
4329;3271;8;0;0
4330;2003;176;1;0
4331;1754;174;0;0
4332;1635;178;1;1
4333;1505;177;0;0
4334;1794;16;1;0
4335;1414;24;3;0
4336;1279;23;2;1
4337;1129;28;0;0
4338;1361;12;0;0
4339;1179;12;0;0
4340;1058;13;0;1
4341;917;12;0;0
4342;1909;4;3;1
4343;1620;7;6;1
4344;1377;10;3;2
4345;1246;6;0;1
4346;2858;231;40;0
4347;2531;233;39;0
4348;2226;233;40;1
4349;2029;240;40;0
4350;2278;153;2;0
4351;1913;153;2;0
4352;1721;152;1;1
4353;1535;154;0;0
4354;803;63;1;0
4355;796;56;1;0
4356;714;65;0;1
4357;711;60;1;0
4358;4152;18;2;1
4359;3611;15;4;1
4360;3154;29;0;2
4361;2340;33;1;1
4362;608;100;3;0
4363;789;88;3;1
4364;882;89;6;0
4365;1049;72;2;0
4366;2407;56;54;0
4367;1953;59;55;0
4368;1742;63;55;1
4369;1509;69;56;0
4370;2375;9;8;0
4371;2079;11;7;0
4372;1749;11;8;1
4373;1431;14;6;0
4374;2579;50;2;0
4375;2310;50;1;0
4376;2006;50;1;1
4377;1850;51;0;0
4378;2650;191;4;1
4379;2189;237;5;1
4380;1937;288;4;2
4381;1610;302;2;1
4382;2670;163;1;1
4383;2083;166;0;1
4384;2203;166;1;2
4385;2417;163;2;1
4386;1179;11;2;0
4387;1003;10;3;0
4388;785;37;2;1
4389;715;37;4;0
4390;855;118;0;0
4391;893;80;0;0
4392;641;110;0;1
4393;673;79;0;0
4394;1223;51;1;1
4395;1055;50;1;1
4396;958;56;2;2
4397;834;56;0;1
4398;2788;101;1;0
4399;2424;98;0;0
4400;2005;97;0;1
4401;1624;98;0;0
4402;912;67;1;0
4403;923;41;0;0
4404;678;79;0;1
4405;696;51;0;0
4406;953;77;1;0
4407;1003;17;0;0
4408;650;121;0;1
4409;664;62;1;0
4410;3356;128;2;0
4411;2725;142;0;0
4412;2405;142;1;1
4413;1903;142;0;0
4414;2081;17;3;0
4415;1760;19;0;1
4416;1553;23;0;0
4417;2460;18;2;0
4418;1540;169;1;1
4419;1371;174;2;1
4420;1272;176;2;2
4421;1132;176;1;1
4422;2322;129;14;0
4423;2732;126;13;1
4424;3113;125;15;0
4425;3594;125;13;0
4426;3818;25;4;1
4427;2041;209;3;1
4428;2093;157;3;1
4429;1521;205;0;2
4430;1573;154;0;1
4431;812;61;2;0
4432;814;63;3;17
4433;1094;53;3;0
4434;1096;54;3;16
4435;2479;131;3;1
4436;2886;180;2;0
4437;3178;210;2;0
4438;2242;131;3;0
4439;995;8;1;0
4440;780;34;1;0
4441;692;35;4;1
4442;565;34;0;0
4443;3721;3;1;0
4444;2947;12;1;0
4445;2433;13;2;1
4446;1928;11;3;0
4447;3166;4;1;0
4448;2941;19;1;0
4449;2469;18;3;1
4450;2172;18;0;0
4451;3631;28;0;0
4452;3056;28;1;0
4453;2656;54;0;1
4454;2169;82;2;0
4455;1469;125;5;0
4456;1344;125;6;0
4457;1208;129;9;1
4458;993;151;5;0
4459;1704;80;4;0
4460;1952;77;4;1
4461;2160;77;3;0
4462;2411;75;4;0
4463;1161;1;1;0
4464;1029;0;1;0
4465;908;1;1;1
4466;760;0;0;0
4467;2064;2;1;0
4468;1712;0;0;0
4469;1474;1;0;1
4470;1234;0;0;0
4471;898;29;0;0
4472;773;51;3;0
4473;698;57;1;1
4474;583;54;0;0
4475;2157;614;3;0
4476;1885;508;1;0
4477;1534;467;2;1
4478;1319;415;0;0
4479;2157;614;3;0
4480;1885;508;1;0
4481;1534;467;2;1
4482;1319;415;0;0
4483;1118;88;2;0
4484;1388;83;3;1
4485;1738;74;4;0
4486;1966;73;4;0
4487;1111;18;1;0
4488;924;49;2;0
4489;868;55;3;1
4490;796;57;0;0
4491;2842;116;3;0
4492;2542;117;3;0
4493;2014;119;4;1
4494;1701;123;3;0
4495;2709;6;2;0
4496;2265;6;0;0
4497;1968;8;1;1
4498;1747;8;0;0
4499;1601;101;0;0
4500;1456;101;1;0
4501;1358;102;0;1
4502;1124;116;0;0
4503;1234;30;0;0
4504;1117;31;2;0
4505;1002;33;1;1
4506;949;33;1;0
4507;1560;181;3;1
4508;1872;177;2;2
4509;2010;173;3;1
4510;2235;169;3;1
4511;2008;184;29;0
4512;1760;186;29;0
4513;1539;209;29;1
4514;1184;211;28;0
4515;2353;56;2;0
4516;1620;104;0;0
4517;2030;106;0;0
4518;1835;106;1;1
4519;827;182;5;0
4520;1143;100;6;1
4521;1305;95;5;0
4522;1392;97;5;0
4523;2819;3;1;1
4524;2326;2;0;1
4525;1893;2;3;2
4526;1596;2;1;1
4527;2819;3;2;0
4528;2209;103;14;0
4529;1918;103;12;0
4530;1723;103;12;1
4531;1510;104;12;0
4532;1676;380;0;1
4533;1358;380;0;2
4534;1815;166;0;1
4535;1472;166;0;1
4536;1189;66;1;0
4537;995;65;4;0
4538;917;67;3;1
4539;789;65;4;0
4540;1027;16;1;0
4541;865;16;1;0
4542;737;17;4;1
4543;609;18;2;0
4544;1590;145;5;0
4545;1862;141;4;1
4546;2254;107;4;0
4547;2621;71;3;0
4548;1137;31;0;0
4549;1010;31;0;0
4550;945;31;1;1
4551;842;31;1;0
4552;1412;114;8;0
4553;1758;106;8;1
4554;2092;107;8;0
4555;2551;41;9;0
4556;1412;114;8;0
4557;1758;106;8;1
4558;2092;107;8;0
4559;2551;41;9;0
4560;1145;21;0;0
4561;1022;21;1;0
4562;862;21;0;1
4563;767;23;0;0
4564;1952;94;0;0
4565;1647;113;3;0
4566;1390;115;1;1
4567;1123;115;0;0
4568;1088;109;1;0
4569;1139;56;0;0
4570;807;109;0;1
4571;622;77;0;0
4572;2547;50;0;1
4573;2104;122;0;1
4574;1906;123;0;2
4575;1660;123;0;1
4576;4922;6;2;1
4577;5496;14;3;0
4578;2486;14;1;0
4579;1230;175;6;0
4580;1625;173;7;1
4581;1994;184;8;0
4582;2503;71;12;0
4583;4478;3;1;0
4584;5525;13;5;1
4585;4978;15;3;1
4586;3962;10;0;18
4587;2169;20;1;0
4588;2506;23;2;0
4589;2442;23;2;0
4590;3566;4;2;0
4591;5407;23;0;1
4592;726;171;1;0
4593;471;49;0;0
4594;651;7;0;0
4595;1185;66;2;0
4596;694;2;0;0
4597;1529;16;0;0
4598;862;2;0;0
4599;1069;1;3;0
4600;725;7;1;0
4601;912;10;0;0
4602;633;21;0;0
4603;895;10;0;0
4604;1546;20;0;0
4605;705;0;0;0
4606;894;13;5;0
4607;861;3;0;0
4608;943;6;0;0
4609;742;6;0;0
4610;1234;0;0;0
4611;1271;68;0;0
4612;540;71;0;0
4613;862;2;2;0
4614;829;3;0;0
4615;581;3;0;0
4616;904;34;0;0
4617;1132;0;0;0
4618;543;13;0;0
4619;764;8;0;5
4620;992;1;0;0
4621;788;4;0;0
4622;507;4;0;0
4623;745;20;1;0
4624;1309;2;2;0
4625;804;38;1;0
4626;768;5;0;0
4627;719;154;0;0
4628;1176;22;0;0
4629;995;21;0;0
4630;868;7;0;0
4631;840;1;0;0
4632;546;6;1;0
4633;623;4;0;0
4634;1989;98;2;0
4635;1673;98;6;0
4636;1127;159;4;1
4637;1236;52;4;0
4638;1009;50;6;0
4639;842;54;4;1
4640;1124;35;4;4
4641;965;40;8;4
4642;735;37;4;5
4643;4520;29;4;0
4644;4520;29;4;0
4645;2208;15;2;0
4646;3300;9;6;0
4647;2366;69;2;0
4648;994;47;2;0
4649;768;45;4;0
4650;633;45;8;1
4651;1033;74;6;1
4652;877;74;2;1
4653;638;52;4;2
4654;1373;68;6;0
4655;1084;70;4;0
4656;782;51;4;1
4657;2471;48;8;4
4658;2004;46;8;4
4659;907;2;2;0
4660;705;4;0;0
4661;497;41;4;1
4662;1748;180;12;0
4663;1488;188;12;0
4664;1091;184;10;1
4665;1139;35;6;0
4666;844;55;2;0
4667;623;52;2;1
4668;1253;27;5;0
4669;952;39;1;0
4670;698;64;5;1
4671;706;10;6;0
4672;616;18;2;0
4673;460;48;10;1
4674;2293;34;0;0
4675;3116;3;2;119
4676;1203;2;0;0
4677;908;60;4;0
4678;627;103;1;1
4679;3255;22;4;0
4680;942;140;0;0
4681;741;160;2;0
4682;602;162;2;1
4683;843;52;2;0
4684;666;71;0;0
4685;478;79;3;1
4686;1427;13;2;0
4687;1052;105;2;0
4688;766;112;2;1
4689;1485;18;6;0
4690;1107;18;0;0
4691;913;22;6;1
4692;1069;15;6;27
4693;904;13;2;27
4694;680;25;2;28
4695;1253;21;2;0
4696;1087;19;0;0
4697;933;23;0;1
4698;1143;7;2;0
4699;920;7;0;0
4700;604;81;0;1
4701;2431;31;3;0
4702;1201;42;5;0
4703;953;40;5;0
4704;687;46;23;1
4705;1193;60;3;0
4706;830;81;5;0
4707;677;90;3;1
4708;1254;15;4;0
4709;1025;15;2;0
4710;754;23;2;3
4711;929;59;2;2
4712;1036;55;4;2
4713;708;67;8;3
4714;797;36;4;0
4715;663;40;2;1
4716;731;38;4;0
4717;2416;35;2;0
4718;1172;37;2;0
4719;939;36;6;0
4720;652;36;6;1
4721;2816;8;6;0
4722;2619;11;0;0
4723;1008;16;0;0
4724;888;22;2;0
4725;773;18;6;1
4726;1398;32;6;0
4727;1120;38;6;0
4728;897;34;6;1
4729;1773;84;2;0
4730;1467;85;2;1
4731;1966;82;4;0
4732;1273;37;4;0
4733;1112;49;4;0
4734;921;55;2;1
4735;849;68;8;0
4736;743;72;8;0
4737;634;9;2;1
4738;867;8;4;0
4739;735;12;2;0
4740;605;8;2;5
4741;1101;7;2;0
4742;949;16;0;0
4743;799;18;0;1
4744;1695;176;2;9
4745;1381;188;4;9
4746;1006;67;4;10
4747;1770;1;0;0
4748;1423;10;4;0
4749;806;14;4;1
4750;921;36;2;0
4751;789;36;2;0
4752;631;47;0;1
4753;1377;88;4;0
4754;1257;108;0;0
4755;940;94;4;1
4756;927;12;4;0
4757;813;12;4;0
4758;666;14;2;1
4759;1957;6;2;0
4760;1757;6;2;0
4761;3653;21;2;0
4762;3282;21;0;0
4763;1610;247;84;0
4764;1806;258;84;1
4765;2239;224;86;0
4766;2597;139;84;0
4767;1231;70;3;0
4768;1440;63;2;1
4769;1604;63;3;0
4770;1770;69;4;0
4771;5171;42;1;1
4772;908;194;2;0
4773;1064;167;2;1
4774;1295;132;0;0
4775;1813;58;4;0
4776;696;232;1;0
4777;1026;162;1;1
4778;1152;150;4;0
4779;1346;148;6;0
4780;1298;252;0;0
4781;1567;162;4;1
4782;1824;139;2;0
4783;2118;139;3;0
4784;1216;144;2;1
4785;1377;143;0;0
4786;1611;142;0;0
4787;1119;142;0;0
4788;1480;150;6;0
4789;1703;143;9;1
4790;1840;144;6;0
4791;2033;142;6;0
4792;1418;292;0;0
4793;1582;292;0;0
4794;1149;189;20;0
4795;1330;157;18;1
4796;1514;123;19;0
4797;1870;5;22;0
4798;1591;114;0;1
4799;2047;59;0;2
4800;2300;61;1;1
4801;2900;53;2;1
4802;1707;111;0;0
4803;2089;109;1;1
4804;2601;109;2;0
4805;3232;110;0;0
4806;704;459;1;0
4807;846;569;0;1
4808;993;678;1;0
4809;1211;891;1;0
4810;1550;101;3;0
4811;1695;87;4;1
4812;1834;87;4;0
4813;2010;89;5;0
4814;2129;74;0;0
4815;2571;74;1;1
4816;3011;74;1;0
4817;3617;74;2;0
4818;1357;427;4;1
4819;1612;397;0;0
4820;2001;331;3;0
4821;1130;443;0;0
4822;1773;3;0;0
4823;2384;2;2;1
4824;2780;5;1;0
4825;3243;3;3;0
4826;1089;346;0;0
4827;1193;345;0;1
4828;1289;344;0;0
4829;1526;345;1;0
4830;935;268;0;0
4831;783;650;0;0
4832;1712;29;1;0
4833;1956;28;0;1
4834;2313;27;2;0
4835;2686;2;2;0
4836;1437;275;0;1
4837;1677;277;2;1
4838;1188;275;0;2
4839;1058;275;0;1
4840;1660;190;0;0
4841;1895;156;1;1
4842;2215;123;1;0
4843;2684;32;1;0
4844;1681;259;26;4
4845;1707;309;27;5
4846;2121;247;26;4
4847;2147;298;29;4
4848;1439;27;0;0
4849;1805;26;0;1
4850;2181;27;2;0
4851;2520;10;2;0
4852;996;300;1;0
4853;1478;287;0;1
4854;2093;225;2;0
4855;2630;33;3;0
4856;1128;208;0;0
4857;1212;200;0;1
4858;1275;199;0;0
4859;1713;121;2;0
4860;1010;264;1;1
4861;1239;264;1;2
4862;1549;263;3;1
4863;2126;240;1;1
4864;2;0;0;0
4865;399;20;0;0
4866;620;75;1;0
4867;904;66;2;0
4868;277;54;0;0
4869;292;38;0;0
4870;0;0;0;2
4871;0;0;0;4
4872;0;0;0;1
4873;140;18;0;0
4874;177;16;0;0
4875;85;34;0;0
4876;153;15;0;0
4877;269;33;0;2
4878;280;10;0;0
4879;125;5;0;0
4880;113;10;0;0
4881;1013;15;0;0
4882;4462;27;0;0
4883;859;8;1;0
4884;974;106;1;0
4885;1978;101;0;0
4886;1739;85;0;0
4887;2701;22;0;0
4888;1053;107;0;32
4889;1540;71;7;0
4890;778;37;0;0
4891;1424;59;0;0
4892;856;36;0;0
4893;757;3;0;0
4894;860;12;0;0
4895;1547;80;0;0
4896;1068;30;0;0
4897;2609;116;0;0
4898;906;93;0;0
4899;1264;15;0;0
4900;2166;96;2;0
4901;2992;102;0;0
4902;2639;102;0;0
4903;1226;9;0;0
4904;1306;40;0;2
4905;1617;35;1;0
4906;968;64;0;0
4907;1215;37;0;0
4908;1715;247;0;0
4909;2004;67;0;0
4910;3031;151;0;0
4911;1591;17;0;0
4912;1;0;0;1
4913;1;0;0;1
4914;1;0;0;1
4915;1;0;0;1
4916;1;0;0;1
4917;1;0;0;1
4918;1;0;0;1
4919;1;0;0;1
4920;1;0;0;1
4921;1;0;0;1
4922;1;0;0;1
4923;1;0;0;1
4924;1;0;0;1
4925;1;0;0;1
4926;1;0;0;1
4927;1;0;0;1
4928;1;0;0;1
4929;1;0;0;1
4930;1;0;0;1
4931;1;0;0;1
4932;1;0;0;1
4933;1;0;0;1
4934;1100;59;1;0
4935;876;60;0;0
4936;507;110;0;1
4937;715;21;0;0
4938;578;30;1;0
4939;453;31;0;1
4940;2505;18;5;0
4941;1260;18;1;0
4942;981;51;0;0
4943;736;58;1;1
4944;1813;153;2;0
4945;1531;153;2;0
4946;1220;154;2;1
4947;1361;83;1;4
4948;613;179;1;5
4949;970;119;1;4
4950;1269;78;0;0
4951;923;137;0;0
4952;752;108;1;1
4953;1055;35;2;0
4954;799;39;2;0
4955;658;32;2;1
4956;725;2;0;0
4957;675;1;1;0
4958;611;5;5;1
4959;1027;73;5;0
4960;881;74;5;0
4961;627;75;7;1
4962;668;133;0;0
4963;510;129;0;0
4964;416;133;0;1
4965;721;32;0;0
4966;634;30;1;0
4967;570;33;0;1
4968;1009;4;4;0
4969;816;32;2;0
4970;685;32;4;1
4971;881;10;2;0
4972;683;32;3;0
4973;441;55;1;1
4974;1138;0;2;0
4975;884;1;0;1
4976;1010;1;0;0
4977;1755;72;1;0
4978;1399;108;0;0
4979;1109;143;3;1
4980;889;30;1;0
4981;768;41;1;0
4982;531;155;1;1
4983;916;16;2;0
4984;744;16;1;0
4985;555;16;0;1
4986;865;104;1;1
4987;865;105;0;0
4988;893;83;3;0
4989;756;78;6;0
4990;675;79;3;1
4991;897;3;1;0
4992;705;6;1;0
4993;567;8;2;1
4994;1055;4;2;0
4995;1177;5;2;0
4996;638;6;0;1
4997;1461;16;6;0
4998;561;136;1;0
4999;494;135;3;0
5000;414;137;0;1
5001;965;58;4;0
5002;704;57;9;0
5003;604;57;8;1
5004;1004;62;6;0
5005;790;65;4;0
5006;608;87;0;1
5007;757;88;0;2
5008;640;89;3;2
5009;506;92;0;3
5010;1058;96;1;0
5011;1801;307;2;0
5012;1642;323;2;0
5013;1186;348;0;1
5014;603;182;4;0
5015;726;182;2;0
5016;509;193;8;1
5017;611;104;26;0
5018;498;107;26;0
5019;354;124;15;1
5020;1032;36;1;0
5021;890;37;0;0
5022;666;68;2;1
5023;727;12;1;0
5024;496;6;1;1
5025;839;6;1;0
5026;1343;22;0;0
5027;1074;22;0;0
5028;881;22;0;1
5029;2882;38;0;0
5030;1237;138;2;0
5031;1029;160;1;0
5032;748;195;2;1
5033;1149;31;1;0
5034;1013;52;2;0
5035;901;51;2;1
5036;1758;59;3;0
5037;1042;76;50;0
5038;798;178;2;1
5039;932;77;49;0
5040;1068;89;2;0
5041;839;90;1;0
5042;711;90;6;1
5043;3367;195;0;0
5044;1465;55;0;0
5045;1048;66;0;0
5046;1277;6;0;14
5047;989;3;0;15
5048;1122;4;1;14
5049;2058;28;0;0
5050;2510;42;0;55
5051;1863;82;0;55
5052;3711;72;0;0
5053;3353;80;0;0
5054;2095;28;0;13
5055;1054;49;2;16
5056;935;17;3;12
5057;1286;16;1;0
5058;1145;16;0;0
5059;896;18;0;1
5060;1789;8;0;0
5061;920;59;0;0
5062;1620;74;1;52
5063;1433;105;1;52
5064;1745;23;0;32
5065;2034;29;0;3
5066;1029;7;1;4
5067;770;27;0;4
5068;1096;2;1;0
5069;948;2;0;0
5070;1800;89;0;16
5071;1687;89;1;16
5072;2165;177;2;0
5073;2157;181;0;0
5074;3780;9;0;0
5075;1710;35;0;0
5076;1353;113;0;0
5077;1555;46;0;0
5078;1299;46;1;1
5079;1902;0;0;0
5080;1499;10;0;0
5081;1217;54;1;0
5082;1243;35;1;31
5083;1460;17;0;0
5084;1193;37;2;283
5085;1825;31;18;6
5086;1491;2;0;4
5087;1118;71;9;8
5088;175;0;0;0
5089;160;14;0;0
5090;226;28;0;0
5091;377;27;0;0
5092;496;33;0;0
5093;457;28;0;0
5094;155;15;0;4
5095;311;44;1;13
5096;353;40;33;13
5097;530;43;24;13
5098;570;49;29;11
5099;509;46;6;64
5100;162;54;0;0
5101;227;24;0;0
5102;433;57;0;0
5103;625;48;2;28
5104;699;45;0;42
5105;694;58;4;21
5106;929;88;2;24
5107;719;66;7;20
5108;494;57;0;2
5109;350;20;0;0
5110;130;17;0;0
5111;770;89;3;0
5112;817;15;1;38
5113;206;32;0;0
5114;483;26;0;23
5115;337;15;2;0
5116;104;0;0;0
5117;797;16;1;4
5118;527;33;2;8
5119;329;36;4;0
5120;172;28;1;0
5121;109;10;0;0
5122;57;0;0;0
5123;449;61;1;2
5124;112;42;1;0
5125;179;42;1;0
5126;313;57;7;0
5127;453;40;6;0
5128;601;28;2;0
5129;585;15;2;0
5130;660;100;0;12
5131;509;88;0;0
5132;407;44;0;0
5133;254;33;0;0
5134;99;18;0;0
5135;625;20;6;48
5136;499;84;1;0
5137;747;82;0;0
5138;1080;69;0;0
5139;1186;75;0;0
5140;1595;41;0;0
5141;1750;24;0;0
5142;92;0;0;0
5143;248;18;0;0
5144;390;7;0;0
5145;566;6;0;0
5146;757;14;0;0
5147;633;72;0;13
5148;429;49;0;20
5149;256;51;1;4
5150;197;23;0;0
5151;89;34;0;6
5152;24;6;0;0
5153;477;13;0;32
5154;149;39;0;28
5155;187;36;1;28
5156;382;75;20;17
5157;600;82;17;21
5158;617;89;17;24
5159;586;149;0;13
5160;488;93;4;8
5161;352;72;0;0
5162;238;55;0;0
5163;112;43;0;0
5164;54;20;0;0
5165;463;82;0;0
5166;104;8;0;0
5167;215;34;0;0
5168;352;69;3;0
5169;502;73;8;0
5170;695;78;2;18
5171;759;47;0;2
5172;137;19;0;0
5173;196;54;0;13
5174;392;73;3;0
5175;758;70;4;0
5176;915;80;1;0
5177;968;2;2;24
5178;1149;48;5;0
5179;1440;49;5;0
5180;1918;32;2;0
5181;2313;22;0;0
5182;2778;19;0;0
5183;2833;3;0;1
5184;2479;4;0;1
5185;2212;20;2;1
5186;1823;44;2;1
5187;273;90;14;6
5188;402;92;16;9
5189;702;135;0;10
5190;166;9;0;0
5191;295;4;0;0
5192;486;24;0;0
5193;749;58;1;2
5194;247;26;2;0
5195;156;34;0;0
5196;783;31;2;13
5197;486;21;0;0
5198;305;11;0;0
5199;180;6;0;0
5200;85;0;0;0
5201;760;43;0;17
5202;571;90;6;0
5203;394;14;0;0
5204;188;28;0;0
5205;540;28;0;0
5206;746;24;3;0
5207;718;18;10;34
5208;548;31;3;0
5209;320;10;0;0
5210;165;11;0;0
5211;233;19;0;0
5212;127;54;0;0
5213;80;9;0;0
5214;469;62;0;0
5215;297;61;0;0
5216;237;16;0;0
5217;162;12;0;0
5218;57;0;0;0
5219;390;87;0;22
5220;661;28;0;12
5221;447;47;0;0
5222;243;32;0;0
5223;119;5;0;0
5224;48;7;0;0
5225;586;59;0;0
5226;143;25;1;39
5227;232;16;1;38
5228;374;43;3;44
5229;594;15;2;29
5230;711;23;8;67
5231;149;6;0;0
5232;202;17;0;0
5233;338;11;0;24
5234;613;32;3;45
5235;168;48;2;86
5236;240;42;2;86
5237;504;8;2;41
5238;577;44;5;16
5239;829;60;4;83
5240;181;17;0;0
5241;450;9;0;28
5242;664;5;3;3
5243;813;66;3;165
5244;89;2;0;0
5245;213;10;0;0
5246;362;26;0;15
5247;513;27;11;13
5248;698;58;24;96
5249;714;40;5;50
5250;813;13;6;11
5251;678;19;10;2
5252;320;45;0;0
5253;185;23;0;0
5254;116;6;0;0
5255;749;53;5;7
5256;772;108;12;45
5257;589;196;0;69
5258;655;116;0;0
5259;461;103;0;0
5260;224;48;0;0
5261;212;7;0;0
5262;50;4;0;0
5263;137;9;0;0
5264;300;45;0;0
5265;476;75;4;3
5266;729;71;12;48
5267;567;29;13;12
5268;363;48;0;3
5269;157;77;0;0
5270;123;31;0;0
5271;664;58;4;19
5272;397;31;15;2
5273;515;114;5;2
5274;210;53;0;0
5275;625;87;8;13
5276;722;9;1;0
5277;648;79;2;33
5278;84;0;0;0
5279;381;133;0;0
5280;217;11;0;0
5281;358;9;0;0
5282;1555;87;8;19
5283;1375;83;4;24
5284;541;41;4;8
5285;393;29;9;8
5286;745;60;0;0
5287;607;37;5;4
5288;445;10;4;0
5289;305;9;0;0
5290;258;51;0;0
5291;539;62;14;35
5292;438;73;29;2
5293;141;32;0;0
5294;218;24;3;0
5295;336;40;6;0
5296;495;44;4;19
5297;461;9;7;35
5298;339;4;8;0
5299;221;6;0;0
5300;203;5;0;0
5301;354;16;0;0
5302;491;23;0;0
5303;666;56;0;0
5304;837;13;22;33
5305;549;35;0;0
5306;684;40;0;0
5307;782;21;0;0
5308;1062;70;22;0
5309;770;22;3;10
5310;834;23;2;10
5311;955;49;4;0
5312;927;30;5;0
5313;604;71;1;0
5314;839;67;1;0
5315;801;49;0;0
5316;623;25;9;0
5317;762;31;1;0
5318;957;45;1;0
5319;677;35;0;0
5320;793;33;0;0
5321;499;19;0;0
5322;673;17;2;0
5323;565;82;4;0
5324;799;49;4;0
5325;1021;79;1;0
5326;1055;77;0;0
5327;685;40;1;6
5328;777;35;1;6
5329;549;39;0;10
5330;706;32;0;10
5331;649;51;3;0
5332;536;33;0;1
5333;683;50;0;9
5334;625;59;8;0
5335;775;68;0;0
5336;533;48;2;9
5337;736;26;0;0
5338;740;20;0;0
5339;430;24;0;0
5340;540;23;0;0
5341;544;9;2;0
5342;530;17;0;0
5343;506;18;1;1
5344;858;160;0;0
5345;825;153;1;0
5346;770;121;1;1
5347;855;27;0;0
5348;841;35;3;0
5349;782;38;2;1
5350;1330;26;1;0
5351;1336;5;0;0
5352;1082;91;1;1
5353;668;13;0;4
5354;664;13;0;4
5355;611;13;1;5
5356;716;5;0;10
5357;673;31;2;11
5358;480;74;0;11
5359;590;11;0;0
5360;547;25;1;0
5361;481;28;0;1
5362;866;35;1;0
5363;860;35;0;0
5364;865;36;1;1
5365;832;10;0;0
5366;830;14;2;0
5367;694;15;2;1
5368;2903;40;0;0
5369;2900;28;0;0
5370;2752;50;1;1
5371;1067;21;0;0
5372;1011;42;2;0
5373;907;50;1;1
5374;1161;4;1;0
5375;1164;5;0;0
5376;1124;5;0;1
5377;612;32;0;0
5378;590;36;0;0
5379;532;18;3;1
5380;1027;26;0;0
5381;855;53;2;0
5382;733;59;1;1
5383;966;7;1;0
5384;864;28;2;0
5385;849;31;0;1
5386;770;3;0;0
5387;774;5;0;0
5388;677;8;0;1
5389;717;17;0;0
5390;754;15;2;0
5391;635;16;0;1
5392;841;89;1;127
5393;840;90;1;126
5394;984;24;0;143
5395;1053;42;2;0
5396;1048;42;1;0
5397;897;87;0;1
5398;706;58;0;0
5399;686;61;0;0
5400;594;67;0;1
5401;983;3;0;0
5402;985;5;0;0
5403;900;7;1;1
5404;1590;26;1;0
5405;1578;27;3;0
5406;1411;30;0;1
5407;871;65;0;0
5408;800;71;2;0
5409;633;97;0;1
5410;739;11;0;0
5411;717;10;1;0
5412;631;14;0;1
5413;3222;7;0;0
5414;3138;8;0;0
5415;2988;5;1;1
5416;619;36;1;0
5417;692;35;1;0
5418;490;58;1;1
5419;1180;2;0;0
5420;1178;1;0;0
5421;1008;1;0;1
5422;1118;23;0;0
5423;1060;37;1;0
5424;981;40;0;1
5425;1081;9;0;0
5426;618;37;1;0
5427;1019;13;1;0
5428;951;20;1;1
5429;922;8;0;0
5430;671;6;3;0
5431;531;7;1;1
5432;663;5;4;0
5433;339;3;0;0
5434;342;3;0;0
5435;296;2;0;1
5436;708;30;0;0
5437;635;53;2;0
5438;517;49;4;1
5439;658;38;0;0
5440;654;40;0;0
5441;633;41;0;1
5442;637;8;0;0
5443;637;8;0;0
5444;637;8;0;1
5445;567;13;0;0
5446;571;13;0;0
5447;537;17;2;1
5448;771;0;0;0
5449;669;18;0;0
5450;667;18;1;1
5451;1149;33;1;0
5452;1179;3;0;0
5453;1179;2;0;1
5454;1152;34;1;0
5455;603;52;0;0
5456;603;53;1;1
5457;604;53;1;0
5458;776;59;0;0
5459;670;82;0;0
5460;580;113;1;1
5461;581;25;0;0
5462;584;26;2;0
5463;533;27;1;1
5464;328;2;1;1
5465;105;1;0;0
5466;209;0;1;1
5467;244;1;2;0
5468;542;4;1;0
5469;541;3;3;0
5470;517;17;0;1
5471;390;18;0;0
5472;534;16;0;0
5473;461;15;1;0
5474;395;14;0;1
5475;751;51;1;1
5476;743;59;1;0
5477;742;60;1;0
5478;447;0;0;0
5479;377;29;1;0
5480;377;29;1;1
5481;753;2;1;0
5482;739;2;0;0
5483;566;14;0;1
5484;1396;111;0;0
5485;1373;111;0;0
5486;1225;111;1;1
5487;793;59;3;35
5488;868;59;3;34
5489;915;59;3;34
5490;634;37;13;62
5491;625;40;12;51
5492;590;40;13;42
5493;1280;98;1;36
5494;1280;98;2;37
5495;1280;98;1;36
5496;1147;9;0;2
5497;1060;9;0;1
5498;894;9;1;2
5499;1256;6;1;1
5500;1216;6;1;0
5501;1142;6;2;1
5502;818;11;0;0
5503;801;11;0;0
5504;798;12;0;1
5505;824;0;0;0
5506;828;0;0;0
5507;820;0;1;1
5508;1247;18;4;34
5509;1130;32;1;33
5510;1107;38;1;34
5511;1165;10;0;0
5512;1126;10;0;0
5513;1074;10;1;1
5514;1088;0;0;0
5515;1072;0;0;0
5516;965;0;1;1
5517;1077;46;1;4
5518;950;70;1;4
5519;917;74;0;5
5520;830;36;5;98
5521;722;40;1;97
5522;719;40;0;98
5523;856;4;0;0
5524;792;0;1;0
5525;657;4;0;1
5526;1078;19;1;0
5527;998;20;0;0
5528;981;20;1;1
5529;1070;2;0;0
5530;1057;2;0;0
5531;915;10;2;1
5532;825;36;1;0
5533;692;74;4;1
5534;777;23;0;0
5535;1007;4;1;6
5536;1062;4;1;0
5537;984;4;0;7
5538;1189;4;1;0
5539;1179;4;0;0
5540;1108;29;0;1
5541;524;95;1;0
5542;491;46;3;0
5543;383;45;3;1
5544;908;6;3;0
5545;956;6;2;0
5546;773;5;0;1
5547;1292;23;0;0
5548;1225;34;0;0
5549;1045;34;0;1
5550;1573;21;1;1
5551;1573;21;1;0
5552;1738;21;0;0
5553;787;30;1;0
5554;716;31;1;0
5555;639;31;0;1
5556;1253;7;0;0
5557;1227;7;0;0
5558;1082;11;0;1
5559;1045;15;1;0
5560;900;13;0;0
5561;831;12;2;1
5562;848;26;1;0
5563;755;27;1;0
5564;688;26;0;1
5565;647;0;1;0
5566;633;0;0;0
5567;576;0;0;1
5568;1161;20;0;9
5569;1117;20;0;9
5570;1098;13;0;10
5571;685;23;1;0
5572;731;20;0;0
5573;620;26;2;1
5574;519;4;0;0
5575;519;4;1;0
5576;495;7;1;1
5577;823;50;0;0
5578;807;38;2;0
5579;770;38;2;1
5580;1078;27;0;30
5581;1035;36;1;30
5582;959;54;3;52
5583;1001;45;0;120
5584;913;66;1;120
5585;906;66;1;121
5586;1021;5;0;0
5587;822;13;0;1
5588;915;13;0;0
5589;891;57;2;19
5590;893;31;0;8
5591;847;34;0;8
5592;837;11;1;53
5593;934;6;0;0
5594;921;12;1;0
5595;885;12;1;1
5596;1057;7;0;4
5597;1060;7;0;4
5598;1060;7;0;5
5599;1176;125;0;16
5600;1170;125;0;16
5601;1125;130;1;17
5602;1036;115;0;0
5603;944;123;2;1
5604;973;123;0;0
5605;1285;71;0;0
5606;1212;92;1;0
5607;1182;95;1;1
5608;1363;56;0;0
5609;1366;56;2;0
5610;1214;56;2;1
5611;726;115;0;0
5612;711;115;1;0
5613;673;115;1;1
5614;746;5;0;0
5615;643;6;0;0
5616;581;21;1;1
5617;717;55;0;0
5618;722;55;0;0
5619;661;63;0;1
5620;1333;54;0;0
5621;1288;56;1;0
5622;1252;56;1;1
5623;934;125;0;22
5624;903;126;0;22
5625;880;126;1;23
5626;821;70;0;0
5627;780;70;0;0
5628;755;74;0;1
5629;541;21;0;0
5630;543;18;0;0
5631;488;21;0;1
5632;1886;31;0;0
5633;1856;30;0;0
5634;1592;30;0;1
5635;1027;50;4;28
5636;1039;50;3;81
5637;1127;35;0;187
5638;1246;25;0;0
5639;1173;48;1;0
5640;1101;54;2;1
5641;966;15;0;0
5642;917;24;0;0
5643;891;30;0;1
5644;1202;125;0;81
5645;1164;118;1;74
5646;1050;118;0;75
5647;954;58;0;5
5648;830;77;1;4
5649;721;62;3;5
5650;89;0;0;0
5651;178;0;0;0
5652;202;0;1;1
5653;239;0;0;0
5654;345;4;0;0
5655;182;0;1;0
5656;217;0;0;1
5657;244;0;0;0
5658;347;4;0;0
5659;356;1;0;0
5660;404;0;0;1
5661;450;0;0;0
5662;328;0;0;0
5663;178;1;0;0
5664;234;0;0;1
5665;288;0;0;0
5666;59;0;0;0
5667;68;1;0;0
5668;118;0;0;1
5669;184;0;0;0
5670;244;0;0;0
5671;95;0;0;0
5672;154;0;1;1
5673;156;0;0;0
5674;251;0;0;0
5675;129;0;0;0
5676;225;0;0;1
5677;346;0;0;0
5678;294;0;0;0
5679;70;0;0;0
5680;117;0;0;1
5681;185;0;1;0
5682;81;0;0;0
5683;104;0;0;0
5684;135;0;0;1
5685;170;0;1;0
5686;259;16;0;0
5687;123;0;0;0
5688;156;0;1;1
5689;177;0;0;0
5690;215;22;0;0
5691;187;0;0;0
5692;270;1;0;1
5693;318;0;0;0
5694;308;0;0;0
5695;121;1;0;0
5696;208;0;0;1
5697;250;0;0;0
5698;94;0;0;0
5699;128;0;0;0
5700;160;0;1;1
5701;194;0;0;0
5702;284;0;0;0
5703;147;0;1;0
5704;174;0;0;1
5705;222;0;0;0
5706;261;0;0;0
5707;238;1;0;0
5708;325;0;0;1
5709;391;0;0;0
5710;308;0;0;0
5711;128;0;0;0
5712;160;0;0;1
5713;190;0;1;0
5714;96;1;0;0
5715;191;0;1;0
5716;231;0;0;1
5717;232;0;0;0
5718;328;0;0;0
5719;182;0;1;0
5720;216;0;0;1
5721;299;0;0;0
5722;321;2;0;0
5723;336;0;0;0
5724;452;0;0;1
5725;424;0;1;0
5726;310;0;0;0
5727;192;0;0;0
5728;231;0;0;1
5729;232;0;1;0
5730;75;1;0;0
5731;183;0;0;0
5732;212;0;0;1
5733;258;0;0;0
5734;182;0;0;0
5735;207;0;0;1
5736;244;0;0;0
5737;362;0;0;0
5738;424;0;0;1
5739;516;0;0;0
5740;338;0;0;0
5741;183;0;0;0
5742;212;0;0;1
5743;258;0;0;0
5744;154;0;0;0
5745;194;0;0;1
5746;245;0;0;0
5747;155;0;0;0
5748;206;0;0;1
5749;300;0;0;0
5750;380;0;0;1
5751;75;0;0;0
5752;138;0;1;0
5753;161;0;0;1
5754;173;0;0;0
5755;333;0;0;0
5756;127;0;1;0
5757;161;0;0;1
5758;226;0;0;0
5759;203;12;0;0
5760;268;0;0;0
5761;290;0;0;1
5762;314;0;1;0
5763;215;0;0;0
5764;138;0;0;0
5765;138;0;1;1
5766;173;0;1;0
5767;144;0;0;0
5768;280;0;0;0
5769;318;0;0;1
5770;342;0;0;0
5771;308;0;0;0
5772;358;0;0;1
5773;434;0;0;0
5774;480;0;1;0
5775;544;0;0;1
5776;579;0;0;0
5777;438;0;0;0
5778;280;0;1;0
5779;318;0;0;1
5780;342;0;0;0
5781;379;6;0;0
5782;91;0;0;0
5783;167;0;1;0
5784;200;0;0;1
5785;202;0;0;0
5786;165;0;0;0
5787;199;0;0;1
5788;324;0;1;0
5789;378;0;0;1
5790;362;0;0;0
5791;65;0;0;0
5792;98;1;0;0
5793;124;0;0;1
5794;168;0;1;0
5795;274;0;0;0
5796;128;0;0;0
5797;150;0;1;1
5798;168;0;0;0
5799;307;0;0;0
5800;177;0;0;0
5801;240;1;0;1
5802;304;0;0;0
5803;318;0;0;0
5804;103;0;0;0
5805;124;1;0;1
5806;168;0;0;0
5807;111;1;0;0
5808;203;0;0;0
5809;234;0;0;1
5810;257;0;0;0
5811;222;0;0;0
5812;241;0;0;1
5813;285;0;0;0
5814;380;0;1;0
5815;420;0;0;1
5816;456;0;0;0
5817;366;0;1;0
5818;203;0;1;0
5819;234;0;0;1
5820;257;0;0;0
5821;277;5;0;0
5822;82;0;0;0
5823;95;14;0;0
5824;244;4;0;1
5825;383;4;0;0
5826;449;46;0;0
5827;95;14;0;0
5828;243;4;0;1
5829;383;4;0;0
5830;413;42;0;0
5831;87;0;0;0
5832;110;26;0;0
5833;153;40;0;1
5834;323;8;0;0
5835;118;24;0;0
5836;153;37;0;1
5837;285;16;0;0
5838;106;1;0;0
5839;243;37;0;0
5840;282;43;0;1
5841;471;28;0;0
5842;609;39;0;0
5843;261;19;0;0
5844;308;37;0;1
5845;459;24;0;0
5846;561;37;0;0
5847;117;14;0;0
5848;269;8;0;0
5849;340;8;0;1
5850;595;8;0;0
5851;552;8;0;164
5852;262;8;0;0
5853;329;10;0;1
5854;550;8;0;0
5855;535;5;0;272
5856;82;0;0;0
5857;153;10;0;0
5858;234;8;0;1
5859;305;10;0;0
5860;145;9;0;0
5861;236;8;0;1
5862;301;10;0;0
5863;114;1;0;0
5864;271;12;0;0
5865;285;25;0;1
5866;396;43;0;0
5867;529;73;0;0
5868;296;9;0;0
5869;306;11;0;1
5870;406;27;0;0
5871;525;46;0;0
5872;127;3;0;0
5873;290;23;0;0
5874;426;20;0;1
5875;641;21;0;0
5876;692;62;0;8
5877;294;21;0;0
5878;436;21;0;1
5879;630;18;0;0
5880;682;62;0;16
5881;123;0;0;0
5882;162;32;1;0
5883;328;0;0;1
5884;445;0;0;0
5885;172;30;1;0
5886;328;0;0;1
5887;441;0;0;0
5888;69;0;0;0
5889;99;9;0;0
5890;182;12;0;1
5891;264;17;0;0
5892;99;9;0;0
5893;178;12;0;1
5894;255;22;0;0
5895;81;8;0;0
5896;148;6;0;0
5897;231;12;0;1
5898;283;12;0;0
5899;148;6;0;0
5900;221;18;0;1
5901;281;12;0;0
5902;137;0;0;0
5903;207;10;0;0
5904;311;12;0;1
5905;417;11;0;0
5906;585;6;0;0
5907;207;10;0;0
5908;311;12;0;1
5909;426;9;0;0
5910;585;6;0;0
5911;86;1;0;0
5912;267;5;0;0
5913;329;26;0;1
5914;444;18;0;0
5915;511;14;0;0
5916;269;5;0;0
5917;323;26;0;1
5918;412;24;0;0
5919;506;15;0;0
5920;131;11;0;0
5921;216;27;0;0
5922;346;26;0;1
5923;567;35;0;0
5924;199;22;0;0
5925;330;27;0;1
5926;576;22;0;0
5927;47;1;0;0
5928;95;9;0;0
5929;159;13;1;1
5930;225;8;0;0
5931;101;5;0;0
5932;162;9;1;1
5933;233;8;0;0
5934;108;0;0;0
5935;194;15;1;0
5936;316;21;0;1
5937;413;26;0;0
5938;182;13;1;0
5939;281;32;0;1
5940;411;25;0;0
5941;97;0;0;0
5942;187;19;1;0
5943;255;23;0;1
5944;357;17;0;0
5945;440;70;0;0
5946;187;19;1;0
5947;261;23;0;1
5948;355;20;0;0
5949;420;75;0;0
5950;66;3;0;0
5951;103;19;0;0
5952;198;35;0;1
5953;315;42;0;0
5954;499;26;0;0
5955;112;25;0;0
5956;190;39;0;1
5957;315;41;0;0
5958;495;26;0;0
5959;98;1;0;0
5960;155;2;0;0
5961;246;8;0;1
5962;355;20;0;0
5963;463;16;0;140
5964;157;5;0;0
5965;247;9;0;1
5966;353;20;0;0
5967;430;15;0;280
5968;69;13;0;0
5969;122;8;0;0
5970;237;10;0;1
5971;314;15;0;0
5972;414;27;0;0
5973;144;6;0;0
5974;234;8;0;1
5975;295;13;0;0
5976;406;27;0;0
5977;265;34;0;0
5978;418;28;0;0
5979;604;27;0;1
5980;821;25;0;0
5981;896;24;0;0
5982;405;28;0;0
5983;602;27;0;1
5984;779;25;0;0
5985;864;24;0;0
5986;132;21;0;0
5987;263;11;0;0
5988;422;11;0;1
5989;489;11;0;0
5990;258;11;0;0
5991;422;11;0;1
5992;489;11;0;0
5993;110;1;0;0
5994;159;3;0;0
5995;246;5;0;1
5996;318;6;0;0
5997;408;11;0;140
5998;153;5;0;0
5999;246;5;0;1
6000;315;6;0;0
6001;405;10;0;272
6002;67;0;0;0
6003;84;28;0;0
6004;137;36;1;1
6005;189;39;0;0
6006;82;24;0;0
6007;117;42;1;1
6008;185;38;0;0
6009;90;11;0;0
6010;201;8;0;0
6011;300;14;0;1
6012;415;14;0;0
6013;181;14;1;0
6014;298;14;0;1
6015;405;14;0;0
6016;84;0;0;0
6017;128;6;0;0
6018;296;6;0;1
6019;529;7;0;0
6020;139;6;0;0
6021;312;6;0;1
6022;510;8;0;0
6023;144;6;0;0
6024;325;25;0;0
6025;492;21;0;1
6026;672;0;0;0
6027;332;25;0;0
6028;477;14;0;1
6029;655;0;0;0
6030;93;3;0;0
6031;171;13;1;0
6032;292;16;0;1
6033;397;8;0;0
6034;300;15;0;140
6035;147;22;1;0
6036;268;18;0;1
6037;370;11;0;0
6038;300;18;0;280
6039;80;0;0;0
6040;88;16;0;0
6041;162;19;0;1
6042;255;2;0;0
6043;108;12;0;0
6044;154;20;0;1
6045;233;4;0;0
6046;72;0;0;0
6047;117;4;0;0
6048;241;9;0;1
6049;328;12;0;0
6050;118;4;0;0
6051;231;7;0;1
6052;325;12;0;0
6053;85;0;0;0
6054;110;14;0;0
6055;290;5;0;1
6056;377;31;0;0
6057;486;36;0;0
6058;144;10;1;0
6059;280;5;0;1
6060;371;30;0;0
6061;466;36;0;0
6062;95;8;0;0
6063;184;19;1;0
6064;270;28;0;1
6065;431;14;0;0
6066;199;17;1;0
6067;273;35;0;1
6068;432;17;0;0
6069;121;15;0;0
6070;266;12;0;0
6071;395;19;0;1
6072;516;0;0;0
6073;263;12;0;0
6074;386;19;0;1
6075;514;0;0;0
6076;148;1;0;0
6077;181;16;0;0
6078;428;19;0;1
6079;592;20;0;0
6080;238;16;1;0
6081;394;38;0;1
6082;602;16;0;0
6083;82;5;0;0
6084;258;13;0;0
6085;334;14;0;1
6086;415;28;0;0
6087;258;13;0;0
6088;331;15;0;1
6089;382;39;0;0
6090;128;2;0;0
6091;236;40;0;0
6092;345;53;0;1
6093;526;58;0;0
6094;578;97;0;0
6095;220;45;0;0
6096;341;50;0;1
6097;520;53;0;0
6098;552;94;0;0
6099;70;0;0;0
6100;108;27;0;0
6101;176;25;0;1
6102;267;14;0;0
6103;91;65;0;168
6104;132;21;0;0
6105;198;17;0;1
6106;271;5;0;0
6107;91;65;0;336
6108;120;16;0;0
6109;221;9;1;0
6110;370;9;0;1
6111;471;9;0;0
6112;690;32;0;0
6113;221;9;1;0
6114;371;9;0;1
6115;471;9;0;0
6116;681;24;0;0
6117;67;0;0;0
6118;152;4;0;0
6119;220;10;0;1
6120;311;5;0;0
6121;141;5;0;0
6122;230;8;0;1
6123;307;3;0;0
6124;129;1;0;0
6125;264;28;1;0
6126;328;51;0;1
6127;465;19;0;0
6128;633;54;0;0
6129;260;29;0;0
6130;365;37;0;1
6131;466;11;0;0
6132;604;63;0;0
6133;123;0;0;0
6134;235;25;1;0
6135;367;37;0;1
6136;607;24;0;0
6137;229;28;0;292
6138;225;28;1;0
6139;361;44;0;1
6140;602;23;0;0
6141;221;30;0;576
6142;131;0;0;0
6143;190;10;0;0
6144;335;5;0;1
6145;410;49;0;0
6146;615;15;0;0
6147;191;10;0;0
6148;323;13;0;1
6149;410;40;0;0
6150;604;16;0;0
6151;113;11;0;0
6152;227;6;1;0
6153;306;1;0;1
6154;392;1;0;0
6155;492;1;0;0
6156;216;6;1;0
6157;306;1;0;1
6158;391;1;0;0
6159;492;1;0;0
6160;92;1;0;0
6161;160;22;0;0
6162;338;28;0;1
6163;523;20;0;0
6164;142;15;0;0
6165;327;29;0;1
6166;516;16;0;0
6167;98;2;0;0
6168;160;37;0;0
6169;332;20;0;1
6170;421;22;0;0
6171;161;37;0;0
6172;325;32;0;1
6173;434;21;0;0
6174;62;0;0;0
6175;104;12;0;0
6176;229;13;0;1
6177;308;13;0;0
6178;119;12;0;0
6179;228;13;0;1
6180;299;13;0;0
6181;69;0;0;0
6182;141;17;0;0
6183;233;7;0;1
6184;282;22;0;0
6185;370;6;0;0
6186;145;14;0;0
6187;232;5;0;1
6188;282;23;0;0
6189;379;13;0;0
6190;155;8;0;0
6191;267;14;0;0
6192;397;9;0;1
6193;534;5;0;0
6194;643;10;0;0
6195;266;8;0;0
6196;391;13;0;1
6197;521;5;0;0
6198;649;3;0;0
6199;124;1;0;0
6200;172;6;1;0
6201;269;15;0;1
6202;408;9;0;0
6203;148;6;0;0
6204;281;9;0;1
6205;425;10;0;0
6206;92;5;0;0
6207;144;9;0;0
6208;234;21;0;1
6209;350;18;0;0
6210;144;9;0;0
6211;238;15;0;1
6212;346;18;0;0
6213;126;4;0;0
6214;228;50;0;0
6215;411;46;0;1
6216;603;20;0;0
6217;817;18;0;0
6218;236;33;0;0
6219;381;47;0;1
6220;571;19;0;0
6221;763;19;0;0
6222;106;0;0;0
6223;220;18;1;0
6224;287;12;0;1
6225;450;9;0;0
6226;386;12;0;252
6227;216;12;1;0
6228;279;18;0;1
6229;419;9;0;0
6230;386;12;0;496
6231;143;21;0;0
6232;168;24;0;0
6233;289;32;0;1
6234;401;32;0;0
6235;205;23;1;0
6236;284;32;0;1
6237;404;32;0;0
6238;128;4;0;0
6239;196;15;0;0
6240;264;40;0;1
6241;323;67;0;0
6242;188;16;0;0
6243;228;32;0;1
6244;291;59;0;0
6245;102;1;0;0
6246;169;10;0;0
6247;256;22;0;1
6248;406;22;0;0
6249;169;19;0;0
6250;234;33;0;1
6251;410;19;0;0
6252;121;1;0;0
6253;157;0;1;0
6254;359;15;0;1
6255;477;0;0;0
6256;632;19;0;0
6257;156;0;1;0
6258;343;15;0;1
6259;476;5;0;0
6260;618;19;0;0
6261;85;6;0;0
6262;256;22;0;0
6263;336;37;0;1
6264;518;37;0;0
6265;259;24;0;0
6266;319;34;0;1
6267;513;43;0;0
6268;93;0;0;0
6269;160;9;0;0
6270;208;16;0;1
6271;290;29;0;0
6272;296;22;0;208
6273;164;2;0;0
6274;212;17;0;1
6275;206;79;0;0
6276;240;27;0;208
6277;127;1;0;0
6278;253;52;0;0
6279;458;14;0;1
6280;591;60;0;0
6281;750;38;0;0
6282;261;48;0;0
6283;467;11;0;1
6284;593;56;0;0
6285;753;29;0;0
6286;80;0;0;0
6287;125;5;0;0
6288;201;12;0;1
6289;294;11;0;0
6290;373;32;0;0
6291;120;6;0;0
6292;198;10;0;1
6293;299;11;0;0
6294;366;12;0;0
6295;109;1;0;0
6296;229;20;0;0
6297;339;12;0;1
6298;484;14;0;0
6299;529;47;0;0
6300;226;22;0;0
6301;337;12;0;1
6302;482;11;0;0
6303;552;30;0;0
6304;92;24;0;0
6305;235;28;0;0
6306;335;37;0;1
6307;540;20;0;0
6308;229;34;0;0
6309;332;37;0;1
6310;531;21;0;0
6311;77;0;0;0
6312;132;4;0;0
6313;243;5;0;1
6314;350;6;0;0
6315;138;5;0;0
6316;243;6;0;1
6317;351;7;0;0
6318;85;7;0;0
6319;109;31;0;0
6320;182;35;0;1
6321;204;44;0;0
6322;453;19;0;0
6323;130;28;0;0
6324;198;23;0;1
6325;205;55;0;0
6326;444;19;0;0
6327;155;1;0;0
6328;210;21;1;0
6329;346;11;0;1
6330;453;30;0;0
6331;224;13;1;0
6332;352;9;0;1
6333;456;23;0;0
6334;105;11;0;0
6335;272;18;0;0
6336;388;23;0;1
6337;527;21;0;0
6338;270;17;0;0
6339;390;30;0;1
6340;517;28;0;0
6341;110;0;0;0
6342;157;1;0;0
6343;205;48;0;1
6344;400;3;0;0
6345;470;29;0;0
6346;154;1;0;0
6347;211;52;0;1
6348;392;7;0;0
6349;467;28;0;0
6350;62;0;0;0
6351;57;12;0;0
6352;125;16;0;1
6353;199;2;0;0
6354;369;20;0;0
6355;89;7;0;0
6356;121;16;0;1
6357;199;2;0;0
6358;373;21;0;0
6359;66;0;0;0
6360;67;13;0;0
6361;172;11;0;1
6362;286;6;0;0
6363;499;16;0;0
6364;64;16;0;0
6365;163;13;0;1
6366;286;7;0;0
6367;487;15;0;0
6368;141;1;0;0
6369;240;17;1;0
6370;319;16;0;1
6371;425;106;0;0
6372;228;16;1;0
6373;330;16;0;1
6374;425;92;0;0
6375;100;1;0;0
6376;126;11;0;0
6377;228;15;0;1
6378;326;23;0;0
6379;450;19;0;88
6380;128;11;0;0
6381;230;15;0;1
6382;316;25;0;0
6383;443;21;0;176
6384;129;20;0;0
6385;254;15;0;0
6386;415;16;0;1
6387;633;13;0;0
6388;768;13;0;0
6389;241;25;0;0
6390;384;22;0;1
6391;618;15;0;0
6392;755;13;0;0
6393;98;0;0;0
6394;148;9;0;0
6395;247;7;0;1
6396;307;19;0;0
6397;287;11;0;112
6398;139;13;0;0
6399;247;7;0;1
6400;304;19;0;0
6401;281;19;0;184
6402;87;0;0;0
6403;196;8;0;0
6404;292;10;0;1
6405;371;10;0;0
6406;478;22;0;0
6407;219;10;1;0
6408;270;6;0;1
6409;348;12;0;0
6410;463;16;0;0
6411;145;1;0;0
6412;210;10;1;0
6413;344;11;0;1
6414;450;9;0;0
6415;207;9;1;0
6416;349;8;0;1
6417;445;10;0;0
6418;124;1;0;0
6419;217;20;1;0
6420;315;3;0;1
6421;341;25;0;0
6422;417;40;0;0
6423;221;20;1;0
6424;318;4;0;1
6425;333;25;0;0
6426;436;31;0;0
6427;111;1;0;0
6428;217;23;0;0
6429;353;28;0;1
6430;515;54;0;0
6431;183;34;0;0
6432;314;29;0;1
6433;520;60;0;0
6434;99;0;0;0
6435;124;40;0;0
6436;305;29;0;1
6437;402;28;0;0
6438;709;12;0;0
6439;174;8;0;0
6440;271;37;0;1
6441;388;21;0;0
6442;677;18;0;0
6443;52;2;0;0
6444;71;31;0;0
6445;111;46;1;1
6446;175;39;0;0
6447;72;31;0;0
6448;114;47;1;1
6449;178;36;0;0
6450;60;0;0;0
6451;195;10;0;0
6452;252;11;0;1
6453;355;9;0;0
6454;445;23;0;0
6455;165;17;0;0
6456;243;18;0;1
6457;331;9;0;0
6458;450;13;0;0
6459;114;0;0;0
6460;229;6;0;0
6461;404;2;0;1
6462;540;2;0;0
6463;255;17;0;0
6464;427;11;0;1
6465;510;35;0;0
6466;91;0;0;0
6467;163;16;1;0
6468;270;27;0;1
6469;395;44;0;0
6470;180;19;1;0
6471;271;23;0;1
6472;355;41;0;0
6473;132;5;0;0
6474;174;19;1;0
6475;308;18;0;1
6476;427;22;0;0
6477;174;21;1;0
6478;282;16;0;1
6479;387;15;0;0
6480;220;11;1;0
6481;385;27;0;0
6482;587;26;0;1
6483;792;10;0;0
6484;380;26;0;0
6485;583;22;0;1
6486;769;12;0;0
6487;111;6;0;0
6488;146;16;0;0
6489;245;15;0;1
6490;390;16;0;0
6491;146;16;0;0
6492;257;16;0;1
6493;364;16;0;0
6494;145;0;0;0
6495;226;43;0;0
6496;355;9;0;1
6497;475;5;0;0
6498;226;43;0;0
6499;375;5;0;1
6500;466;5;0;0
6501;116;15;0;0
6502;168;12;0;0
6503;340;24;0;1
6504;442;37;0;0
6505;622;34;0;0
6506;183;16;1;0
6507;332;25;0;1
6508;433;29;0;0
6509;581;28;0;0
6510;129;0;0;0
6511;237;14;0;0
6512;460;16;0;1
6513;617;23;0;0
6514;236;14;0;0
6515;442;24;0;1
6516;546;32;0;0
6517;149;2;0;0
6518;271;16;0;0
6519;388;13;0;1
6520;554;12;0;0
6521;244;14;0;0
6522;369;13;0;1
6523;479;11;0;0
6524;94;0;0;0
6525;277;4;0;0
6526;434;16;0;1
6527;606;32;0;0
6528;694;53;0;0
6529;277;6;0;0
6530;385;42;0;1
6531;582;9;0;0
6532;611;62;0;0
6533;150;8;0;0
6534;228;21;1;0
6535;322;43;0;1
6536;472;18;0;0
6537;251;17;1;0
6538;346;43;0;1
6539;441;24;0;0
6540;112;0;0;0
6541;166;17;1;0
6542;268;8;0;1
6543;362;16;0;0
6544;160;14;0;0
6545;282;7;0;1
6546;394;10;0;0
6547;78;4;0;0
6548;154;7;0;0
6549;283;5;0;1
6550;353;4;0;0
6551;155;6;0;0
6552;283;0;0;1
6553;344;3;0;0
6554;96;0;0;0
6555;136;16;0;0
6556;226;11;0;1
6557;333;12;0;0
6558;161;13;1;0
6559;241;14;0;1
6560;328;10;0;0
6561;201;2;1;0
6562;294;3;0;0
6563;446;2;0;1
6564;640;5;0;0
6565;273;2;0;0
6566;416;2;0;1
6567;622;5;0;0
6568;92;2;0;0
6569;126;6;0;0
6570;200;6;1;1
6571;233;16;0;0
6572;167;4;0;0
6573;202;4;1;1
6574;246;1;0;0
6575;99;1;0;0
6576;151;12;1;0
6577;243;21;0;1
6578;340;12;0;0
6579;349;22;0;208
6580;144;9;0;0
6581;249;19;0;1
6582;336;12;0;0
6583;347;19;0;416
6584;81;0;0;0
6585;201;4;1;0
6586;315;4;0;1
6587;442;4;0;0
6588;196;2;0;0
6589;278;4;0;1
6590;400;4;0;0
6591;105;1;0;0
6592;177;20;1;0
6593;305;20;0;1
6594;467;16;0;0
6595;178;2;1;0
6596;277;11;0;1
6597;377;15;0;0
6598;177;7;0;0
6599;248;12;0;0
6600;356;18;0;1
6601;563;18;0;0
6602;250;11;0;0
6603;342;14;0;1
6604;547;9;0;0
6605;118;6;0;0
6606;207;14;0;0
6607;320;10;0;1
6608;513;10;0;0
6609;199;16;1;0
6610;311;8;0;1
6611;464;8;0;0
6612;156;7;0;0
6613;221;39;0;0
6614;331;45;0;1
6615;556;50;0;0
6616;207;38;0;0
6617;325;49;0;1
6618;536;52;0;0
6619;87;0;0;0
6620;110;22;0;0
6621;227;10;0;1
6622;322;8;0;0
6623;390;7;0;0
6624;140;8;0;0
6625;229;10;0;1
6626;299;8;0;0
6627;292;20;0;0
6628;130;1;0;0
6629;205;11;1;0
6630;289;33;0;1
6631;437;21;0;0
6632;158;15;0;0
6633;243;35;0;1
6634;425;14;0;0
6635;120;14;0;0
6636;250;21;0;0
6637;345;50;0;1
6638;475;52;0;0
6639;246;25;0;0
6640;355;36;0;1
6641;466;48;0;0
6642;86;0;0;0
6643;165;3;0;0
6644;264;6;0;1
6645;334;15;0;0
6646;394;11;0;0
6647;170;3;0;0
6648;267;7;0;1
6649;344;9;0;0
6650;386;10;0;0
6651;91;7;0;0
6652;144;14;0;0
6653;232;24;0;1
6654;326;24;0;0
6655;144;14;0;0
6656;232;24;0;1
6657;304;33;0;0
6658;98;0;0;0
6659;142;7;0;0
6660;215;18;0;1
6661;299;25;0;0
6662;155;5;0;0
6663;245;17;0;1
6664;345;22;0;0
6665;139;2;0;0
6666;220;12;1;0
6667;354;4;0;1
6668;528;15;0;0
6669;232;4;1;0
6670;334;12;0;1
6671;499;13;0;0
6672;149;3;0;0
6673;171;5;1;0
6674;284;7;0;1
6675;357;10;0;0
6676;217;4;0;0
6677;264;5;0;1
6678;344;6;0;0
6679;194;9;0;0
6680;380;5;0;0
6681;458;9;0;1
6682;760;6;0;0
6683;353;7;0;0
6684;460;11;0;1
6685;702;5;0;0
6686;168;4;0;0
6687;229;6;1;0
6688;375;27;0;1
6689;457;25;0;0
6690;214;7;1;0
6691;290;33;0;1
6692;398;23;0;0
6693;83;0;0;0
6694;115;4;0;0
6695;188;20;1;1
6696;282;29;0;0
6697;384;8;0;0
6698;171;1;0;0
6699;203;12;1;1
6700;264;1;0;0
6701;336;2;0;0
6702;269;1;0;0
6703;294;4;0;0
6704;431;8;0;1
6705;617;14;0;0
6706;822;7;1;0
6707;298;4;0;0
6708;423;7;0;1
6709;592;10;0;0
6710;808;2;1;0
6711;132;5;0;0
6712;209;36;0;0
6713;368;31;0;1
6714;541;26;0;0
6715;208;21;0;0
6716;361;20;0;1
6717;484;30;0;0
6718;70;0;0;0
6719;170;6;0;0
6720;224;25;0;1
6721;236;55;0;0
6722;387;31;0;0
6723;170;6;0;0
6724;219;19;0;1
6725;261;26;0;0
6726;401;16;0;0
6727;172;8;0;0
6728;286;6;0;0
6729;393;7;0;1
6730;612;10;0;0
6731;253;29;0;0
6732;402;21;0;1
6733;491;66;0;0
6734;146;1;0;0
6735;259;17;0;0
6736;447;5;0;1
6737;576;4;0;0
6738;253;18;0;0
6739;449;5;0;1
6740;566;6;0;0
6741;106;3;0;0
6742;163;17;0;0
6743;256;24;0;1
6744;402;26;0;0
6745;157;13;0;0
6746;248;25;0;1
6747;354;13;0;0
6748;63;0;0;0
6749;138;12;0;0
6750;227;5;0;1
6751;301;10;0;0
6752;149;9;0;0
6753;230;5;0;1
6754;284;9;0;0
6755;81;0;0;0
6756;161;7;0;0
6757;283;13;0;1
6758;333;33;0;0
6759;167;3;0;0
6760;271;21;0;1
6761;328;23;0;0
6762;113;1;0;0
6763;144;20;0;0
6764;300;7;0;1
6765;397;6;0;0
6766;530;29;0;0
6767;157;17;0;0
6768;286;15;0;1
6769;400;14;0;0
6770;532;26;0;0
6771;131;3;0;0
6772;183;9;0;0
6773;306;18;0;1
6774;416;11;0;0
6775;188;6;0;0
6776;290;12;0;1
6777;375;10;0;0
6778;103;14;0;0
6779;189;11;1;0
6780;312;7;0;1
6781;501;8;0;0
6782;192;11;1;0
6783;305;6;0;1
6784;463;17;0;0
6785;71;5;0;0
6786;171;13;1;0
6787;231;47;0;1
6788;390;17;0;0
6789;138;12;0;0
6790;300;7;0;1
6791;405;4;0;0
6792;111;1;0;0
6793;219;5;1;0
6794;328;8;0;1
6795;403;28;0;0
6796;251;3;0;0
6797;327;11;0;1
6798;403;28;0;0
6799;110;17;0;0
6800;191;7;0;0
6801;294;15;0;1
6802;362;17;0;0
6803;227;0;0;0
6804;287;15;0;1
6805;356;10;0;0
6806;114;1;0;0
6807;135;20;0;0
6808;344;0;0;1
6809;440;0;0;0
6810;188;23;1;0
6811;275;20;0;1
6812;408;11;0;0
6813;76;6;0;0
6814;168;9;0;0
6815;271;3;0;1
6816;320;2;0;0
6817;170;9;1;0
6818;267;3;0;1
6819;316;3;0;0
6820;76;0;0;0
6821;126;4;0;0
6822;238;8;0;1
6823;327;12;0;0
6824;136;1;0;0
6825;221;6;0;1
6826;325;12;0;0
6827;175;11;1;0
6828;297;15;0;0
6829;412;11;0;1
6830;561;11;0;0
6831;291;8;0;0
6832;410;8;0;1
6833;543;11;0;0
6834;94;18;0;0
6835;213;29;0;0
6836;277;24;0;1
6837;384;8;0;0
6838;213;29;0;0
6839;259;25;0;1
6840;383;10;0;0
6841;86;0;0;0
6842;141;0;0;0
6843;228;5;0;1
6844;340;5;0;0
6845;169;0;0;0
6846;212;14;0;1
6847;330;6;0;0
6848;172;5;0;0
6849;205;5;1;0
6850;384;5;0;1
6851;575;7;0;0
6852;190;4;1;0
6853;370;3;0;1
6854;534;9;0;0
6855;97;8;0;0
6856;187;31;1;0
6857;261;52;0;1
6858;327;56;0;0
6859;191;23;1;0
6860;235;80;0;1
6861;319;56;0;0
6862;161;1;0;0
6863;207;31;1;0
6864;342;25;0;1
6865;478;30;0;0
6866;223;11;1;0
6867;316;24;0;1
6868;459;28;0;0
6869;139;5;0;0
6870;301;19;0;0
6871;448;46;0;1
6872;656;32;0;0
6873;681;61;0;0
6874;266;22;0;0
6875;419;48;0;1
6876;605;63;0;0
6877;621;76;0;0
6878;141;16;0;0
6879;291;31;0;0
6880;445;4;0;1
6881;598;4;0;0
6882;645;4;0;0
6883;287;31;0;0
6884;444;4;0;1
6885;598;4;0;0
6886;638;4;0;0
6887;61;1;0;0
6888;126;7;0;0
6889;242;11;0;1
6890;314;10;0;0
6891;132;5;0;0
6892;243;11;0;1
6893;319;7;0;0
6894;207;16;0;0
6895;350;32;0;0
6896;506;41;0;1
6897;763;29;0;0
6898;772;58;0;0
6899;340;26;0;0
6900;494;31;0;1
6901;704;27;0;0
6902;679;59;0;0
6903;151;2;0;0
6904;244;16;0;0
6905;371;28;0;1
6906;492;27;0;0
6907;647;30;0;0
6908;237;22;0;0
6909;382;18;0;1
6910;479;24;0;0
6911;625;14;0;0
6912;88;0;0;0
6913;119;11;0;0
6914;202;12;0;1
6915;261;2;0;0
6916;123;0;0;0
6917;192;10;0;1
6918;258;2;0;0
6919;146;11;0;0
6920;244;23;0;0
6921;424;20;0;1
6922;658;18;0;0
6923;232;23;0;0
6924;414;14;0;1
6925;594;20;0;0
6926;77;9;0;0
6927;97;15;0;0
6928;184;33;0;1
6929;243;33;0;0
6930;112;11;0;0
6931;176;36;0;1
6932;261;20;0;0
6933;149;0;0;0
6934;226;29;0;0
6935;358;22;0;1
6936;507;38;0;0
6937;187;34;1;0
6938;337;23;0;1
6939;520;24;0;0
6940;98;0;0;0
6941;166;14;0;0
6942;236;18;0;1
6943;365;6;0;0
6944;155;21;0;0
6945;290;5;0;1
6946;367;6;0;0
6947;130;1;0;0
6948;153;2;0;0
6949;213;2;0;1
6950;331;1;0;0
6951;173;1;1;0
6952;211;2;0;1
6953;324;0;0;0
6954;102;0;0;0
6955;277;4;1;0
6956;407;7;0;1
6957;493;29;0;0
6958;281;1;1;0
6959;391;5;0;1
6960;494;25;0;0
6961;217;0;0;0
6962;326;2;0;0
6963;462;2;0;1
6964;580;2;0;0
6965;738;2;0;0
6966;311;2;0;0
6967;389;6;0;1
6968;555;7;0;0
6969;721;2;0;0
6970;85;0;0;0
6971;130;8;0;0
6972;180;9;0;1
6973;280;11;0;0
6974;128;9;0;0
6975;180;11;0;1
6976;274;13;0;0
6977;119;0;0;0
6978;204;11;1;0
6979;276;4;0;1
6980;454;8;0;0
6981;206;6;1;0
6982;269;4;0;1
6983;451;6;0;0
6984;93;0;0;0
6985;148;8;0;0
6986;239;15;0;1
6987;326;14;0;0
6988;384;22;0;0
6989;84;6;0;0
6990;214;9;0;1
6991;323;9;0;0
6992;370;14;0;0
6993;99;0;0;0
6994;345;6;0;0
6995;412;4;0;1
6996;620;3;0;0
6997;635;16;0;0
6998;264;3;0;0
6999;362;4;0;1
7000;519;3;0;0
7001;583;5;0;0
7002;84;0;0;0
7003;166;1;0;0
7004;222;8;0;1
7005;302;18;0;0
7006;159;2;0;0
7007;231;9;0;1
7008;291;16;0;0
7009;178;1;0;0
7010;210;12;1;0
7011;341;16;0;1
7012;444;10;0;0
7013;232;5;1;0
7014;326;12;0;1
7015;440;5;0;0
7016;136;1;0;0
7017;258;23;0;0
7018;371;25;0;1
7019;504;30;0;0
7020;247;24;0;0
7021;340;28;0;1
7022;504;34;0;0
7023;91;10;0;0
7024;153;15;0;0
7025;221;21;0;1
7026;305;32;0;0
7027;157;16;0;0
7028;227;21;0;1
7029;353;22;0;0
7030;115;0;0;0
7031;213;9;1;0
7032;321;14;0;1
7033;471;15;0;0
7034;212;9;1;0
7035;318;14;0;1
7036;464;12;0;0
7037;118;2;0;0
7038;147;6;0;0
7039;233;10;0;1
7040;280;10;0;0
7041;192;6;0;0
7042;235;11;0;1
7043;290;11;0;0
7044;78;6;0;0
7045;113;5;0;0
7046;164;5;1;1
7047;211;16;0;0
7048;107;4;0;0
7049;162;7;1;1
7050;192;12;0;0
7051;141;6;0;0
7052;275;44;0;0
7053;440;29;0;1
7054;754;21;0;0
7055;829;34;0;0
7056;264;43;0;0
7057;427;30;0;1
7058;670;30;0;0
7059;729;38;0;0
7060;65;8;0;0
7061;140;10;0;0
7062;272;16;0;1
7063;402;18;0;0
7064;467;1;0;0
7065;105;11;0;0
7066;268;12;0;1
7067;361;15;0;0
7068;404;19;0;0
7069;122;7;0;0
7070;242;20;0;0
7071;390;20;0;1
7072;613;34;0;0
7073;246;25;0;0
7074;372;35;0;1
7075;579;28;0;0
7076;82;0;0;0
7077;115;0;0;0
7078;237;0;0;1
7079;324;0;0;0
7080;239;30;0;260
7081;158;1;0;0
7082;260;14;0;1
7083;347;19;0;0
7084;255;26;0;520
7085;120;9;0;0
7086;204;20;1;0
7087;303;35;0;1
7088;447;14;0;0
7089;200;20;1;0
7090;300;34;0;1
7091;426;14;0;0
7092;153;7;0;0
7093;274;23;0;0
7094;383;27;0;1
7095;557;24;0;0
7096;272;23;0;0
7097;376;27;0;1
7098;527;18;0;0
7099;124;1;0;0
7100;175;16;1;0
7101;247;19;0;1
7102;351;26;0;0
7103;201;7;0;0
7104;252;16;0;1
7105;355;19;0;0
7106;125;22;0;0
7107;212;27;0;0
7108;361;24;0;1
7109;488;28;0;0
7110;220;29;0;0
7111;347;24;0;1
7112;462;25;0;0
7113;196;45;0;0
7114;368;64;0;0
7115;554;60;0;1
7116;741;53;0;0
7117;839;32;1;0
7118;353;58;0;0
7119;522;64;0;1
7120;719;53;0;0
7121;805;25;1;0
7122;70;1;0;0
7123;88;16;0;0
7124;315;16;0;1
7125;376;20;0;0
7126;137;12;1;0
7127;225;13;0;1
7128;392;7;0;0
7129;85;0;0;0
7130;132;23;0;0
7131;194;26;0;1
7132;246;7;0;0
7133;131;23;0;0
7134;187;26;0;1
7135;242;10;0;0
7136;166;17;0;0
7137;292;28;0;0
7138;426;24;0;1
7139;541;24;0;0
7140;274;27;0;0
7141;414;21;0;1
7142;522;22;0;0
7143;123;21;0;0
7144;263;43;0;0
7145;443;65;0;1
7146;688;24;0;0
7147;243;54;0;0
7148;409;62;0;1
7149;675;19;0;0
7150;207;1;0;0
7151;357;15;0;0
7152;525;5;0;1
7153;801;11;0;0
7154;345;10;0;0
7155;471;25;0;1
7156;726;8;0;0
7157;135;15;0;0
7158;220;23;1;0
7159;391;18;0;1
7160;527;15;0;0
7161;215;25;1;0
7162;368;29;0;1
7163;503;23;0;0
7164;90;6;0;0
7165;114;18;0;0
7166;195;17;0;1
7167;264;26;0;0
7168;114;18;0;0
7169;195;17;0;1
7170;271;25;0;0
7171;139;8;0;0
7172;205;6;0;0
7173;343;9;0;1
7174;506;6;0;0
7175;205;5;0;0
7176;328;7;0;1
7177;434;7;0;0
7178;126;0;0;0
7179;172;21;1;0
7180;278;10;0;1
7181;436;18;0;0
7182;172;16;1;0
7183;283;11;0;1
7184;413;17;0;0
7185;89;4;0;0
7186;132;8;0;0
7187;253;7;0;1
7188;358;20;0;0
7189;536;9;0;0
7190;154;23;1;0
7191;211;14;0;1
7192;361;21;0;0
7193;426;27;0;0
7194;102;14;0;0
7195;247;13;0;0
7196;351;21;0;1
7197;478;12;0;0
7198;228;25;0;0
7199;338;23;0;1
7200;485;29;0;0
7201;118;7;0;0
7202;203;8;0;0
7203;361;7;0;1
7204;610;22;0;0
7205;194;6;0;0
7206;365;6;0;1
7207;557;10;0;0
7208;126;12;0;0
7209;239;13;0;0
7210;414;11;0;1
7211;548;30;0;0
7212;233;5;0;0
7213;405;8;0;1
7214;525;25;0;0
7215;76;15;0;0
7216;170;10;0;0
7217;269;10;0;1
7218;441;5;0;0
7219;171;10;0;0
7220;263;10;0;1
7221;432;6;0;0
7222;123;0;0;0
7223;198;9;1;0
7224;311;22;0;1
7225;525;7;0;0
7226;204;9;1;0
7227;310;22;0;1
7228;522;7;0;0
7229;101;2;0;0
7230;153;8;0;0
7231;350;10;0;1
7232;523;12;0;0
7233;146;7;0;0
7234;335;12;0;1
7235;494;11;0;0
7236;172;1;0;0
7237;287;46;0;0
7238;526;9;0;1
7239;713;39;0;0
7240;871;8;0;0
7241;317;5;0;0
7242;468;8;0;1
7243;714;21;0;0
7244;834;8;0;0
7245;116;8;0;0
7246;280;11;0;0
7247;391;20;0;1
7248;499;22;0;0
7249;266;11;0;0
7250;377;20;0;1
7251;488;19;0;0
7252;84;0;0;0
7253;210;4;1;0
7254;293;10;0;1
7255;385;24;0;0
7256;224;6;1;0
7257;310;10;0;1
7258;392;7;0;0
7259;105;0;0;0
7260;251;9;0;0
7261;340;21;0;1
7262;527;27;0;0
7263;219;8;0;0
7264;320;26;0;1
7265;518;18;0;0
7266;136;2;0;0
7267;198;19;1;0
7268;275;28;0;1
7269;490;13;0;0
7270;188;22;1;0
7271;293;14;0;1
7272;477;16;0;0
7273;131;12;0;0
7274;225;34;0;0
7275;337;32;0;1
7276;477;35;0;0
7277;220;37;0;0
7278;330;32;0;1
7279;432;42;0;0
7280;150;15;0;0
7281;252;32;0;0
7282;394;19;0;1
7283;642;19;0;0
7284;257;26;0;0
7285;394;18;0;1
7286;574;17;0;0
7287;129;1;0;0
7288;211;20;0;0
7289;358;18;0;1
7290;531;29;0;0
7291;707;26;0;0
7292;207;23;0;0
7293;328;30;0;1
7294;543;7;0;0
7295;668;15;0;0
7296;157;3;0;0
7297;242;20;0;0
7298;391;25;0;1
7299;481;28;0;0
7300;223;5;0;0
7301;381;18;0;1
7302;451;23;0;0
7303;156;1;0;0
7304;284;8;0;0
7305;372;14;0;1
7306;539;24;0;0
7307;287;8;0;0
7308;373;14;0;1
7309;532;24;0;0
7310;172;0;0;0
7311;231;4;1;0
7312;363;4;0;1
7313;544;4;0;0
7314;193;7;0;0
7315;353;4;0;1
7316;499;4;0;0
7317;98;12;0;0
7318;204;14;0;0
7319;402;9;0;1
7320;585;7;0;0
7321;182;26;1;0
7322;379;6;0;1
7323;567;5;0;0
7324;90;0;0;0
7325;198;11;0;0
7326;294;21;0;1
7327;387;22;0;0
7328;255;20;0;332
7329;187;9;0;0
7330;293;13;0;1
7331;382;16;0;0
7332;243;31;0;496
7333;110;2;0;0
7334;141;4;1;0
7335;249;4;0;1
7336;324;2;0;0
7337;158;12;0;0
7338;225;11;0;1
7339;319;26;0;0
7340;105;4;0;0
7341;165;9;0;0
7342;345;11;0;1
7343;639;5;0;0
7344;165;9;0;0
7345;345;9;0;1
7346;596;4;0;0
7347;120;7;0;0
7348;184;17;0;0
7349;283;33;0;1
7350;419;42;0;0
7351;184;18;0;0
7352;283;17;0;1
7353;422;21;0;0
7354;102;7;0;0
7355;151;16;0;0
7356;238;15;0;1
7357;316;11;0;0
7358;164;15;0;0
7359;232;14;0;1
7360;325;8;0;0
7361;59;0;0;0
7362;102;0;0;0
7363;189;1;0;1
7364;273;1;0;0
7365;302;17;0;0
7366;110;8;0;0
7367;187;5;0;1
7368;244;14;0;0
7369;210;26;0;0
7370;150;9;0;0
7371;272;8;0;0
7372;420;10;0;1
7373;634;1;0;0
7374;230;11;1;0
7375;338;32;0;1
7376;604;6;0;0
7377;167;18;3;0
7378;235;39;1;0
7379;338;34;1;1
7380;505;21;1;0
7381;224;33;1;0
7382;321;33;3;1
7383;466;24;0;0
7384;163;5;0;0
7385;298;6;0;0
7386;431;6;0;1
7387;598;6;0;0
7388;289;8;0;0
7389;404;6;0;1
7390;578;6;0;0
7391;141;6;0;0
7392;210;39;0;0
7393;396;10;0;1
7394;625;13;0;0
7395;218;26;1;0
7396;394;10;0;1
7397;612;11;0;0
7398;136;2;0;0
7399;183;6;1;0
7400;312;12;0;1
7401;464;11;0;0
7402;181;8;1;0
7403;279;7;0;1
7404;451;6;0;0
7405;133;3;0;0
7406;293;20;0;0
7407;464;24;0;1
7408;632;34;0;0
7409;276;20;0;0
7410;402;52;0;1
7411;589;30;0;0
7412;126;11;0;0
7413;224;36;0;0
7414;390;21;0;1
7415;575;32;0;0
7416;207;41;0;0
7417;392;28;0;1
7418;569;35;0;0
7419;87;0;0;0
7420;111;10;0;0
7421;173;14;0;1
7422;243;28;0;0
7423;102;10;0;0
7424;177;6;0;1
7425;234;34;0;0
7426;149;3;0;0
7427;228;18;1;0
7428;306;20;0;1
7429;490;21;0;0
7430;217;15;1;0
7431;337;19;0;1
7432;496;21;0;0
7433;102;2;0;0
7434;180;24;1;0
7435;245;21;0;1
7436;327;22;0;0
7437;405;51;0;0
7438;160;22;0;0
7439;221;28;0;1
7440;326;19;0;0
7441;389;53;0;0
7442;77;1;0;0
7443;189;0;0;0
7444;220;0;0;1
7445;273;0;0;0
7446;182;0;0;0
7447;210;0;0;1
7448;260;0;0;0
7449;358;0;0;0
7450;406;0;1;1
7451;546;0;0;0
7452;346;0;0;0
7453;189;0;0;0
7454;220;0;1;1
7455;272;0;0;0
7456;50;0;0;0
7457;98;0;0;0
7458;183;0;1;1
7459;243;0;0;0
7460;305;0;0;0
7461;124;0;0;0
7462;189;0;0;1
7463;206;0;0;0
7464;292;0;0;0
7465;199;0;0;0
7466;358;0;0;1
7467;477;0;0;0
7468;304;0;0;0
7469;97;1;0;0
7470;182;0;0;1
7471;220;0;1;0
7472;78;0;0;0
7473;103;0;0;0
7474;160;0;0;1
7475;219;0;0;0
7476;240;8;0;112
7477;122;0;0;0
7478;176;0;0;1
7479;220;0;0;0
7480;236;8;0;224
7481;185;0;0;0
7482;318;0;0;1
7483;428;0;1;0
7484;310;0;0;0
7485;104;0;0;0
7486;158;0;0;1
7487;208;0;1;0
7488;76;0;0;0
7489;154;0;0;0
7490;180;0;1;1
7491;248;0;0;0
7492;333;0;0;0
7493;165;0;0;0
7494;192;0;1;1
7495;211;0;0;0
7496;272;0;0;0
7497;296;1;0;0
7498;324;0;0;1
7499;488;0;0;0
7500;348;0;0;0
7501;150;1;0;0
7502;180;0;0;1
7503;232;0;1;0
7504;102;1;0;0
7505;172;0;1;0
7506;221;0;1;1
7507;265;0;0;0
7508;296;0;0;0
7509;174;0;1;0
7510;252;0;0;1
7511;266;0;0;0
7512;241;8;0;0
7513;312;0;0;0
7514;402;0;0;1
7515;530;0;1;0
7516;384;0;1;0
7517;168;0;0;0
7518;221;0;0;1
7519;260;0;0;0
7520;103;0;0;0
7521;182;0;1;0
7522;221;0;0;1
7523;245;0;0;0
7524;340;0;0;0
7525;187;0;1;0
7526;223;0;0;1
7527;249;0;0;0
7528;346;0;0;0
7529;322;0;0;0
7530;400;0;1;1
7531;470;0;0;0
7532;356;0;0;0
7533;175;0;0;0
7534;217;0;1;1
7535;242;0;0;0
7536;88;0;0;0
7537;167;0;0;0
7538;230;0;0;1
7539;268;0;0;0
7540;296;0;0;0
7541;183;0;0;0
7542;265;0;0;1
7543;194;0;0;0
7544;245;0;0;0
7545;320;0;0;0
7546;460;0;1;1
7547;536;0;0;0
7548;332;0;0;0
7549;167;0;0;0
7550;230;0;1;1
7551;268;0;0;0
7552;65;0;0;0
7553;113;0;0;0
7554;143;0;1;1
7555;172;0;0;0
7556;137;0;1;0
7557;170;0;0;1
7558;151;23;0;0
7559;91;1;0;0
7560;223;0;1;0
7561;225;0;0;1
7562;284;0;0;0
7563;222;0;0;0
7564;286;0;0;1
7565;290;8;0;0
7566;86;0;0;0
7567;188;0;0;0
7568;195;0;0;1
7569;289;0;0;0
7570;280;16;0;0
7571;175;0;0;0
7572;190;0;0;1
7573;232;0;0;0
7574;283;22;0;0
7575;362;0;0;0
7576;361;0;0;1
7577;578;0;0;0
7578;312;0;0;0
7579;188;1;0;0
7580;195;0;0;1
7581;289;0;1;0
7582;70;0;0;0
7583;164;0;1;0
7584;189;0;0;1
7585;217;0;0;0
7586;162;0;0;0
7587;187;0;0;1
7588;219;0;0;0
7589;304;0;1;0
7590;346;0;0;1
7591;434;0;0;0
7592;286;0;0;0
7593;162;0;1;0
7594;189;0;0;1
7595;221;0;0;0
7596;84;0;0;0
7597;182;0;0;0
7598;193;0;0;1
7599;225;0;0;0
7600;340;5;0;0
7601;181;0;0;0
7602;194;0;0;1
7603;240;0;0;0
7604;339;1;0;0
7605;343;0;0;0
7606;357;0;1;1
7607;450;0;0;0
7608;284;1;0;0
7609;182;0;0;0
7610;193;0;1;1
7611;239;0;0;0
7612;97;0;0;0
7613;188;0;0;0
7614;206;0;0;1
7615;258;0;0;0
7616;227;10;0;116
7617;188;0;0;0
7618;213;0;0;1
7619;263;0;0;0
7620;193;22;0;232
7621;338;0;0;0
7622;378;0;1;1
7623;480;0;0;0
7624;312;0;0;0
7625;188;0;0;0
7626;206;0;1;1
7627;258;0;0;0
7628;150;0;0;0
7629;305;0;0;0
7630;337;0;0;1
7631;396;0;0;0
7632;329;0;0;0
7633;357;0;0;1
7634;409;0;0;0
7635;546;0;1;0
7636;610;0;0;1
7637;704;0;0;0
7638;488;0;0;0
7639;305;0;1;0
7640;337;0;0;1
7641;396;0;0;0
7642;145;0;0;0
7643;280;0;0;0
7644;318;0;0;1
7645;342;0;0;0
7646;308;0;0;0
7647;358;0;0;1
7648;434;0;0;0
7649;480;0;0;0
7650;544;0;0;1
7651;579;0;0;0
7652;73;1;0;0
7653;130;0;0;0
7654;155;0;1;1
7655;209;0;0;0
7656;137;0;1;0
7657;150;0;0;1
7658;185;0;0;0
7659;229;1;0;0
7660;276;0;0;1
7661;402;0;1;0
7662;258;1;0;0
7663;128;1;0;0
7664;155;0;0;1
7665;209;0;1;0
7666;71;0;0;0
7667;155;0;1;0
7668;180;0;0;1
7669;213;0;0;0
7670;251;13;0;0
7671;149;0;0;0
7672;185;0;0;1
7673;200;0;0;0
7674;269;8;0;0
7675;292;0;0;0
7676;330;0;0;1
7677;404;0;1;0
7678;247;0;0;0
7679;150;0;0;0
7680;179;0;1;1
7681;210;0;1;0
7682;70;0;0;0
7683;161;0;1;0
7684;195;0;0;1
7685;240;0;0;0
7686;195;10;0;104
7687;175;0;1;0
7688;202;0;0;1
7689;186;0;0;0
7690;173;21;0;208
7691;283;1;0;0
7692;351;0;0;1
7693;441;0;1;0
7694;298;0;0;0
7695;160;0;0;0
7696;195;0;0;1
7697;234;0;1;0
7698;93;0;0;0
7699;205;0;0;0
7700;233;0;0;1
7701;267;0;0;0
7702;212;0;0;0
7703;243;0;0;1
7704;261;0;0;0
7705;386;0;1;0
7706;410;0;0;1
7707;496;0;0;0
7708;358;0;1;0
7709;205;0;1;0
7710;233;0;0;1
7711;267;0;0;0
7712;110;1;0;0
7713;184;0;0;0
7714;217;0;0;1
7715;277;0;0;0
7716;343;0;0;0
7717;198;0;0;0
7718;207;0;0;1
7719;259;0;0;0
7720;329;0;0;0
7721;324;0;0;0
7722;372;0;1;1
7723;536;0;0;0
7724;348;0;0;0
7725;184;0;0;0
7726;217;0;1;1
7727;277;0;0;0
7728;82;0;0;0
7729;104;0;0;0
7730;151;0;0;1
7731;176;0;0;0
7732;106;0;0;0
7733;141;0;0;1
7734;174;0;0;0
7735;244;0;0;0
7736;102;0;1;0
7737;151;0;0;1
7738;175;0;0;0
7739;109;0;0;0
7740;258;0;0;0
7741;301;0;0;1
7742;430;0;0;0
7743;272;0;0;0
7744;300;0;0;1
7745;405;0;0;0
7746;416;0;0;0
7747;244;0;0;0
7748;301;0;1;1
7749;438;0;0;0
7750;114;6;0;0
7751;192;0;0;0
7752;248;0;0;1
7753;300;0;0;0
7754;185;0;0;0
7755;224;0;0;1
7756;299;0;0;0
7757;352;0;0;0
7758;190;0;1;0
7759;248;0;0;1
7760;297;0;0;0
7761;129;0;0;0
7762;235;0;1;0
7763;295;0;0;1
7764;385;0;0;0
7765;413;0;0;0
7766;250;0;1;0
7767;295;0;0;1
7768;351;0;0;0
7769;444;0;0;0
7770;530;0;0;0
7771;218;0;1;0
7772;286;0;0;1
7773;382;0;0;0
7774;143;0;0;0
7775;206;0;1;1
7776;325;0;0;0
7777;194;0;0;0
7778;215;0;0;1
7779;319;0;0;0
7780;116;0;0;0
7781;253;0;1;0
7782;328;0;0;1
7783;391;0;0;0
7784;219;0;0;0
7785;280;0;0;1
7786;385;0;0;0
7787;434;0;0;0
7788;237;0;1;0
7789;309;0;0;1
7790;391;0;0;0
7791;90;0;0;0
7792;156;0;1;0
7793;257;0;0;1
7794;315;0;0;0
7795;212;0;1;0
7796;226;0;0;1
7797;282;0;0;0
7798;360;0;0;0
7799;132;0;1;0
7800;237;0;0;1
7801;288;0;0;0
7802;115;0;0;0
7803;243;0;0;0
7804;349;0;0;1
7805;450;0;0;0
7806;302;0;0;0
7807;326;0;0;1
7808;472;0;0;0
7809;462;0;0;0
7810;240;0;0;0
7811;343;0;0;1
7812;450;0;0;0
7813;123;0;0;0
7814;145;0;0;0
7815;165;0;0;1
7816;280;0;0;0
7817;344;0;0;0
7818;148;0;0;0
7819;217;0;0;1
7820;299;0;0;0
7821;324;0;0;0
7822;336;0;0;0
7823;139;0;0;0
7824;163;0;0;1
7825;281;0;0;0
7826;110;1;0;0
7827;241;0;1;0
7828;307;0;0;1
7829;417;0;0;0
7830;397;7;0;0
7831;258;0;1;0
7832;292;0;0;1
7833;353;0;0;0
7834;352;0;0;0
7835;384;0;1;0
7836;230;0;0;0
7837;297;0;0;1
7838;406;0;0;0
7839;111;0;0;0
7840;263;0;1;0
7841;338;0;0;1
7842;411;0;0;0
7843;272;0;0;0
7844;292;0;0;1
7845;414;0;0;0
7846;460;0;0;0
7847;239;0;0;0
7848;332;0;1;1
7849;392;0;0;0
7850;110;0;0;0
7851;212;0;1;0
7852;284;0;0;1
7853;333;0;0;0
7854;215;0;0;0
7855;248;0;0;1
7856;285;0;0;0
7857;307;0;0;0
7858;352;0;0;0
7859;209;0;1;0
7860;282;0;0;1
7861;316;0;0;0
7862;234;0;1;0
7863;322;0;0;1
7864;373;0;0;0
7865;395;0;0;0
7866;217;0;0;0
7867;328;0;0;1
7868;335;0;0;0
7869;386;0;0;0
7870;436;0;0;0
7871;231;0;1;0
7872;318;0;0;1
7873;363;0;0;0
7874;121;0;0;0
7875;191;0;0;0
7876;260;0;0;1
7877;325;0;0;0
7878;243;0;0;0
7879;270;0;0;1
7880;362;0;0;0
7881;426;0;0;0
7882;190;0;1;0
7883;260;0;0;1
7884;315;0;0;0
7885;60;0;0;0
7886;171;0;1;0
7887;206;0;0;1
7888;281;0;0;0
7889;172;0;1;0
7890;207;0;0;1
7891;243;0;0;0
7892;342;0;0;0
7893;163;0;1;0
7894;203;0;0;1
7895;269;0;0;0
7896;87;1;0;0
7897;124;0;1;1
7898;223;0;0;0
7899;73;0;0;0
7900;124;0;1;1
7901;180;0;0;0
7902;305;0;0;0
7903;87;1;0;0
7904;123;0;1;1
7905;223;0;0;0
7906;110;1;0;0
7907;281;0;0;0
7908;341;0;0;1
7909;386;0;0;0
7910;283;0;0;0
7911;324;0;0;1
7912;372;0;0;0
7913;426;0;0;0
7914;274;0;0;0
7915;330;0;1;1
7916;376;0;0;0
7917;94;0;0;0
7918;156;0;1;0
7919;218;0;0;1
7920;257;0;0;0
7921;167;0;1;0
7922;210;0;0;1
7923;274;0;0;0
7924;342;0;0;0
7925;121;0;0;0
7926;178;0;1;1
7927;255;0;0;0
7928;178;0;1;0
7929;208;0;0;1
7930;265;0;0;0
7931;184;0;1;0
7932;219;0;0;1
7933;290;0;0;0
7934;322;0;0;0
7935;168;0;1;0
7936;208;0;0;1
7937;257;0;0;0
7938;108;0;0;0
7939;216;0;1;0
7940;275;0;0;1
7941;364;0;0;0
7942;220;0;1;0
7943;271;0;0;1
7944;388;0;0;0
7945;480;0;0;0
7946;208;0;1;0
7947;253;0;0;1
7948;343;0;0;0
7949;153;0;0;0
7950;199;0;0;1
7951;254;0;0;0
7952;157;0;0;0
7953;196;0;0;1
7954;231;0;0;0
7955;336;0;0;0
7956;151;0;1;0
7957;196;0;0;1
7958;250;0;0;0
7959;51;0;0;0
7960;133;1;0;0
7961;242;0;0;1
7962;319;0;0;0
7963;118;0;0;0
7964;141;0;0;1
7965;247;0;0;0
7966;314;0;0;0
7967;128;0;0;0
7968;239;0;0;1
7969;319;0;0;0
7970;66;0;0;0
7971;127;0;0;0
7972;156;0;0;1
7973;195;0;0;0
7974;123;0;0;0
7975;175;0;0;1
7976;173;0;0;0
7977;238;0;0;0
7978;118;0;0;0
7979;145;0;0;1
7980;186;0;1;0
7981;126;0;0;0
7982;260;0;1;0
7983;279;0;0;1
7984;330;0;0;0
7985;183;0;0;0
7986;293;0;0;1
7987;421;0;0;0
7988;520;0;0;0
7989;260;0;0;0
7990;280;0;1;1
7991;330;0;0;0
7992;79;0;0;0
7993;115;0;0;0
7994;158;0;0;1
7995;198;0;0;0
7996;120;0;0;0
7997;135;0;0;1
7998;169;0;0;0
7999;220;0;0;0
8000;98;0;0;0
8001;154;0;0;1
8002;198;0;0;0
8003;104;0;0;0
8004;227;0;1;0
8005;278;0;0;1
8006;369;0;0;0
8007;238;0;0;0
8008;285;0;0;1
8009;376;0;0;0
8010;430;0;0;0
8011;194;0;0;0
8012;246;0;1;1
8013;356;0;0;0
8014;144;0;1;0
8015;179;0;0;1
8016;243;0;0;0
8017;142;0;1;0
8018;194;0;0;1
8019;256;0;0;0
8020;316;0;0;0
8021;144;0;0;0
8022;176;0;0;1
8023;241;0;0;0
8024;142;0;1;0
8025;184;0;0;1
8026;273;0;0;0
8027;141;0;1;0
8028;211;0;0;1
8029;258;0;0;0
8030;343;0;0;0
8031;129;0;0;0
8032;161;0;1;1
8033;250;0;0;0
8034;156;0;0;0
8035;204;0;0;1
8036;321;0;0;0
8037;318;0;0;0
8038;155;0;1;0
8039;221;0;0;1
8040;252;0;0;0
8041;344;0;0;0
8042;144;0;0;0
8043;198;0;0;1
8044;300;0;0;0
8045;117;0;0;0
8046;325;0;0;0
8047;361;0;0;1
8048;448;0;0;0
8049;306;0;0;0
8050;378;0;0;1
8051;433;0;0;0
8052;512;0;0;0
8053;322;0;1;0
8054;360;0;0;1
8055;448;0;0;0
8056;80;0;0;0
8057;187;0;1;0
8058;255;0;0;1
8059;321;0;0;0
8060;192;0;0;0
8061;204;0;0;1
8062;303;0;0;0
8063;342;0;0;0
8064;180;0;1;0
8065;253;0;0;1
8066;313;0;0;0
8067;93;1;0;0
8068;117;0;0;0
8069;222;0;0;1
8070;280;0;0;0
8071;178;0;0;0
8072;217;0;0;1
8073;293;0;0;0
8074;380;0;0;0
8075;117;1;0;0
8076;220;0;1;1
8077;278;0;0;0
8078;57;0;0;0
8079;127;2;1;0
8080;164;2;0;1
8081;215;1;3;0
8082;121;2;1;0
8083;145;2;2;1
8084;230;0;1;0
8085;161;0;0;0
8086;256;0;0;1
8087;355;0;0;0
8088;159;0;1;0
8089;268;0;0;1
8090;341;0;0;0
8091;328;0;0;0
8092;140;0;0;0
8093;214;0;0;1
8094;254;0;0;0
8095;81;0;0;0
8096;165;0;1;0
8097;276;0;0;1
8098;299;0;0;0
8099;226;0;0;0
8100;291;0;0;1
8101;354;0;0;0
8102;402;0;0;0
8103;165;0;1;0
8104;276;0;0;1
8105;300;0;0;0
8106;91;0;0;0
8107;155;0;0;0
8108;185;0;0;1
8109;292;0;0;0
8110;149;0;0;0
8111;193;0;0;1
8112;209;0;0;0
8113;328;0;0;0
8114;104;0;0;0
8115;210;0;0;1
8116;250;0;0;0
8117;118;0;0;0
8118;176;0;1;0
8119;255;0;0;1
8120;265;0;0;0
8121;301;0;0;0
8122;177;0;0;0
8123;218;0;0;1
8124;271;0;0;0
8125;308;0;0;0
8126;376;0;0;0
8127;160;0;0;0
8128;235;0;0;1
8129;262;0;0;0
8130;96;0;0;0
8131;184;0;1;0
8132;219;0;0;1
8133;281;0;0;0
8134;211;0;0;0
8135;232;0;0;1
8136;264;0;0;0
8137;330;0;0;0
8138;173;0;1;0
8139;229;0;0;1
8140;274;0;0;0
8141;56;0;0;0
8142;121;0;1;1
8143;178;0;0;0
8144;273;0;0;0
8145;106;1;0;0
8146;164;0;1;1
8147;178;0;0;0
8148;279;0;0;0
8149;274;0;0;0
8150;69;0;0;0
8151;156;0;1;1
8152;191;0;0;0
8153;91;1;0;0
8154;161;0;0;0
8155;257;0;0;1
8156;291;0;0;0
8157;180;0;0;0
8158;247;0;0;1
8159;306;0;0;0
8160;290;0;0;0
8161;179;0;0;0
8162;247;0;1;1
8163;304;0;0;0
8164;59;0;0;0
8165;131;0;0;1
8166;239;0;0;0
8167;60;0;0;0
8168;161;0;0;1
8169;261;0;0;0
8170;296;0;0;0
8171;59;0;0;0
8172;132;0;0;1
8173;238;0;0;0
8174;115;1;0;0
8175;193;0;0;0
8176;239;0;0;1
8177;341;0;0;0
8178;198;0;0;0
8179;243;0;0;1
8180;315;0;0;0
8181;346;0;1;0
8182;198;0;0;0
8183;241;0;0;1
8184;345;0;0;0
8185;361;8;0;0
8186;57;0;0;0
8187;63;0;0;0
8188;110;0;0;1
8189;166;0;0;0
8190;80;1;0;0
8191;114;0;0;1
8192;183;0;0;0
8193;292;0;0;0
8194;63;0;0;0
8195;97;1;0;1
8196;165;0;0;0
8197;193;0;1;0
8198;254;0;0;1
8199;338;0;0;0
8200;168;0;1;0
8201;270;0;0;1
8202;290;0;0;0
8203;360;0;0;0
8204;168;0;1;0
8205;269;0;0;1
8206;290;0;0;0
8207;125;1;0;0
8208;183;0;0;0
8209;252;0;0;1
8210;324;0;0;0
8211;192;0;0;0
8212;253;0;0;1
8213;334;0;0;0
8214;376;0;0;0
8215;182;0;0;0
8216;276;0;1;1
8217;335;0;0;0
8218;97;1;0;0
8219;172;0;0;0
8220;253;0;1;1
8221;373;0;0;0
8222;186;0;0;0
8223;243;0;1;1
8224;332;0;0;0
8225;496;0;0;0
8226;172;1;0;0
8227;253;0;0;1
8228;377;0;0;0
8229;169;1;0;0
8230;251;0;0;1
8231;334;0;0;0
8232;107;1;0;0
8233;203;0;1;0
8234;254;0;0;1
8235;311;0;0;0
8236;200;0;1;0
8237;234;0;0;1
8238;265;0;0;0
8239;362;0;0;0
8240;191;0;0;0
8241;254;0;1;1
8242;306;0;0;0
8243;92;0;0;0
8244;241;0;1;1
8245;304;0;0;0
8246;191;0;1;0
8247;281;0;0;1
8248;386;0;0;0
8249;216;0;1;0
8250;289;0;0;1
8251;372;0;0;0
8252;394;0;0;0
8253;203;0;1;0
8254;294;0;0;1
8255;385;0;0;0
8256;94;1;0;0
8257;172;0;0;0
8258;204;0;1;1
8259;228;0;0;0
8260;113;0;0;0
8261;174;0;0;1
8262;221;0;0;0
8263;298;0;0;0
8264;113;1;0;0
8265;174;0;0;1
8266;221;0;1;0
8267;102;0;0;0
8268;149;0;1;0
8269;203;0;0;1
8270;259;0;0;0
8271;162;0;1;0
8272;212;0;0;1
8273;234;0;0;0
8274;228;1;0;0
8275;156;0;1;0
8276;208;0;0;1
8277;254;0;0;0
8278;128;0;0;0
8279;240;0;0;0
8280;314;0;0;1
8281;454;0;0;0
8282;177;0;1;0
8283;310;0;0;1
8284;405;0;0;0
8285;532;0;0;0
8286;240;0;1;0
8287;314;0;0;1
8288;454;0;0;0
8289;236;0;0;0
8290;312;0;0;1
8291;393;0;0;0
8292;98;1;0;0
8293;160;0;0;1
8294;242;0;0;0
8295;120;0;0;0
8296;150;0;0;1
8297;223;0;0;0
8298;230;1;0;0
8299;104;0;0;0
8300;154;0;0;1
8301;256;0;0;0
8302;90;0;0;0
8303;125;0;0;0
8304;235;0;0;1
8305;356;0;0;0
8306;142;0;0;0
8307;229;0;0;1
8308;331;0;0;0
8309;370;0;0;0
8310;125;1;0;0
8311;235;0;1;1
8312;348;0;0;0
8313;231;0;1;0
8314;314;0;0;1
8315;441;0;0;0
8316;229;0;1;0
8317;309;0;0;1
8318;437;0;0;0
8319;452;0;0;0
8320;227;0;1;0
8321;308;0;0;1
8322;418;0;0;0
8323;154;0;0;0
8324;228;0;0;1
8325;285;0;0;0
8326;150;0;0;0
8327;197;0;1;1
8328;294;0;0;0
8329;256;0;0;0
8330;130;0;0;0
8331;219;0;0;1
8332;245;0;0;0
8333;88;1;0;0
8334;168;0;0;1
8335;214;0;0;0
8336;90;0;0;0
8337;158;0;0;1
8338;250;0;0;0
8339;304;0;1;0
8340;90;1;0;0
8341;159;0;0;1
8342;249;0;0;0
8343;126;0;0;0
8344;209;0;0;1
8345;332;0;0;0
8346;146;0;0;0
8347;205;0;0;1
8348;311;0;0;0
8349;450;0;0;0
8350;143;0;0;0
8351;230;0;0;1
8352;323;0;0;0
8353;167;0;1;0
8354;306;0;0;1
8355;344;0;0;0
8356;182;0;1;0
8357;254;0;0;1
8358;323;0;0;0
8359;386;0;0;0
8360;182;0;1;0
8361;245;0;0;1
8362;344;0;0;0
8363;107;1;0;0
8364;141;0;0;0
8365;233;0;0;1
8366;277;0;0;0
8367;166;0;0;0
8368;249;0;0;1
8369;311;0;0;0
8370;400;0;1;0
8371;143;1;0;0
8372;233;0;0;1
8373;277;0;0;0
8374;301;5;0;0
8375;105;0;0;0
8376;193;0;0;0
8377;232;0;0;1
8378;338;0;0;0
8379;198;0;0;0
8380;238;0;0;1
8381;343;0;0;0
8382;334;0;1;0
8383;198;0;0;0
8384;238;0;1;1
8385;346;0;0;0
8386;121;1;0;0
8387;211;0;0;0
8388;247;0;0;1
8389;301;0;0;0
8390;196;0;0;0
8391;255;0;0;1
8392;309;0;0;0
8393;410;0;0;0
8394;191;0;1;0
8395;265;0;0;1
8396;296;0;0;0
8397;134;0;0;0
8398;246;0;1;0
8399;281;0;0;1
8400;360;0;0;0
8401;158;0;0;0
8402;287;0;0;1
8403;303;0;0;0
8404;440;0;0;0
8405;252;0;0;0
8406;294;0;1;1
8407;374;0;0;0
8408;228;0;0;0
8409;279;0;1;1
8410;355;0;0;0
8411;212;0;1;0
8412;265;0;0;1
8413;374;0;0;0
8414;199;0;1;0
8415;263;0;0;1
8416;376;0;0;0
8417;352;0;0;0
8418;208;0;1;0
8419;266;0;0;1
8420;393;0;0;0
8421;79;13;0;0
8422;145;0;0;0
8423;192;0;0;1
8424;275;0;0;0
8425;134;0;1;0
8426;202;0;0;1
8427;244;0;0;0
8428;272;0;0;0
8429;134;0;0;0
8430;204;0;0;1
8431;246;0;0;0
8432;140;0;0;0
8433;130;0;0;0
8434;298;0;0;1
8435;320;0;0;0
8436;148;0;0;0
8437;244;0;0;1
8438;320;0;0;0
8439;457;0;0;0
8440;139;0;0;0
8441;223;0;0;1
8442;320;0;0;0
8443;104;1;0;0
8444;197;0;0;0
8445;272;0;0;1
8446;365;0;0;0
8447;190;0;0;0
8448;272;0;0;1
8449;361;0;0;0
8450;420;0;0;0
8451;197;0;0;0
8452;272;0;0;1
8453;368;0;0;0
8454;79;0;0;0
8455;121;0;0;0
8456;170;0;0;1
8457;221;0;0;0
8458;112;0;0;0
8459;154;0;0;1
8460;222;0;0;0
8461;258;1;0;0
8462;125;0;0;0
8463;182;0;0;1
8464;242;0;0;0
8465;112;0;0;0
8466;167;0;0;1
8467;219;0;0;0
8468;90;1;0;0
8469;155;0;0;1
8470;195;0;0;0
8471;75;1;0;0
8472;135;0;1;1
8473;203;0;0;0
8474;181;0;0;0
8475;70;1;0;0
8476;124;0;0;1
8477;202;0;0;0
8478;137;0;0;0
8479;208;0;0;0
8480;263;0;0;1
8481;347;0;0;0
8482;202;0;0;0
8483;244;0;0;1
8484;298;0;0;0
8485;414;0;1;0
8486;205;0;0;0
8487;259;0;1;1
8488;311;0;0;0
8489;78;0;0;0
8490;134;0;1;0
8491;200;0;0;1
8492;336;0;0;0
8493;147;0;1;0
8494;206;0;0;1
8495;333;0;0;0
8496;376;0;0;0
8497;147;0;1;0
8498;204;0;0;1
8499;333;0;0;0
8500;154;0;1;0
8501;236;0;0;1
8502;274;0;0;0
8503;165;0;1;0
8504;232;0;0;1
8505;261;0;0;0
8506;302;0;1;0
8507;158;0;1;0
8508;228;0;0;1
8509;261;0;0;0
8510;72;1;0;0
8511;134;0;0;0
8512;208;0;0;1
8513;275;0;0;0
8514;123;0;0;0
8515;203;0;0;1
8516;245;0;0;0
8517;282;0;0;0
8518;122;1;0;0
8519;203;0;0;1
8520;247;0;0;0
8521;95;1;0;0
8522;147;0;0;0
8523;209;0;0;1
8524;258;0;0;0
8525;148;0;1;0
8526;197;0;0;1
8527;245;0;0;0
8528;278;0;1;0
8529;149;0;0;0
8530;197;0;0;1
8531;245;0;0;0
8532;111;0;0;0
8533;157;0;0;0
8534;218;0;0;1
8535;273;0;0;0
8536;176;0;1;0
8537;225;0;0;1
8538;288;0;0;0
8539;392;0;0;0
8540;159;0;0;0
8541;228;0;0;1
8542;263;0;0;0
8543;97;0;0;0
8544;182;0;0;0
8545;282;0;0;1
8546;349;0;0;0
8547;189;0;1;0
8548;244;0;0;1
8549;285;0;0;0
8550;418;0;0;0
8551;172;0;0;0
8552;245;0;0;1
8553;284;0;0;0
8554;180;0;1;0
8555;263;0;0;1
8556;300;0;0;0
8557;189;0;1;0
8558;236;0;0;1
8559;319;0;0;0
8560;352;0;0;0
8561;181;0;1;0
8562;268;0;0;1
8563;338;0;0;0
8564;67;0;0;0
8565;95;1;0;0
8566;116;0;1;1
8567;210;0;0;0
8568;107;0;0;0
8569;153;0;0;1
8570;214;0;0;0
8571;217;0;0;0
8572;117;0;0;0
8573;143;0;0;1
8574;232;0;0;0
8575;61;1;0;0
8576;102;0;0;0
8577;172;0;0;1
8578;365;0;0;0
8579;118;0;0;0
8580;207;0;0;1
8581;270;0;0;0
8582;366;0;0;0
8583;105;1;0;0
8584;189;0;0;1
8585;286;0;0;0
8586;146;0;0;0
8587;309;0;0;0
8588;346;0;0;1
8589;419;0;0;0
8590;227;0;1;0
8591;311;0;0;1
8592;346;0;0;0
8593;534;0;0;0
8594;311;0;1;0
8595;353;0;0;1
8596;406;0;0;0
8597;307;0;0;0
8598;343;0;0;1
8599;397;0;0;0
8600;157;0;1;0
8601;194;0;0;1
8602;196;0;0;0
8603;172;0;1;0
8604;204;0;0;1
8605;238;0;0;0
8606;244;1;0;0
8607;153;0;1;0
8608;198;0;0;1
8609;196;0;0;0
8610;87;0;0;0
8611;155;0;1;0
8612;213;0;0;1
8613;359;0;0;0
8614;160;0;1;0
8615;206;0;0;1
8616;337;0;0;0
8617;352;0;0;0
8618;155;0;1;0
8619;211;0;0;1
8620;356;0;0;0
8621;76;1;0;0
8622;235;0;0;0
8623;244;0;0;1
8624;299;0;0;0
8625;177;0;0;0
8626;236;0;0;1
8627;305;0;0;0
8628;406;0;0;0
8629;225;0;0;0
8630;257;0;1;1
8631;305;0;0;0
8632;121;1;0;0
8633;238;0;1;1
8634;294;0;0;0
8635;121;0;0;0
8636;153;0;1;1
8637;247;0;0;0
8638;142;0;0;0
8639;183;0;0;1
8640;229;0;0;0
8641;306;0;0;0
8642;121;0;0;0
8643;153;0;0;1
8644;241;0;0;0
8645;186;0;1;0
8646;239;0;0;1
8647;308;0;0;0
8648;176;0;1;0
8649;265;0;0;1
8650;318;0;0;0
8651;422;0;0;0
8652;176;0;1;0
8653;265;0;0;1
8654;318;0;0;0
8655;84;1;0;0
8656;207;0;0;0
8657;243;0;0;1
8658;305;0;0;0
8659;165;0;0;0
8660;210;0;0;1
8661;272;0;0;0
8662;345;0;1;0
8663;213;0;1;0
8664;253;0;0;1
8665;314;0;0;0
8666;204;0;0;0
8667;241;0;0;1
8668;299;0;0;0
8669;90;1;0;0
8670;184;0;1;1
8671;194;0;0;0
8672;115;0;0;0
8673;175;0;0;1
8674;235;0;0;0
8675;304;0;1;0
8676;92;1;0;0
8677;204;0;1;1
8678;234;0;0;0
8679;119;0;0;0
8680;204;0;0;0
8681;300;0;0;1
8682;385;0;0;0
8683;240;0;0;0
8684;306;0;0;1
8685;369;0;0;0
8686;472;0;0;0
8687;229;0;0;0
8688;318;0;0;1
8689;350;0;0;0
8690;142;0;0;0
8691;198;0;0;1
8692;292;0;0;0
8693;155;0;0;0
8694;223;0;0;1
8695;299;0;0;0
8696;400;0;0;0
8697;142;0;0;0
8698;192;0;0;1
8699;288;0;0;0
8700;130;0;0;0
8701;153;0;1;0
8702;200;0;0;1
8703;247;0;0;0
8704;184;0;0;0
8705;244;0;0;1
8706;261;0;0;0
8707;288;0;0;0
8708;153;0;0;0
8709;200;0;0;1
8710;247;0;0;0
8711;124;0;0;0
8712;199;0;0;1
8713;225;0;0;0
8714;158;0;0;0
8715;200;0;0;1
8716;262;0;0;0
8717;168;0;0;0
8718;225;0;0;1
8719;295;0;0;0
8720;361;0;0;0
8721;148;0;0;0
8722;218;0;0;1
8723;361;0;0;0
8724;138;0;0;0
8725;206;0;0;1
8726;266;0;0;0
8727;122;0;0;0
8728;222;0;0;1
8729;253;0;0;0
8730;280;0;0;0
8731;121;0;0;0
8732;211;0;0;1
8733;246;0;0;0
8734;138;0;0;0
8735;257;0;0;1
8736;349;0;0;0
8737;193;0;1;0
8738;261;0;0;1
8739;306;0;0;0
8740;370;0;0;0
8741;164;0;1;0
8742;235;0;0;1
8743;343;0;0;0
8744;94;0;0;0
8745;150;0;0;0
8746;226;0;0;1
8747;328;0;0;0
8748;156;0;1;0
8749;224;0;0;1
8750;334;0;0;0
8751;320;0;0;0
8752;154;0;1;0
8753;223;0;0;1
8754;334;0;0;0
8755;91;0;0;0
8756;165;0;0;0
8757;247;0;0;1
8758;361;0;0;0
8759;165;0;0;0
8760;233;0;0;1
8761;329;0;0;0
8762;366;0;0;0
8763;175;0;0;0
8764;230;0;0;1
8765;306;0;0;0
8766;211;0;1;0
8767;313;0;0;1
8768;420;0;0;0
8769;190;0;1;0
8770;281;0;0;1
8771;424;0;0;0
8772;235;0;0;0
8773;315;0;0;1
8774;461;0;0;0
8775;143;0;0;0
8776;273;0;0;1
8777;399;0;0;0
8778;152;0;1;0
8779;237;0;0;1
8780;351;0;0;0
8781;396;0;0;0
8782;190;0;0;0
8783;275;0;0;1
8784;406;0;0;0
8785;140;0;0;0
8786;204;0;0;1
8787;297;0;0;0
8788;138;0;0;0
8789;200;0;0;1
8790;326;0;0;0
8791;392;0;0;0
8792;152;0;0;0
8793;218;0;0;1
8794;326;0;0;0
8795;170;0;0;0
8796;282;0;0;1
8797;371;0;0;0
8798;226;0;0;0
8799;309;0;0;1
8800;403;0;0;0
8801;516;0;0;0
8802;225;0;0;0
8803;301;0;0;1
8804;405;0;0;0
8805;118;0;0;0
8806;270;0;1;0
8807;293;0;0;1
8808;430;0;0;0
8809;248;0;1;0
8810;289;0;0;1
8811;396;0;0;0
8812;521;0;0;0
8813;247;0;1;0
8814;289;0;0;1
8815;416;0;0;0
8816;209;0;1;0
8817;262;0;0;1
8818;340;0;0;0
8819;214;0;1;0
8820;278;0;0;1
8821;318;0;0;0
8822;460;0;0;0
8823;225;0;1;0
8824;237;0;0;1
8825;316;0;0;0
8826;132;0;0;0
8827;209;0;1;0
8828;256;0;0;1
8829;404;0;0;0
8830;214;0;1;0
8831;254;0;0;1
8832;403;0;0;0
8833;382;0;0;0
8834;208;0;1;0
8835;277;0;0;1
8836;404;0;0;0
8837;76;0;0;0
8838;128;0;1;0
8839;257;0;0;1
8840;348;0;0;0
8841;147;0;0;0
8842;244;0;0;1
8843;341;0;0;0
8844;408;0;0;0
8845;152;0;1;0
8846;219;0;0;1
8847;340;0;0;0
8848;236;0;1;0
8849;305;0;0;1
8850;408;0;0;0
8851;264;0;1;0
8852;329;0;0;1
8853;399;0;0;0
8854;564;0;0;0
8855;269;0;1;0
8856;304;0;0;1
8857;381;0;0;0
8858;164;0;0;0
8859;238;0;0;1
8860;291;0;0;0
8861;172;0;0;0
8862;216;0;0;1
8863;267;0;0;0
8864;160;0;0;0
8865;219;0;0;1
8866;335;0;0;0
8867;105;1;0;0
8868;215;0;0;1
8869;270;0;0;0
8870;101;1;0;0
8871;209;0;1;1
8872;251;0;0;0
8873;140;2;1;0
8874;145;0;1;0
8875;285;0;3;1
8876;321;0;3;0
8877;152;1;0;0
8878;227;1;1;1
8879;326;1;2;0
8880;134;1;2;0
8881;171;3;1;0
8882;253;1;3;1
8883;313;2;2;0
8884;186;3;1;0
8885;254;0;3;1
8886;313;2;2;0
8887;171;0;0;0
8888;300;0;0;0
8889;376;0;0;1
8890;475;0;0;0
8891;311;0;0;0
8892;371;0;0;1
8893;473;0;0;0
8894;85;2;0;0
8895;122;0;0;0
8896;202;0;0;1
8897;310;0;0;0
8898;135;0;0;0
8899;214;0;0;1
8900;336;0;0;0
8901;458;2;5;0
8902;586;0;2;1
8903;769;1;1;0
8904;453;0;1;0
8905;519;2;3;1
8906;730;0;0;0
8907;111;1;1;0
8908;218;1;4;1
8909;255;3;3;0
8910;112;1;1;0
8911;214;1;1;1
8912;262;2;4;0
8913;128;2;2;0
8914;239;2;0;0
8915;297;2;2;1
8916;425;0;0;0
8917;234;1;1;0
8918;335;0;3;1
8919;398;2;3;0
8920;143;2;2;0
8921;255;0;2;0
8922;336;2;1;1
8923;471;1;0;0
8924;247;0;2;0
8925;330;0;1;1
8926;437;0;1;0
8927;123;4;0;0
8928;201;0;1;1
8929;251;0;4;0
8930;95;2;0;0
8931;232;0;2;1
8932;265;1;2;0
8933;123;0;0;0
8934;220;0;1;0
8935;292;0;0;1
8936;403;0;0;0
8937;204;0;1;0
8938;290;0;0;1
8939;360;0;0;0
8940;166;2;1;0
8941;192;1;1;0
8942;329;0;2;1
8943;412;1;0;0
8944;257;0;3;0
8945;333;0;4;1
8946;399;0;0;0
8947;368;1;1;0
8948;503;1;3;1
8949;700;1;2;0
8950;393;0;1;0
8951;534;2;3;1
8952;724;0;1;0
8953;137;0;2;0
8954;183;1;1;0
8955;251;2;0;1
8956;298;1;1;0
8957;213;3;1;0
8958;261;2;2;1
8959;318;2;2;0
8960;108;1;0;0
8961;181;1;1;0
8962;291;2;2;1
8963;355;1;0;0
8964;171;3;1;0
8965;248;0;1;1
8966;311;0;3;0
8967;112;0;1;0
8968;129;2;0;0
8969;275;1;0;1
8970;356;0;1;0
8971;138;2;0;0
8972;278;1;0;1
8973;371;0;1;0
8974;258;2;1;0
8975;594;1;4;1
8976;768;1;0;0
8977;269;3;3;0
8978;597;0;2;1
8979;729;0;1;0
8980;96;0;0;0
8981;154;0;0;0
8982;230;0;0;1
8983;317;0;0;0
8984;153;0;0;0
8985;270;0;0;1
8986;283;0;0;0
8987;154;0;0;0
8988;230;0;0;1
8989;321;0;0;0
8990;113;2;0;0
8991;194;2;3;0
8992;280;0;2;1
8993;377;0;1;0
8994;192;2;0;0
8995;287;1;1;1
8996;319;1;4;0
8997;116;1;0;0
8998;216;0;0;0
8999;284;0;0;1
9000;447;0;0;0
9001;223;0;1;0
9002;286;0;0;1
9003;364;0;0;0
9004;106;3;0;0
9005;139;4;3;0
9006;222;2;1;1
9007;276;2;3;0
9008;142;4;2;0
9009;206;2;0;1
9010;304;0;2;0
9011;147;3;1;0
9012;223;1;2;1
9013;317;2;2;0
9014;151;4;1;0
9015;233;1;1;1
9016;293;0;4;0
9017;110;1;2;0
9018;123;0;0;0
9019;229;1;0;1
9020;331;0;3;0
9021;157;2;0;0
9022;234;0;2;1
9023;299;2;2;0
9024;191;2;1;0
9025;248;1;1;1
9026;299;0;4;0
9027;179;2;1;0
9028;249;0;0;1
9029;298;1;2;0
9030;96;1;1;0
9031;175;2;1;0
9032;251;1;0;1
9033;323;0;2;0
9034;158;2;2;0
9035;242;0;0;1
9036;315;2;1;0
9037;209;0;1;0
9038;289;0;0;1
9039;418;0;0;0
9040;209;0;1;0
9041;291;0;0;1
9042;390;0;0;0
9043;69;0;1;0
9044;219;1;2;1
9045;278;1;3;0
9046;70;0;1;0
9047;215;1;1;1
9048;343;0;2;0
9049;273;3;1;0
9050;504;2;0;1
9051;585;2;5;0
9052;274;4;0;0
9053;458;0;3;1
9054;726;1;2;0
9055;123;1;4;0
9056;269;0;1;0
9057;345;4;2;1
9058;420;5;3;0
9059;402;1;0;0
9060;332;0;1;0
9061;337;9;1;1
9062;415;9;2;0
9063;412;0;2;0
9064;107;0;0;0
9065;178;2;2;0
9066;269;0;1;1
9067;370;1;2;0
9068;173;2;0;0
9069;259;0;2;1
9070;396;1;2;0
9071;42;0;0;0
9072;42;0;0;0
9073;130;0;0;1
9074;197;0;0;0
9075;48;0;0;0
9076;135;0;0;1
9077;198;0;0;0
9078;53;0;0;0
9079;132;1;0;1
9080;199;0;0;0
9081;176;3;0;0
9082;241;0;0;1
9083;317;1;2;0
9084;148;3;1;0
9085;216;2;2;1
9086;287;1;2;0
9087;152;4;0;0
9088;228;1;1;1
9089;338;3;3;0
9090;153;2;0;0
9091;245;2;2;1
9092;329;2;0;0
9093;73;1;0;0
9094;128;0;0;0
9095;190;0;0;1
9096;294;0;0;0
9097;128;0;0;0
9098;225;0;0;1
9099;269;0;0;0
9100;121;1;0;0
9101;201;0;1;0
9102;272;0;0;1
9103;322;0;0;0
9104;175;0;1;0
9105;259;0;0;1
9106;299;0;0;0
9107;203;0;0;0
9108;272;0;1;1
9109;321;0;1;0
9110;325;0;0;0
9111;134;0;0;0
9112;200;0;1;1
9113;240;0;0;0
9114;148;0;0;0
9115;182;0;1;1
9116;223;0;0;0
9117;288;0;0;0
9118;146;0;0;0
9119;182;0;1;1
9120;238;0;0;0
9121;102;2;1;0
9122;150;3;0;0
9123;199;0;2;1
9124;314;1;2;0
9125;154;2;1;0
9126;239;2;1;1
9127;321;1;1;0
9128;143;0;1;0
9129;220;1;1;1
9130;286;1;0;0
9131;155;2;1;0
9132;243;0;1;1
9133;327;1;3;0
9134;149;0;0;0
9135;226;0;0;1
9136;339;0;0;0
9137;132;1;0;0
9138;273;0;0;1
9139;304;0;0;0
9140;189;1;1;0
9141;267;1;2;1
9142;343;0;3;0
9143;172;4;2;0
9144;257;0;2;1
9145;336;1;0;0
9146;90;8;0;0
9147;125;28;1;0
9148;257;12;0;1
9149;378;11;0;0
9150;122;27;1;0
9151;252;12;0;1
9152;380;8;0;0
9153;111;10;0;0
9154;307;21;0;0
9155;473;26;0;0
9156;675;24;0;0
9157;840;30;0;0
9158;307;23;0;0
9159;411;29;0;0
9160;630;34;0;0
9161;792;31;0;0
9162;119;13;0;0
9163;202;12;0;0
9164;266;10;0;1
9165;367;15;0;0
9166;199;10;0;0
9167;253;10;0;1
9168;366;17;0;0
9169;163;6;0;0
9170;247;10;0;0
9171;344;6;0;1
9172;450;17;0;0
9173;483;27;0;0
9174;238;10;0;0
9175;343;6;0;1
9176;424;17;0;0
9177;497;19;0;0
9178;133;7;0;0
9179;199;14;0;0
9180;328;30;0;1
9181;485;37;0;0
9182;207;2;0;0
9183;328;28;0;1
9184;471;33;0;0
9185;112;2;0;0
9186;174;1;0;0
9187;295;4;0;1
9188;396;7;0;0
9189;188;1;0;0
9190;284;4;0;1
9191;400;6;0;0
9192;110;1;0;0
9193;195;4;1;0
9194;317;7;0;1
9195;462;5;0;0
9196;194;6;0;0
9197;321;6;0;1
9198;444;5;0;0
9199;126;7;0;0
9200;202;20;1;0
9201;420;8;0;1
9202;555;2;0;0
9203;224;14;1;0
9204;351;9;0;1
9205;539;4;0;0
9206;132;16;0;0
9207;268;14;0;0
9208;425;24;0;1
9209;666;19;0;0
9210;257;15;0;0
9211;406;22;0;1
9212;645;17;0;0
9213;124;7;0;0
9214;221;9;0;0
9215;293;17;0;1
9216;444;11;0;0
9217;217;9;0;0
9218;295;15;0;1
9219;416;11;0;0
9220;127;2;0;0
9221;251;0;0;0
9222;402;0;0;1
9223;598;10;0;0
9224;702;44;0;0
9225;226;0;0;0
9226;376;0;0;1
9227;543;10;0;0
9228;679;42;0;0
9229;81;25;0;0
9230;181;15;0;0
9231;269;49;0;1
9232;399;40;0;0
9233;178;15;0;0
9234;265;47;0;1
9235;391;40;0;0
9236;65;0;0;0
9237;136;0;0;0
9238;269;2;0;1
9239;390;2;0;0
9240;169;0;0;0
9241;282;2;0;1
9242;387;2;0;0
9243;135;9;0;0
9244;209;24;0;0
9245;358;7;0;1
9246;469;21;0;0
9247;212;15;0;0
9248;347;9;0;1
9249;468;24;0;0
9250;248;38;0;0
9251;373;26;0;0
9252;577;19;0;1
9253;793;54;0;0
9254;368;24;0;0
9255;582;17;0;1
9256;776;54;0;0
9257;88;6;0;0
9258;135;8;0;0
9259;240;5;0;1
9260;331;14;0;0
9261;143;7;0;0
9262;239;5;0;1
9263;322;15;0;0
9264;150;0;0;0
9265;359;7;0;0
9266;579;25;0;1
9267;768;21;0;0
9268;346;7;0;0
9269;561;16;0;1
9270;719;15;0;0
9271;121;3;0;0
9272;180;15;1;0
9273;257;39;0;1
9274;336;33;0;0
9275;177;0;1;0
9276;245;12;0;1
9277;323;23;0;0
9278;84;0;0;0
9279;188;7;0;0
9280;376;9;0;1
9281;525;20;0;0
9282;661;11;0;0
9283;195;8;0;0
9284;362;9;0;1
9285;509;19;0;0
9286;626;13;0;0
9287;171;31;0;0
9288;359;32;0;0
9289;543;26;0;1
9290;712;59;0;0
9291;349;25;0;0
9292;520;20;0;1
9293;686;56;0;0
9294;138;13;0;0
9295;252;19;0;0
9296;417;17;0;0
9297;596;12;0;0
9298;691;27;0;0
9299;241;17;0;0
9300;380;16;0;0
9301;553;11;0;0
9302;686;27;0;0
9303;75;10;0;0
9304;108;18;0;0
9305;196;25;0;1
9306;280;17;0;0
9307;426;20;0;0
9308;100;25;0;0
9309;191;25;0;1
9310;268;16;0;0
9311;417;8;0;0
9312;108;19;0;0
9313;246;25;0;0
9314;422;8;0;1
9315;601;9;0;0
9316;233;23;1;0
9317;401;11;0;1
9318;595;7;0;0
9319;82;39;0;0
9320;189;33;1;0
9321;290;62;0;1
9322;420;34;0;0
9323;634;21;0;0
9324;189;33;1;0
9325;290;62;0;1
9326;412;34;0;0
9327;633;20;0;0
9328;67;0;0;0
9329;148;2;0;0
9330;326;7;0;1
9331;526;7;0;0
9332;166;2;0;0
9333;291;15;0;1
9334;513;7;0;0
9335;138;8;0;0
9336;262;9;0;0
9337;408;34;0;1
9338;614;34;0;0
9339;713;77;0;0
9340;261;10;0;0
9341;412;20;0;1
9342;623;13;0;0
9343;689;59;0;0
9344;184;4;1;0
9345;309;9;0;0
9346;438;13;0;1
9347;612;10;0;0
9348;740;15;0;0
9349;301;10;0;0
9350;422;12;0;1
9351;579;10;0;0
9352;677;12;0;0
9353;99;14;0;0
9354;182;17;0;0
9355;311;10;0;1
9356;490;9;0;0
9357;177;17;0;0
9358;317;10;0;1
9359;479;9;0;0
9360;88;0;0;0
9361;172;9;0;0
9362;333;15;0;1
9363;433;25;0;0
9364;634;21;0;0
9365;164;10;0;0
9366;351;12;0;1
9367;431;24;0;0
9368;601;15;0;0
9369;75;0;0;0
9370;169;6;0;0
9371;245;12;0;1
9372;296;22;0;0
9373;171;6;0;0
9374;247;11;0;1
9375;284;22;0;0
9376;90;3;0;0
9377;157;8;1;0
9378;262;6;0;1
9379;386;4;0;0
9380;159;6;1;0
9381;258;2;0;1
9382;352;9;0;0
9383;209;0;1;0
9384;340;3;0;0
9385;501;4;0;1
9386;667;4;0;0
9387;773;50;0;0
9388;336;3;0;0
9389;489;2;0;1
9390;636;3;0;0
9391;751;33;0;0
9392;92;0;0;0
9393;143;18;0;0
9394;206;42;0;1
9395;387;28;0;0
9396;168;14;1;0
9397;213;36;0;1
9398;425;8;0;0
9399;83;8;0;0
9400;204;9;1;0
9401;317;5;0;1
9402;401;6;0;0
9403;203;3;1;0
9404;309;4;0;1
9405;392;6;0;0
9406;61;13;0;0
9407;136;26;0;0
9408;248;26;0;1
9409;311;50;0;0
9410;123;24;0;0
9411;240;23;0;1
9412;301;46;0;0
9413;98;3;0;0
9414;179;3;0;0
9415;302;14;0;1
9416;509;2;0;0
9417;182;3;1;0
9418;303;13;0;1
9419;480;2;0;0
9420;82;8;0;0
9421;151;17;1;0
9422;315;18;0;1
9423;531;17;0;0
9424;540;61;0;0
9425;199;16;0;0
9426;312;18;0;1
9427;529;17;0;0
9428;526;54;0;0
9429;279;16;0;0
9430;500;18;0;0
9431;630;24;0;1
9432;847;29;0;0
9433;1019;31;1;0
9434;480;17;0;0
9435;601;21;0;1
9436;772;28;0;0
9437;944;33;1;0
9438;131;6;0;0
9439;245;28;1;0
9440;377;12;0;1
9441;511;24;0;0
9442;264;12;1;0
9443;373;8;0;1
9444;474;30;0;0
9445;146;21;0;0
9446;249;20;0;0
9447;356;14;0;1
9448;471;11;0;0
9449;253;20;0;0
9450;355;18;0;1
9451;471;14;0;0
9452;96;0;0;0
9453;228;5;1;0
9454;336;9;0;1
9455;463;8;0;0
9456;207;4;1;0
9457;336;10;0;1
9458;459;6;0;0
9459;80;3;0;0
9460;205;20;0;0
9461;313;12;0;1
9462;402;12;0;0
9463;213;14;0;0
9464;300;17;0;1
9465;390;22;0;0
9466;87;3;0;0
9467;173;11;0;0
9468;342;8;0;1
9469;514;9;0;0
9470;600;13;0;0
9471;168;11;0;0
9472;336;7;0;1
9473;497;10;0;0
9474;593;13;0;0
9475;94;3;0;0
9476;164;4;1;0
9477;243;4;0;1
9478;405;6;0;0
9479;162;8;1;0
9480;253;4;0;1
9481;399;9;0;0
9482;89;0;0;0
9483;187;10;0;0
9484;255;9;0;1
9485;331;24;0;0
9486;197;6;0;0
9487;255;7;0;1
9488;331;11;0;0
9489;78;19;0;0
9490;208;18;0;0
9491;392;18;0;1
9492;528;16;0;0
9493;197;25;0;0
9494;368;22;0;1
9495;522;15;0;0
9496;142;1;0;0
9497;203;2;1;0
9498;355;4;0;1
9499;489;4;0;0
9500;218;1;0;0
9501;386;1;0;1
9502;470;2;0;0
9503;73;0;0;0
9504;169;4;0;0
9505;271;5;0;1
9506;356;5;0;0
9507;145;8;0;0
9508;251;8;0;1
9509;367;7;0;0
9510;68;0;0;0
9511;146;0;0;0
9512;254;2;0;1
9513;381;2;0;0
9514;141;0;0;0
9515;257;2;0;1
9516;373;2;0;0
9517;64;18;0;0
9518;133;15;0;0
9519;221;67;0;1
9520;339;14;0;0
9521;189;12;1;0
9522;268;2;0;1
9523;344;11;0;0
9524;111;1;0;0
9525;155;14;0;0
9526;266;11;0;1
9527;366;9;0;0
9528;160;12;0;0
9529;261;8;0;1
9530;366;7;0;0
9531;91;3;0;0
9532;126;4;0;0
9533;246;7;0;1
9534;358;5;0;0
9535;126;6;0;0
9536;238;6;0;1
9537;340;6;0;0
9538;94;21;0;0
9539;159;31;1;0
9540;217;27;0;1
9541;326;44;0;0
9542;157;20;0;0
9543;214;27;0;1
9544;321;44;0;0
9545;88;11;0;0
9546;298;11;0;0
9547;416;13;0;1
9548;553;12;0;0
9549;758;15;0;0
9550;382;13;0;0
9551;535;12;0;1
9552;600;14;0;0
9553;746;14;0;0
9554;100;14;0;0
9555;183;24;0;0
9556;296;20;0;1
9557;412;46;0;0
9558;198;24;0;0
9559;287;18;0;1
9560;396;19;0;0
9561;99;9;0;0
9562;172;8;0;0
9563;299;5;0;1
9564;386;4;0;0
9565;180;7;1;0
9566;293;4;0;1
9567;375;3;0;0
9568;106;22;0;0
9569;165;35;1;0
9570;357;30;0;1
9571;508;25;0;0
9572;158;31;1;0
9573;350;28;0;1
9574;512;17;0;0
9575;87;1;0;0
9576;131;1;0;0
9577;233;3;0;1
9578;394;8;0;0
9579;131;2;0;0
9580;229;2;0;1
9581;374;9;0;0
9582;98;18;0;0
9583;117;29;0;0
9584;245;24;0;1
9585;359;19;0;0
9586;117;29;0;0
9587;248;24;0;1
9588;359;15;0;0
9589;85;6;0;0
9590;169;10;0;0
9591;270;12;0;1
9592;366;16;0;0
9593;161;20;0;0
9594;293;22;0;1
9595;439;11;0;0
9596;76;17;0;0
9597;179;7;0;0
9598;382;22;0;1
9599;622;12;0;0
9600;171;10;0;0
9601;382;10;0;1
9602;580;12;0;0
9603;90;11;0;0
9604;129;19;0;0
9605;284;19;0;1
9606;340;16;0;0
9607;130;19;0;0
9608;280;19;0;1
9609;339;17;0;0
9610;133;5;0;0
9611;374;5;0;0
9612;480;8;0;1
9613;728;13;0;0
9614;354;11;0;0
9615;467;10;0;1
9616;709;8;0;0
9617;132;10;0;0
9618;206;24;0;0
9619;290;36;0;1
9620;498;13;0;0
9621;213;20;0;0
9622;290;35;0;1
9623;491;11;0;0
9624;60;8;0;0
9625;100;8;0;0
9626;174;10;0;1
9627;270;11;0;0
9628;100;7;0;0
9629;167;9;0;1
9630;259;11;0;0
9631;103;14;0;0
9632;206;4;0;0
9633;304;8;0;1
9634;321;24;0;0
9635;213;3;1;0
9636;292;8;0;1
9637;338;18;0;0
9638;80;6;0;0
9639;141;17;0;0
9640;320;29;0;1
9641;400;26;0;0
9642;473;67;0;224
9643;147;17;0;0
9644;315;29;0;1
9645;393;27;0;0
9646;457;63;0;424
9647;96;14;0;0
9648;202;12;1;0
9649;272;11;0;1
9650;333;22;0;0
9651;190;16;1;0
9652;264;9;0;1
9653;327;20;0;0
9654;104;3;0;0
9655;184;18;1;0
9656;318;19;0;1
9657;461;22;0;0
9658;183;18;1;0
9659;311;16;0;1
9660;443;20;0;0
9661;113;5;0;0
9662;154;12;1;0
9663;245;4;0;1
9664;331;3;0;0
9665;151;12;1;0
9666;249;4;0;1
9667;304;10;0;0
9668;78;17;0;0
9669;175;18;0;0
9670;298;18;0;1
9671;424;13;0;0
9672;174;18;0;0
9673;287;20;0;1
9674;397;14;0;0
9675;147;18;0;0
9676;306;24;0;0
9677;525;25;0;1
9678;658;27;0;0
9679;790;28;0;0
9680;308;22;0;0
9681;518;29;0;1
9682;609;41;0;0
9683;752;28;0;0
9684;116;1;0;0
9685;189;12;1;0
9686;317;3;0;1
9687;418;4;0;0
9688;224;0;1;0
9689;291;6;0;1
9690;411;3;0;0
9691;103;2;0;0
9692;165;2;1;0
9693;277;9;0;1
9694;377;7;0;0
9695;173;3;1;0
9696;283;5;0;1
9697;368;9;0;0
9698;118;5;0;0
9699;188;15;0;0
9700;256;6;0;1
9701;369;2;0;0
9702;174;9;0;0
9703;236;8;0;1
9704;362;2;0;0
9705;107;5;0;0
9706;181;32;1;0
9707;378;14;0;1
9708;568;6;0;0
9709;203;21;1;0
9710;369;13;0;1
9711;565;3;0;0
9712;128;2;0;0
9713;186;1;0;0
9714;363;2;0;1
9715;461;4;0;0
9716;193;1;0;0
9717;373;4;0;1
9718;477;2;0;0
9719;47;1;0;0
9720;139;21;0;0
9721;313;22;0;0
9722;461;14;0;1
9723;606;39;0;0
9724;306;14;0;0
9725;465;12;0;1
9726;546;34;0;0
9727;150;1;0;0
9728;277;0;1;0
9729;384;0;0;1
9730;526;0;0;0
9731;643;63;0;0
9732;284;1;1;0
9733;376;0;0;1
9734;526;0;0;0
9735;532;119;0;0
9736;131;1;0;0
9737;169;21;0;0
9738;295;28;0;1
9739;360;31;0;0
9740;491;32;0;0
9741;161;27;0;0
9742;291;23;0;1
9743;359;25;0;0
9744;488;30;0;0
9745;142;1;0;0
9746;312;5;0;0
9747;483;8;0;1
9748;657;21;0;0
9749;303;2;0;0
9750;440;8;0;1
9751;613;18;0;0
9752;125;0;0;0
9753;151;21;0;0
9754;285;31;0;1
9755;429;19;0;0
9756;148;19;0;0
9757;281;26;0;1
9758;405;24;0;0
9759;94;1;0;0
9760;119;0;0;0
9761;225;2;0;1
9762;335;1;0;0
9763;180;4;1;0
9764;245;3;0;1
9765;330;3;0;0
9766;141;1;0;0
9767;236;2;1;0
9768;357;9;0;1
9769;522;0;0;0
9770;216;2;1;0
9771;357;1;0;1
9772;481;10;0;0
9773;337;10;0;0
9774;520;12;0;0
9775;721;6;0;1
9776;905;10;0;0
9777;1030;13;1;0
9778;497;8;0;0
9779;649;6;0;1
9780;861;6;0;0
9781;985;13;1;0
9782;95;5;0;0
9783;126;20;0;0
9784;191;22;0;1
9785;263;25;0;0
9786;312;16;0;0
9787;131;17;0;0
9788;187;27;0;1
9789;276;18;0;0
9790;333;11;0;0
9791;103;16;0;0
9792;201;8;0;0
9793;314;13;0;1
9794;410;21;0;0
9795;201;8;0;0
9796;314;9;0;1
9797;446;3;0;0
9798;119;4;1;0
9799;229;11;0;0
9800;318;25;0;1
9801;527;26;0;0
9802;612;23;0;0
9803;211;12;0;0
9804;318;25;0;1
9805;523;25;0;0
9806;604;23;0;0
9807;125;7;0;0
9808;289;27;0;0
9809;440;45;0;1
9810;652;31;0;0
9811;657;88;0;76
9812;247;29;0;0
9813;439;42;0;1
9814;575;39;0;0
9815;595;81;0;308
9816;80;0;0;0
9817;220;0;0;0
9818;436;2;0;1
9819;633;11;0;0
9820;744;11;0;0
9821;272;1;0;0
9822;360;2;0;1
9823;589;8;0;0
9824;730;10;0;0
9825;158;22;0;0
9826;259;28;1;0
9827;372;41;0;1
9828;491;33;0;0
9829;671;13;0;0
9830;280;24;1;0
9831;386;30;0;1
9832;485;34;0;0
9833;640;15;0;0
9834;107;1;0;0
9835;178;25;1;0
9836;270;39;0;1
9837;369;44;0;0
9838;465;17;0;0
9839;206;15;1;0
9840;269;38;0;1
9841;378;43;0;0
9842;477;21;0;0
9843;114;19;0;0
9844;171;24;0;0
9845;284;29;0;1
9846;403;31;0;0
9847;616;34;0;0
9848;219;21;0;0
9849;277;30;0;1
9850;431;28;0;0
9851;591;33;0;0
9852;66;4;0;0
9853;126;8;0;0
9854;298;8;0;1
9855;430;17;0;0
9856;122;6;0;0
9857;286;10;0;1
9858;415;18;0;0
9859;118;7;0;0
9860;175;39;1;0
9861;263;30;0;1
9862;376;24;0;0
9863;378;1;0;0
9864;204;20;1;0
9865;297;14;0;1
9866;408;12;0;0
9867;359;1;0;0
9868;77;1;0;0
9869;121;21;1;0
9870;285;20;0;1
9871;381;36;0;0
9872;584;4;0;0
9873;118;21;1;0
9874;279;20;0;1
9875;366;38;0;0
9876;572;2;0;0
9877;164;15;0;0
9878;278;9;0;0
9879;403;25;0;1
9880;547;9;0;0
9881;276;11;0;0
9882;401;25;0;1
9883;538;10;0;0
9884;122;5;0;0
9885;265;11;0;0
9886;413;24;0;1
9887;597;32;0;0
9888;263;13;0;0
9889;408;24;0;1
9890;568;35;0;0
9891;227;10;0;0
9892;426;16;0;0
9893;572;27;0;1
9894;748;26;0;0
9895;838;17;0;220
9896;422;25;0;0
9897;628;14;0;1
9898;728;18;0;0
9899;942;10;0;564
9900;145;0;0;0
9901;328;14;0;0
9902;487;12;0;1
9903;647;13;0;0
9904;571;61;0;0
9905;349;12;0;0
9906;476;18;0;1
9907;580;21;0;0
9908;596;33;0;0
9909;101;2;0;0
9910;232;24;0;0
9911;409;94;0;1
9912;650;69;0;0
9913;215;26;0;0
9914;430;60;0;1
9915;640;40;0;0
9916;93;1;0;0
9917;189;14;0;0
9918;425;20;0;1
9919;578;24;0;0
9920;181;14;0;0
9921;412;19;0;1
9922;538;26;0;0
9923;210;14;0;0
9924;341;22;0;0
9925;515;25;0;1
9926;638;33;0;0
9927;321;17;0;0
9928;440;32;0;1
9929;608;31;0;0
9930;90;0;0;0
9931;237;28;1;0
9932;319;43;0;1
9933;437;33;0;0
9934;236;28;0;0
9935;341;36;0;1
9936;458;30;0;0
9937;127;8;0;0
9938;274;6;0;0
9939;361;19;0;1
9940;485;14;0;0
9941;265;5;0;0
9942;358;19;0;1
9943;444;22;0;0
9944;122;10;0;0
9945;267;22;0;0
9946;462;14;0;1
9947;611;19;0;0
9948;797;38;0;0
9949;275;17;0;0
9950;446;13;0;1
9951;601;17;0;0
9952;803;21;0;0
9953;138;3;0;0
9954;239;6;1;0
9955;415;6;0;1
9956;612;10;0;0
9957;740;15;0;0
9958;229;10;1;0
9959;407;6;0;1
9960;558;11;0;0
9961;726;8;0;0
9962;80;0;0;0
9963;160;9;0;0
9964;326;2;0;1
9965;410;9;0;0
9966;578;47;0;0
9967;173;10;1;0
9968;293;10;0;1
9969;390;10;0;0
9970;522;47;0;0
9971;108;10;0;0
9972;183;10;0;0
9973;352;23;0;1
9974;536;15;0;0
9975;200;7;0;0
9976;339;28;0;1
9977;539;12;0;0
9978;137;8;0;0
9979;206;13;1;0
9980;331;25;0;1
9981;416;17;0;0
9982;201;12;1;0
9983;315;8;0;1
9984;379;16;0;0
9985;83;14;0;0
9986;184;21;1;0
9987;306;18;0;1
9988;434;4;0;0
9989;191;21;1;0
9990;307;15;0;1
9991;432;4;0;0
9992;137;5;0;0
9993;203;38;0;0
9994;361;34;0;1
9995;611;59;0;0
9996;189;37;0;0
9997;340;32;0;1
9998;567;67;0;0
9999;108;0;0;0
10000;280;4;0;0
10001;319;8;0;1
10002;539;3;0;0
10003;218;0;0;0
10004;291;4;0;1
10005;472;4;0;0
10006;83;18;0;0
10007;107;25;0;0
10008;224;32;0;1
10009;313;19;0;0
10010;130;22;0;0
10011;271;20;0;1
10012;336;11;0;0
10013;162;9;1;0
10014;264;28;0;0
10015;474;14;0;1
10016;622;11;0;0
10017;828;8;0;0
10018;253;22;0;0
10019;460;16;0;1
10020;600;13;0;0
10021;780;8;0;0
10022;109;0;0;0
10023;276;3;0;0
10024;363;6;0;1
10025;486;14;0;0
10026;242;2;0;0
10027;351;6;0;1
10028;437;17;0;0
10029;116;15;0;0
10030;194;21;1;0
10031;326;16;0;1
10032;465;14;0;0
10033;150;25;1;0
10034;300;9;0;1
10035;430;9;0;0
10036;105;10;0;0
10037;183;18;1;0
10038;360;9;0;1
10039;482;3;0;0
10040;168;13;0;0
10041;338;9;0;1
10042;445;8;0;0
10043;114;1;0;0
10044;178;13;1;0
10045;319;23;0;1
10046;420;15;0;0
10047;172;15;1;0
10048;320;20;0;1
10049;415;15;0;0
10050;128;5;0;0
10051;249;8;1;0
10052;378;7;0;1
10053;532;7;0;0
10054;237;15;0;0
10055;357;30;0;1
10056;492;15;0;0
10057;151;1;0;0
10058;271;2;0;0
10059;406;3;0;1
10060;520;8;0;0
10061;273;7;1;0
10062;409;3;0;1
10063;524;11;0;0
10064;121;19;0;0
10065;181;44;0;0
10066;291;58;0;1
10067;363;71;0;0
10068;519;43;0;0
10069;192;25;0;0
10070;288;50;0;1
10071;361;57;0;0
10072;464;59;0;0
10073;139;0;0;0
10074;215;24;1;0
10075;326;36;0;1
10076;564;35;0;0
10077;216;17;0;0
10078;321;28;0;1
10079;516;37;0;0
10080;95;2;0;0
10081;157;9;0;0
10082;218;7;0;1
10083;293;2;0;0
10084;153;6;0;0
10085;208;15;0;1
10086;292;2;0;0
10087;78;0;0;0
10088;184;4;0;0
10089;352;4;0;1
10090;479;5;0;0
10091;184;4;0;0
10092;345;4;0;1
10093;474;4;0;0
10094;128;9;0;0
10095;212;14;0;0
10096;295;28;0;1
10097;407;17;0;0
10098;202;13;0;0
10099;262;24;0;1
10100;390;15;0;0
10101;74;0;0;0
10102;225;4;0;0
10103;311;12;0;1
10104;405;16;0;0
10105;214;3;0;0
10106;300;9;0;1
10107;399;12;0;0
10108;79;3;0;0
10109;157;3;0;0
10110;228;19;0;1
10111;316;21;0;0
10112;156;3;0;0
10113;226;19;0;1
10114;291;21;0;0
10115;77;2;0;0
10116;125;9;0;0
10117;193;7;0;1
10118;281;3;0;0
10119;123;9;0;0
10120;186;6;0;1
10121;265;8;0;0
10122;60;9;0;0
10123;149;19;0;0
10124;296;14;0;1
10125;446;20;0;0
10126;152;17;1;0
10127;265;15;0;1
10128;436;19;0;0
10129;102;12;0;0
10130;237;11;1;0
10131;341;42;0;1
10132;585;11;0;0
10133;660;10;0;0
10134;240;11;0;0
10135;339;42;0;1
10136;574;12;0;0
10137;649;8;0;0
10138;142;3;0;0
10139;237;5;1;0
10140;335;22;0;1
10141;502;9;0;0
10142;226;5;1;0
10143;338;16;0;1
10144;476;20;0;0
10145;106;2;0;0
10146;235;9;0;0
10147;369;8;0;1
10148;505;13;0;0
10149;218;12;0;0
10150;367;11;0;1
10151;510;13;0;0
10152;115;19;0;0
10153;191;47;0;0
10154;328;19;0;1
10155;419;18;0;0
10156;196;43;0;0
10157;328;19;0;1
10158;404;18;0;0
10159;139;6;0;0
10160;186;15;0;0
10161;338;12;0;1
10162;469;14;0;0
10163;191;18;0;0
10164;322;11;0;1
10165;454;15;0;0
10166;61;0;0;0
10167;75;23;0;0
10168;210;29;0;1
10169;328;33;0;0
10170;73;24;0;0
10171;199;29;0;1
10172;320;32;0;0
10173;93;0;0;0
10174;349;10;0;0
10175;477;20;0;1
10176;651;16;0;0
10177;352;16;0;0
10178;463;13;0;1
10179;644;15;0;0
10180;114;1;0;0
10181;192;20;1;0
10182;281;41;0;1
10183;429;28;0;0
10184;191;22;1;0
10185;290;32;0;1
10186;428;29;0;0
10187;93;0;0;0
10188;158;17;0;0
10189;270;16;0;1
10190;409;20;0;0
10191;154;17;1;0
10192;266;17;0;1
10193;407;21;0;0
10194;73;6;0;0
10195;166;4;0;0
10196;256;22;0;1
10197;405;20;0;0
10198;154;4;0;0
10199;251;22;0;1
10200;399;20;0;0
10201;58;6;0;0
10202;116;11;0;0
10203;216;7;0;1
10204;307;10;0;0
10205;123;9;0;0
10206;214;10;0;1
10207;297;8;0;0
10208;104;6;0;0
10209;168;8;0;0
10210;260;8;0;1
10211;383;7;0;0
10212;173;8;0;0
10213;258;8;0;1
10214;377;7;0;0
10215;271;11;0;0
10216;379;11;0;0
10217;554;32;0;1
10218;751;24;0;0
10219;300;12;0;0
10220;558;24;0;1
10221;734;12;0;0
10222;106;10;0;0
10223;168;30;1;0
10224;269;19;0;1
10225;410;28;0;0
10226;168;30;1;0
10227;258;22;0;1
10228;382;26;0;0
10229;104;8;0;0
10230;245;24;0;0
10231;358;32;0;1
10232;539;27;0;0
10233;250;21;0;0
10234;348;17;0;1
10235;507;18;0;0
10236;100;8;0;0
10237;154;4;0;0
10238;309;2;0;1
10239;341;32;0;0
10240;170;7;0;0
10241;306;2;0;1
10242;357;19;0;0
10243;115;1;0;0
10244;178;12;1;0
10245;231;13;0;1
10246;317;15;0;0
10247;186;8;1;0
10248;237;15;0;1
10249;320;19;0;0
10250;72;5;0;0
10251;140;6;0;0
10252;234;30;0;1
10253;331;30;0;0
10254;152;12;0;0
10255;264;12;0;1
10256;280;49;0;0
10257;103;10;0;0
10258;158;6;1;0
10259;286;21;0;1
10260;437;13;0;0
10261;364;7;0;0
10262;167;2;1;0
10263;271;23;0;1
10264;420;17;0;0
10265;422;12;0;0
10266;138;5;0;0
10267;241;27;0;0
10268;407;22;0;1
10269;637;24;0;0
10270;240;27;0;0
10271;405;25;0;1
10272;586;28;0;0
10273;113;0;0;0
10274;235;15;0;0
10275;385;13;0;1
10276;532;18;0;0
10277;235;4;0;0
10278;384;11;0;1
10279;514;10;0;0
10280;94;2;0;0
10281;241;13;0;0
10282;307;27;0;1
10283;410;18;0;0
10284;250;12;0;0
10285;315;27;0;1
10286;413;18;0;0
10287;79;13;0;0
10288;169;23;0;0
10289;291;13;0;1
10290;362;23;0;0
10291;177;11;0;0
10292;290;12;0;1
10293;354;22;0;0
10294;110;5;0;0
10295;202;8;0;0
10296;305;10;0;1
10297;464;16;0;0
10298;364;13;0;364
10299;201;6;0;0
10300;301;14;0;1
10301;448;12;0;0
10302;367;13;0;760
10303;98;13;0;0
10304;207;19;0;0
10305;288;35;0;1
10306;493;24;0;0
10307;218;22;0;0
10308;300;28;0;1
10309;477;19;0;0
10310;81;8;0;0
10311;175;4;0;0
10312;271;4;0;1
10313;407;3;0;0
10314;167;10;0;0
10315;273;4;0;1
10316;382;5;0;0
10317;134;3;0;0
10318;256;9;0;0
10319;396;7;0;1
10320;592;12;0;0
10321;674;22;0;0
10322;254;11;0;0
10323;409;3;0;1
10324;568;9;0;0
10325;653;22;0;0
10326;124;12;0;0
10327;296;21;0;0
10328;588;4;0;1
10329;764;30;0;0
10330;870;22;0;0
10331;324;3;0;0
10332;540;2;0;1
10333;673;2;0;0
10334;850;12;0;0
10335;149;0;0;0
10336;262;5;0;0
10337;280;36;0;1
10338;420;32;0;0
10339;262;5;0;0
10340;277;37;0;1
10341;417;31;0;0
10342;158;16;0;0
10343;301;22;0;0
10344;491;16;0;1
10345;750;17;0;0
10346;806;46;0;0
10347;297;23;0;0
10348;491;16;0;1
10349;743;17;0;0
10350;822;15;0;0
10351;106;7;0;0
10352;245;14;0;0
10353;406;12;0;1
10354;527;25;0;0
10355;244;14;0;0
10356;406;12;0;1
10357;527;22;0;0
10358;116;13;0;0
10359;284;19;0;0
10360;410;28;0;1
10361;563;36;0;0
10362;282;10;0;0
10363;406;28;0;1
10364;559;38;0;0
10365;163;2;0;0
10366;295;15;0;0
10367;407;21;0;1
10368;569;15;0;0
10369;268;13;0;0
10370;370;26;0;1
10371;489;20;0;0
10372;154;1;0;0
10373;273;6;1;0
10374;378;14;0;1
10375;468;20;0;0
10376;275;4;1;0
10377;357;10;0;1
10378;485;27;0;0
10379;139;4;0;0
10380;307;7;0;0
10381;451;15;0;1
10382;611;9;0;0
10383;314;4;0;0
10384;434;5;0;1
10385;565;2;0;0
10386;71;0;0;0
10387;116;24;0;0
10388;180;24;0;1
10389;209;25;0;0
10390;116;24;0;0
10391;181;26;0;1
10392;207;25;0;0
10393;103;5;0;0
10394;189;26;0;0
10395;293;46;0;1
10396;431;24;0;0
10397;177;24;0;0
10398;292;46;0;1
10399;417;26;0;0
10400;49;13;0;0
10401;143;23;0;0
10402;337;12;0;1
10403;456;23;0;0
10404;166;15;0;0
10405;325;19;0;1
10406;435;22;0;0
10407;119;7;0;0
10408;234;19;0;0
10409;333;39;0;1
10410;506;43;0;0
10411;665;34;0;0
10412;207;22;0;0
10413;327;42;0;1
10414;499;44;0;0
10415;645;33;0;0
10416;111;4;0;0
10417;197;10;1;0
10418;301;16;0;1
10419;384;23;0;0
10420;176;15;1;0
10421;286;14;0;1
10422;389;8;0;0
10423;86;8;0;0
10424;156;11;0;0
10425;295;21;0;1
10426;400;34;0;0
10427;155;14;0;0
10428;283;21;0;1
10429;385;30;0;0
10430;110;4;0;0
10431;247;1;1;0
10432;411;6;0;1
10433;590;11;0;0
10434;231;4;0;0
10435;421;3;0;1
10436;582;4;0;0
10437;136;12;0;0
10438;201;36;1;0
10439;300;48;0;1
10440;442;52;0;0
10441;204;36;1;0
10442;292;48;0;1
10443;431;51;0;0
10444;81;2;0;0
10445;156;13;0;0
10446;226;16;0;1
10447;304;27;0;0
10448;159;11;0;0
10449;226;16;0;1
10450;302;27;0;0
10451;112;4;0;0
10452;191;4;1;0
10453;277;12;0;1
10454;361;63;0;0
10455;165;45;0;232
10456;191;4;1;0
10457;290;3;0;1
10458;380;24;0;0
10459;166;44;0;404
10460;136;5;0;0
10461;286;8;0;0
10462;364;10;0;1
10463;521;17;0;0
10464;302;8;0;0
10465;362;10;0;1
10466;523;14;0;0
10467;100;10;0;0
10468;235;10;1;0
10469;333;9;0;1
10470;521;17;0;0
10471;227;6;1;0
10472;313;8;0;1
10473;462;19;0;0
10474;82;8;0;0
10475;187;11;1;0
10476;321;7;0;1
10477;427;23;0;0
10478;187;7;1;0
10479;336;6;0;1
10480;416;19;0;0
10481;150;5;0;0
10482;253;15;0;0
10483;436;14;0;1
10484;548;42;0;0
10485;522;11;0;488
10486;249;17;0;0
10487;412;9;0;1
10488;539;36;0;0
10489;515;10;0;988
10490;71;5;0;0
10491;161;12;0;0
10492;242;32;0;1
10493;345;22;0;0
10494;150;8;0;0
10495;220;34;0;1
10496;312;18;0;0
10497;130;4;0;0
10498;241;17;0;0
10499;406;11;0;1
10500;612;7;0;0
10501;621;18;0;0
10502;253;17;0;0
10503;399;11;0;1
10504;606;8;0;0
10505;634;17;0;0
10506;125;21;0;0
10507;219;31;0;0
10508;383;17;0;1
10509;548;49;0;0
10510;661;16;0;0
10511;217;31;0;0
10512;366;20;0;1
10513;521;52;0;0
10514;640;15;0;0
10515;107;8;0;0
10516;226;26;0;0
10517;426;18;0;1
10518;566;36;0;0
10519;565;37;0;0
10520;223;26;0;0
10521;421;20;0;1
10522;552;34;0;0
10523;550;37;0;0
10524;101;22;0;0
10525;210;30;0;0
10526;361;24;0;1
10527;564;10;0;0
10528;737;11;0;0
10529;210;26;0;0
10530;373;18;0;1
10531;559;10;0;0
10532;731;11;0;0
10533;88;9;0;0
10534;128;6;0;0
10535;242;20;0;1
10536;331;22;0;0
10537;146;4;0;0
10538;246;10;0;1
10539;321;16;0;0
10540;143;7;0;0
10541;247;32;0;0
10542;409;27;0;1
10543;593;48;0;0
10544;239;36;0;0
10545;403;19;0;1
10546;546;42;0;0
10547;74;5;0;0
10548;162;12;0;0
10549;252;35;0;1
10550;365;26;0;0
10551;153;13;0;0
10552;241;36;0;1
10553;343;26;0;0
10554;165;13;0;0
10555;300;28;0;0
10556;481;31;0;1
10557;586;42;0;0
10558;294;27;0;0
10559;476;29;0;1
10560;591;32;0;0
10561;96;6;0;0
10562;199;12;1;0
10563;385;27;0;1
10564;582;8;0;0
10565;204;12;1;0
10566;375;28;0;1
10567;564;9;0;0
10568;154;18;0;0
10569;317;27;0;0
10570;499;30;0;1
10571;695;22;0;0
10572;308;27;0;0
10573;486;29;0;1
10574;677;22;0;0
10575;106;0;0;0
10576;218;7;0;0
10577;321;1;0;1
10578;442;2;0;0
10579;209;8;0;0
10580;317;1;0;1
10581;418;3;0;0
10582;69;0;0;0
10583;111;17;0;0
10584;204;16;0;1
10585;317;13;0;0
10586;109;18;0;0
10587;202;16;0;1
10588;288;17;0;0
10589;89;14;0;0
10590;209;13;1;0
10591;375;24;0;1
10592;559;21;0;0
10593;186;14;0;0
10594;346;24;0;1
10595;511;21;0;0
10596;105;4;0;0
10597;229;31;0;0
10598;459;19;0;1
10599;631;29;0;0
10600;681;35;0;0
10601;229;31;0;0
10602;463;21;0;1
10603;616;40;0;0
10604;681;35;0;0
10605;122;30;0;0
10606;262;36;0;0
10607;504;56;0;1
10608;917;25;0;0
10609;1045;19;1;0
10610;258;31;0;0
10611;483;55;0;1
10612;897;17;0;0
10613;943;20;1;0
10614;120;7;0;0
10615;250;12;0;0
10616;311;13;0;1
10617;421;18;0;0
10618;250;12;0;0
10619;312;7;0;1
10620;421;18;0;0
10621;117;13;0;0
10622;244;2;1;0
10623;328;18;0;1
10624;464;21;0;0
10625;208;9;0;0
10626;321;16;0;1
10627;461;7;0;0
10628;94;5;0;0
10629;178;3;1;0
10630;273;5;0;1
10631;348;8;0;0
10632;173;4;1;0
10633;264;3;0;1
10634;357;11;0;0
10635;98;14;0;0
10636;223;32;1;0
10637;334;31;0;1
10638;464;55;0;0
10639;218;30;1;0
10640;324;27;0;1
10641;462;30;0;0
10642;122;4;0;0
10643;258;14;0;0
10644;410;21;0;1
10645;512;22;0;0
10646;251;14;0;0
10647;402;21;0;1
10648;513;22;0;0
10649;135;14;0;0
10650;256;53;0;0
10651;478;35;0;1
10652;695;49;0;0
10653;259;52;0;0
10654;452;35;0;1
10655;666;31;0;0
10656;71;10;0;0
10657;256;9;0;0
10658;299;17;0;1
10659;521;30;0;0
10660;258;8;0;0
10661;295;18;0;1
10662;494;23;0;0
10663;75;5;0;0
10664;119;4;0;0
10665;163;25;0;1
10666;308;18;0;0
10667;108;4;0;0
10668;197;19;0;1
10669;291;20;0;0
10670;101;1;0;0
10671;177;4;1;0
10672;302;6;0;1
10673;446;12;0;0
10674;167;4;1;0
10675;291;6;0;1
10676;405;7;0;0
10677;111;9;0;0
10678;168;21;0;0
10679;279;20;0;1
10680;371;40;0;0
10681;166;16;0;0
10682;284;17;0;1
10683;380;39;0;0
10684;121;20;0;0
10685;228;30;0;0
10686;367;29;0;1
10687;544;21;0;0
10688;234;20;0;0
10689;362;20;0;1
10690;497;20;0;0
10691;192;5;0;0
10692;339;20;0;0
10693;588;8;0;1
10694;728;19;0;0
10695;839;13;0;0
10696;323;14;0;0
10697;602;8;0;1
10698;707;9;0;0
10699;755;17;0;0
10700;72;5;0;0
10701;120;9;0;0
10702;162;11;0;1
10703;258;10;0;0
10704;119;9;0;0
10705;162;11;0;1
10706;252;11;0;0
10707;204;4;0;0
10708;345;19;0;0
10709;588;12;0;1
10710;825;9;0;0
10711;349;19;0;0
10712;601;8;0;1
10713;804;10;0;0
10714;63;2;0;0
10715;137;6;0;0
10716;199;11;0;1
10717;225;36;0;0
10718;140;6;0;0
10719;199;11;0;1
10720;226;36;0;0
10721;114;10;0;0
10722;217;33;0;0
10723;401;27;0;1
10724;591;23;0;0
10725;251;12;1;0
10726;379;27;0;1
10727;582;12;0;0
10728;175;7;0;0
10729;241;21;0;0
10730;493;10;0;1
10731;740;8;0;0
10732;236;17;0;0
10733;445;15;0;1
10734;715;8;0;0
10735;130;3;0;0
10736;225;16;1;0
10737;276;18;0;1
10738;331;19;0;0
10739;506;16;0;0
10740;225;17;1;0
10741;276;18;0;1
10742;332;19;0;0
10743;502;15;0;0
10744;132;13;0;0
10745;236;21;1;0
10746;394;20;0;1
10747;541;33;0;0
10748;719;13;0;0
10749;224;18;1;0
10750;393;15;0;1
10751;516;31;0;0
10752;695;13;0;0
10753;63;7;0;0
10754;154;13;0;0
10755;195;40;0;1
10756;282;27;0;0
10757;158;13;0;0
10758;204;36;0;1
10759;283;25;0;0
10760;92;6;0;0
10761;194;4;0;0
10762;306;15;0;1
10763;423;8;0;0
10764;182;18;0;0
10765;322;9;0;1
10766;368;13;0;0
10767;76;1;0;0
10768;201;11;1;0
10769;282;22;0;1
10770;484;6;0;0
10771;197;12;1;0
10772;281;19;0;1
10773;494;4;0;0
10774;121;6;0;0
10775;301;8;0;0
10776;391;12;0;1
10777;556;23;0;0
10778;628;28;0;0
10779;296;4;0;0
10780;389;10;0;1
10781;568;23;0;0
10782;623;26;0;0
10783;167;6;0;0
10784;272;11;0;0
10785;465;32;0;1
10786;661;35;0;0
10787;256;11;0;0
10788;445;33;0;1
10789;623;37;0;0
10790;127;19;0;0
10791;220;30;1;0
10792;385;27;0;1
10793;627;27;0;0
10794;220;25;1;0
10795;384;29;0;1
10796;608;26;0;0
10797;110;9;0;0
10798;127;26;0;0
10799;229;12;0;1
10800;280;41;0;0
10801;707;21;0;0
10802;121;14;0;0
10803;216;16;0;1
10804;275;42;0;0
10805;674;20;0;0
10806;123;10;0;0
10807;258;14;0;0
10808;376;21;0;1
10809;511;30;0;0
10810;252;14;0;0
10811;372;21;0;1
10812;520;22;0;0
10813;126;0;0;0
10814;267;9;0;0
10815;516;8;0;1
10816;693;9;0;0
10817;279;9;0;0
10818;459;4;0;1
10819;685;5;0;0
10820;154;32;0;0
10821;410;28;0;0
10822;557;67;0;1
10823;760;47;0;0
10824;410;28;0;0
10825;541;65;0;1
10826;749;33;0;0
10827;105;2;0;0
10828;173;2;0;0
10829;321;7;0;1
10830;425;7;0;0
10831;164;4;0;0
10832;314;9;0;1
10833;412;10;0;0
10834;136;11;0;0
10835;260;24;0;0
10836;389;25;0;1
10837;519;47;0;0
10838;272;13;0;0
10839;389;22;0;1
10840;517;46;0;0
10841;76;10;0;0
10842;186;16;0;0
10843;335;18;0;1
10844;450;22;0;0
10845;185;9;0;0
10846;307;13;0;1
10847;415;10;0;0
10848;91;4;0;0
10849;160;17;0;0
10850;226;11;0;1
10851;331;9;0;0
10852;189;4;1;0
10853;209;28;0;1
10854;312;13;0;0
10855;138;10;0;0
10856;261;16;0;0
10857;430;12;0;1
10858;561;25;0;0
10859;250;19;0;0
10860;433;9;0;1
10861;553;25;0;0
10862;30;6;0;0
10863;104;4;0;0
10864;106;39;0;1
10865;197;10;0;0
10866;104;4;0;0
10867;101;45;0;1
10868;202;6;0;0
10869;94;8;0;0
10870;204;16;1;0
10871;307;21;0;1
10872;447;19;0;0
10873;189;30;1;0
10874;306;14;0;1
10875;429;19;0;0
10876;89;0;0;0
10877;135;9;0;0
10878;219;8;0;1
10879;327;11;0;0
10880;136;7;0;0
10881;220;8;0;1
10882;318;7;0;0
10883;193;21;1;0
10884;343;16;0;0
10885;432;37;0;1
10886;599;79;0;0
10887;341;16;0;0
10888;420;37;0;1
10889;617;45;0;0
10890;94;12;0;0
10891;192;24;0;0
10892;287;31;0;1
10893;437;33;0;0
10894;439;26;0;256
10895;164;19;1;0
10896;276;36;0;1
10897;393;34;0;0
10898;425;26;0;476
10899;107;15;0;0
10900;193;29;1;0
10901;270;30;0;1
10902;374;27;0;0
10903;190;26;1;0
10904;276;24;0;1
10905;382;19;0;0
10906;88;1;0;0
10907;170;7;0;0
10908;246;7;0;1
10909;286;18;0;0
10910;167;7;0;0
10911;246;7;0;1
10912;283;18;0;0
10913;90;6;0;0
10914;185;4;0;0
10915;258;10;0;1
10916;387;15;0;0
10917;165;10;0;0
10918;257;25;0;1
10919;369;20;0;0
10920;108;6;0;0
10921;204;11;0;0
10922;335;13;0;1
10923;519;18;0;0
10924;205;13;0;0
10925;337;14;0;1
10926;502;13;0;0
10927;75;6;0;0
10928;150;10;0;0
10929;289;16;0;1
10930;505;17;0;0
10931;110;31;0;0
10932;272;30;0;1
10933;494;17;0;0
10934;151;14;0;0
10935;247;22;0;0
10936;447;25;0;1
10937;703;3;0;0
10938;241;20;0;0
10939;431;25;0;1
10940;667;3;0;0
10941;71;18;0;0
10942;112;24;0;0
10943;249;15;0;1
10944;329;29;0;0
10945;109;26;0;0
10946;238;18;0;1
10947;314;35;0;0
10948;164;4;0;0
10949;780;12;0;0
10950;334;21;0;0
10951;470;16;0;1
10952;678;17;0;0
10953;331;20;0;0
10954;469;15;0;1
10955;672;17;0;0
10956;772;12;0;0
10957;69;5;0;0
10958;137;2;0;0
10959;201;7;0;1
10960;311;10;0;0
10961;129;6;0;0
10962;206;7;0;1
10963;290;15;0;0
10964;85;7;0;0
10965;132;16;0;0
10966;212;19;0;1
10967;348;37;0;0
10968;645;15;0;0
10969;121;15;0;0
10970;217;19;0;1
10971;354;31;0;0
10972;650;15;0;0
10973;96;11;0;0
10974;217;14;0;0
10975;350;15;0;1
10976;544;10;0;0
10977;204;17;0;0
10978;345;17;0;1
10979;506;7;0;0
10980;119;6;0;0
10981;292;12;0;0
10982;385;10;0;1
10983;597;11;0;0
10984;291;4;0;0
10985;381;9;0;1
10986;587;11;0;0
10987;160;0;0;0
10988;278;25;0;0
10989;428;18;0;1
10990;672;18;0;0
10991;265;28;0;0
10992;407;18;0;1
10993;664;18;0;0
10994;109;14;0;0
10995;226;27;0;0
10996;320;34;0;1
10997;466;48;0;0
10998;222;27;0;0
10999;309;34;0;1
11000;443;48;0;0
11001;163;12;0;0
11002;298;34;0;0
11003;486;29;0;1
11004;638;34;0;0
11005;300;31;0;0
11006;478;28;0;1
11007;626;34;0;0
11008;122;1;0;0
11009;222;6;1;0
11010;326;10;0;1
11011;436;6;0;0
11012;206;10;0;0
11013;314;5;0;1
11014;407;7;0;0
11015;76;4;0;0
11016;209;6;1;0
11017;320;9;0;1
11018;445;13;0;0
11019;223;6;0;0
11020;314;10;0;1
11021;445;13;0;0
11022;151;8;0;0
11023;268;15;0;0
11024;429;17;0;1
11025;642;10;0;0
11026;262;14;0;0
11027;410;17;0;1
11028;601;10;0;0
11029;138;4;0;0
11030;326;14;0;0
11031;467;36;0;1
11032;697;17;0;0
11033;322;12;0;0
11034;460;28;0;1
11035;673;17;0;0
11036;132;9;0;0
11037;291;36;0;0
11038;372;31;0;1
11039;476;76;0;0
11040;290;36;0;0
11041;361;31;0;1
11042;437;71;0;0
11043;59;4;0;0
11044;101;18;0;0
11045;177;24;0;1
11046;256;23;0;0
11047;99;20;0;0
11048;177;24;0;1
11049;239;23;0;0
11050;78;18;0;0
11051;270;19;0;0
11052;343;61;0;1
11053;506;77;0;0
11054;270;18;0;0
11055;336;54;0;1
11056;435;67;0;0
11057;128;8;0;0
11058;223;28;1;0
11059;348;26;0;1
11060;421;26;0;0
11061;212;28;1;0
11062;343;25;0;1
11063;419;25;0;0
11064;75;1;0;0
11065;115;14;0;0
11066;245;9;0;1
11067;342;17;0;0
11068;120;9;0;0
11069;253;15;0;1
11070;319;19;0;0
11071;117;5;0;0
11072;159;41;1;0
11073;339;17;0;1
11074;546;10;0;0
11075;159;41;1;0
11076;326;19;0;1
11077;542;14;0;0
11078;141;5;0;0
11079;264;9;0;0
11080;362;11;0;1
11081;521;24;0;0
11082;263;9;0;0
11083;345;11;0;1
11084;480;27;0;0
11085;157;5;0;0
11086;242;10;1;0
11087;337;14;0;1
11088;556;9;0;0
11089;795;8;0;0
11090;237;10;1;0
11091;330;12;0;1
11092;541;7;0;0
11093;782;10;0;0
11094;112;13;0;0
11095;266;15;0;0
11096;370;30;0;1
11097;538;31;0;0
11098;265;11;0;0
11099;383;29;0;1
11100;531;24;0;0
11101;112;6;0;0
11102;216;12;0;0
11103;349;21;0;1
11104;484;25;0;0
11105;217;12;0;0
11106;348;21;0;1
11107;475;25;0;0
11108;113;9;0;0
11109;233;10;0;0
11110;386;17;0;1
11111;548;20;0;0
11112;219;8;0;0
11113;374;19;0;1
11114;534;20;0;0
11115;128;7;0;0
11116;230;10;0;0
11117;349;13;0;1
11118;499;8;0;0
11119;221;10;0;0
11120;352;13;0;1
11121;494;2;0;0
11122;117;2;0;0
11123;215;12;0;0
11124;381;10;0;1
11125;578;5;0;0
11126;194;12;0;0
11127;361;10;0;1
11128;555;5;0;0
11129;102;14;0;0
11130;239;14;1;0
11131;338;25;0;1
11132;475;29;0;0
11133;234;16;1;0
11134;337;25;0;1
11135;455;29;0;0
11136;64;10;0;0
11137;115;23;0;0
11138;219;55;0;1
11139;378;16;0;0
11140;115;23;0;0
11141;217;54;0;1
11142;363;18;0;0
11143;125;25;1;0
11144;350;51;0;0
11145;546;74;0;1
11146;756;31;0;0
11147;324;40;0;0
11148;462;66;0;1
11149;658;27;0;0
11150;173;6;0;0
11151;312;19;0;0
11152;490;43;0;1
11153;700;27;0;0
11154;301;17;0;0
11155;487;43;0;1
11156;675;31;0;0
11157;83;0;0;0
11158;189;10;1;0
11159;295;13;0;1
11160;429;17;0;0
11161;174;10;1;0
11162;303;13;0;1
11163;408;17;0;0
11164;134;12;0;0
11165;253;23;0;0
11166;406;17;0;1
11167;644;22;0;0
11168;771;4;0;72
11169;253;23;0;0
11170;405;18;0;1
11171;642;21;0;0
11172;740;4;0;136
11173;100;8;0;0
11174;168;25;1;0
11175;260;32;0;1
11176;456;29;0;0
11177;180;16;1;0
11178;257;35;0;1
11179;423;30;0;0
11180;176;6;0;0
11181;316;12;0;0
11182;515;11;0;1
11183;703;11;0;0
11184;302;12;0;0
11185;481;11;0;1
11186;658;11;0;0
11187;73;12;0;0
11188;239;7;1;0
11189;278;11;0;1
11190;344;19;0;0
11191;245;7;1;0
11192;276;11;0;1
11193;340;18;0;0
11194;88;10;0;0
11195;158;27;1;0
11196;277;20;0;1
11197;376;17;0;0
11198;147;22;0;0
11199;259;14;0;1
11200;347;17;0;0
11201;154;6;0;0
11202;302;18;0;0
11203;419;22;0;1
11204;597;18;0;0
11205;299;17;0;0
11206;404;22;0;1
11207;552;17;0;0
11208;117;9;0;0
11209;206;14;0;0
11210;354;20;0;1
11211;525;19;0;0
11212;209;12;0;0
11213;361;13;0;1
11214;471;17;0;0
11215;99;1;0;0
11216;272;12;0;0
11217;448;2;0;1
11218;522;1;0;0
11219;253;14;0;0
11220;424;2;0;1
11221;522;1;0;0
11222;105;15;0;0
11223;270;19;1;0
11224;369;27;0;1
11225;480;37;0;0
11226;267;19;1;0
11227;368;27;0;1
11228;472;37;0;0
11229;73;8;0;0
11230;153;9;0;0
11231;240;32;0;1
11232;368;14;0;0
11233;149;9;0;0
11234;257;27;0;1
11235;338;19;0;0
11236;78;7;0;0
11237;165;25;1;0
11238;343;19;0;1
11239;446;22;0;0
11240;170;25;0;0
11241;339;17;0;1
11242;416;22;0;0
11243;139;8;0;0
11244;256;22;1;0
11245;391;32;0;1
11246;637;31;0;0
11247;259;22;0;0
11248;396;32;0;1
11249;647;27;0;0
11250;93;2;0;0
11251;170;6;0;0
11252;244;14;0;1
11253;365;6;0;0
11254;152;6;0;0
11255;242;14;0;1
11256;352;6;0;0
11257;127;5;0;0
11258;257;15;0;0
11259;317;19;0;1
11260;494;22;0;0
11261;251;16;0;0
11262;314;19;0;1
11263;487;22;0;0
11264;150;2;0;0
11265;305;3;0;0
11266;422;9;0;1
11267;603;22;0;0
11268;290;5;0;0
11269;410;9;0;1
11270;564;22;0;0
11271;96;10;0;0
11272;183;8;1;0
11273;274;13;0;1
11274;427;4;0;0
11275;172;8;0;0
11276;265;14;0;1
11277;414;1;0;0
11278;127;4;0;0
11279;216;27;0;0
11280;401;22;0;1
11281;532;24;0;0
11282;192;26;1;0
11283;381;25;0;1
11284;530;22;0;0
11285;121;8;0;0
11286;233;13;1;0
11287;302;12;0;1
11288;401;11;0;0
11289;233;13;1;0
11290;299;12;0;1
11291;401;11;0;0
11292;167;5;0;0
11293;295;17;0;0
11294;432;15;0;1
11295;590;13;0;0
11296;736;25;0;0
11297;289;17;0;0
11298;417;15;0;1
11299;589;14;0;0
11300;663;17;0;0
11301;66;10;0;0
11302;108;13;0;0
11303;213;8;0;1
11304;320;7;0;0
11305;91;15;0;0
11306;187;8;0;1
11307;280;6;0;0
11308;98;18;0;0
11309;187;16;0;0
11310;379;19;0;1
11311;470;35;0;0
11312;186;16;0;0
11313;372;17;0;1
11314;467;35;0;0
11315;135;14;0;0
11316;230;17;0;0
11317;350;17;0;1
11318;468;24;0;0
11319;219;14;0;0
11320;332;17;0;1
11321;459;19;0;0
11322;123;4;0;0
11323;220;17;0;0
11324;372;22;0;1
11325;496;14;0;0
11326;205;17;0;0
11327;373;22;0;1
11328;482;15;0;0
11329;132;7;0;0
11330;250;21;0;0
11331;382;24;0;1
11332;586;33;0;0
11333;261;17;0;0
11334;369;26;0;1
11335;582;32;0;0
11336;53;8;0;0
11337;111;15;0;0
11338;181;17;0;1
11339;305;23;0;0
11340;109;15;0;0
11341;181;15;0;1
11342;279;20;0;0
11343;157;0;0;0
11344;281;2;0;0
11345;353;20;0;1
11346;503;19;0;0
11347;281;2;0;0
11348;353;20;0;1
11349;498;19;0;0
11350;72;2;0;0
11351;144;16;0;0
11352;269;8;0;1
11353;362;40;0;0
11354;138;15;0;0
11355;268;8;0;1
11356;358;40;0;0
11357;99;4;0;0
11358;200;12;1;0
11359;318;9;0;1
11360;442;7;0;0
11361;182;12;1;0
11362;296;9;0;1
11363;428;7;0;0
11364;125;4;0;0
11365;250;10;0;0
11366;414;15;0;1
11367;633;8;0;0
11368;241;10;0;0
11369;417;13;0;1
11370;588;4;0;0
11371;181;14;0;0
11372;394;5;0;0
11373;530;19;0;1
11374;772;10;0;0
11375;369;4;0;0
11376;499;15;0;1
11377;683;21;0;0
11378;75;23;0;0
11379;164;17;1;0
11380;320;26;0;1
11381;490;63;0;0
11382;130;26;1;0
11383;296;30;0;1
11384;447;49;0;0
11385;138;9;0;0
11386;247;18;0;0
11387;368;20;0;1
11388;534;35;0;0
11389;242;16;0;0
11390;360;29;0;1
11391;555;33;0;0
11392;62;5;0;0
11393;96;19;0;0
11394;224;26;0;1
11395;329;19;0;0
11396;93;19;0;0
11397;223;22;0;1
11398;307;21;0;0
11399;157;9;0;0
11400;275;19;1;0
11401;360;23;0;1
11402;479;27;0;0
11403;272;20;1;0
11404;359;21;0;1
11405;473;27;0;0
11406;88;0;0;0
11407;136;7;0;0
11408;284;22;0;1
11409;445;22;0;0
11410;145;10;0;0
11411;289;35;0;1
11412;461;29;0;0
11413;127;14;0;0
11414;234;17;0;0
11415;351;22;0;1
11416;505;22;0;0
11417;238;14;0;0
11418;343;23;0;1
11419;497;23;0;0
11420;151;4;0;0
11421;288;5;0;0
11422;510;6;0;1
11423;704;7;0;0
11424;284;5;0;0
11425;492;9;0;1
11426;699;5;0;0
11427;144;23;0;0
11428;315;33;0;0
11429;506;35;0;1
11430;692;35;0;0
11431;310;33;0;0
11432;500;35;0;1
11433;692;33;0;0
11434;133;4;0;0
11435;147;6;0;0
11436;272;13;0;0
11437;457;10;0;1
11438;617;10;0;0
11439;266;13;0;0
11440;455;10;0;1
11441;608;9;0;0
11442;122;11;0;0
11443;216;23;0;0
11444;341;28;0;1
11445;499;25;0;0
11446;224;21;0;0
11447;333;25;0;1
11448;487;27;0;0
11449;107;5;0;0
11450;194;10;1;0
11451;259;25;0;1
11452;448;21;0;0
11453;192;12;1;0
11454;248;31;0;1
11455;404;19;0;0
11456;134;10;0;0
11457;257;26;0;0
11458;398;9;0;1
11459;566;24;0;0
11460;246;26;1;0
11461;386;9;0;1
11462;524;24;0;0
11463;110;11;0;0
11464;219;26;0;0
11465;339;34;0;1
11466;414;29;0;0
11467;202;26;0;0
11468;302;34;0;1
11469;383;30;0;0
11470;143;7;0;0
11471;264;8;0;0
11472;393;10;0;1
11473;559;4;0;0
11474;258;7;0;0
11475;381;8;0;1
11476;545;4;0;0
11477;70;7;0;0
11478;121;16;0;0
11479;200;16;0;1
11480;308;19;0;0
11481;485;19;0;0
11482;107;18;0;0
11483;199;17;0;1
11484;296;17;0;0
11485;468;14;0;0
11486;152;5;0;0
11487;303;19;0;0
11488;449;23;0;1
11489;680;26;0;0
11490;302;19;0;0
11491;447;23;0;1
11492;676;26;0;0
11493;126;14;0;0
11494;229;10;0;0
11495;450;16;0;1
11496;540;28;0;0
11497;217;14;0;0
11498;443;16;0;1
11499;542;24;0;0
11500;125;3;0;0
11501;271;11;0;0
11502;447;6;0;1
11503;616;22;0;0
11504;262;11;0;0
11505;441;4;0;1
11506;603;15;0;0
11507;121;9;0;0
11508;334;9;0;0
11509;460;44;0;1
11510;666;16;0;0
11511;316;9;0;0
11512;437;56;0;1
11513;628;20;0;0
11514;101;28;0;0
11515;200;29;1;0
11516;353;28;0;1
11517;560;30;0;0
11518;198;29;1;0
11519;339;28;0;1
11520;538;30;0;0
11521;166;10;0;0
11522;299;15;0;0
11523;402;27;0;1
11524;609;9;0;0
11525;300;11;0;0
11526;413;19;0;1
11527;601;8;0;0
11528;149;5;0;0
11529;257;12;0;0
11530;317;27;0;1
11531;432;27;0;0
11532;258;12;0;0
11533;314;27;0;1
11534;431;25;0;0
11535;159;6;0;0
11536;317;34;0;0
11537;504;40;0;1
11538;672;43;0;0
11539;319;34;0;0
11540;501;40;0;1
11541;675;36;0;0
11542;151;0;0;0
11543;307;10;0;0
11544;479;15;0;1
11545;623;17;0;0
11546;297;10;0;0
11547;470;13;0;1
11548;606;17;0;0
11549;142;17;0;0
11550;305;16;0;0
11551;458;11;0;1
11552;623;25;0;0
11553;297;16;0;0
11554;467;11;0;1
11555;650;15;0;0
11556;122;13;0;0
11557;230;13;1;0
11558;418;27;0;1
11559;658;22;0;0
11560;228;12;1;0
11561;407;29;0;1
11562;627;15;0;0
11563;118;7;0;0
11564;209;11;1;0
11565;296;24;0;1
11566;438;28;0;0
11567;217;7;1;0
11568;290;22;0;1
11569;417;25;0;0
11570;171;4;0;0
11571;305;8;0;0
11572;462;12;0;1
11573;676;11;0;0
11574;298;7;0;0
11575;467;9;0;1
11576;661;10;0;0
11577;139;14;0;0
11578;295;21;0;0
11579;449;7;0;1
11580;610;21;0;0
11581;295;21;0;0
11582;445;7;0;1
11583;607;21;0;0
11584;87;13;0;0
11585;138;19;1;0
11586;268;40;0;1
11587;431;24;0;0
11588;122;18;1;0
11589;277;21;0;1
11590;393;21;0;0
11591;85;6;0;0
11592;143;11;1;0
11593;325;12;0;1
11594;503;22;0;0
11595;135;11;1;0
11596;306;12;0;1
11597;483;18;0;0
11598;111;5;0;0
11599;216;3;0;0
11600;359;30;0;1
11601;490;44;0;0
11602;193;5;0;0
11603;334;31;0;1
11604;499;33;0;0
11605;90;3;0;0
11606;179;7;0;0
11607;283;10;0;1
11608;379;19;0;0
11609;173;7;0;0
11610;281;10;0;1
11611;372;19;0;0
11612;86;7;0;0
11613;178;15;0;0
11614;244;16;0;1
11615;353;25;0;0
11616;180;10;0;0
11617;241;17;0;1
11618;357;26;0;0
11619;129;2;0;0
11620;200;6;0;0
11621;307;21;0;1
11622;487;12;0;0
11623;195;6;0;0
11624;313;16;0;1
11625;469;11;0;0
11626;57;6;0;0
11627;96;6;0;0
11628;185;9;0;1
11629;266;8;0;0
11630;94;6;0;0
11631;182;9;0;1
11632;241;11;0;0
11633;79;10;0;0
11634;180;9;0;0
11635;280;18;0;1
11636;459;19;0;0
11637;173;9;1;0
11638;278;19;0;1
11639;431;22;0;0
11640;102;10;0;0
11641;294;17;0;0
11642;420;8;0;1
11643;599;27;0;0
11644;287;18;0;0
11645;424;8;0;1
11646;595;21;0;0
11647;53;6;0;0
11648;105;4;0;0
11649;176;12;0;1
11650;250;9;0;0
11651;99;4;0;0
11652;166;12;0;1
11653;240;13;0;0
11654;146;4;0;0
11655;338;10;0;0
11656;535;10;0;1
11657;744;35;0;0
11658;331;10;0;0
11659;497;10;0;1
11660;681;35;0;0
11661;94;8;0;0
11662;161;15;1;0
11663;261;18;0;1
11664;359;23;0;0
11665;152;13;1;0
11666;260;17;0;1
11667;359;20;0;0
11668;66;2;0;0
11669;107;10;0;0
11670;188;7;0;1
11671;249;15;0;0
11672;381;32;0;0
11673;104;10;0;0
11674;191;5;0;1
11675;249;15;0;0
11676;383;31;0;0
11677;116;4;0;0
11678;190;19;0;0
11679;393;19;0;1
11680;559;23;0;0
11681;197;13;0;0
11682;390;12;0;1
11683;521;20;0;0
11684;124;13;0;0
11685;290;40;0;0
11686;438;44;0;1
11687;613;31;0;0
11688;284;30;0;0
11689;397;42;0;1
11690;529;24;0;0
11691;103;18;0;0
11692;208;11;1;0
11693;288;23;0;1
11694;330;45;0;0
11695;209;9;1;0
11696;277;23;0;1
11697;314;46;0;0
11698;132;5;0;0
11699;223;19;0;0
11700;369;27;0;1
11701;580;19;0;0
11702;223;17;0;0
11703;372;21;0;1
11704;575;15;0;0
11705;133;13;0;0
11706;219;30;0;0
11707;378;29;0;1
11708;518;15;0;0
11709;229;22;0;0
11710;380;28;0;1
11711;513;15;0;0
11712;144;13;0;0
11713;344;9;0;0
11714;451;7;0;1
11715;641;7;0;0
11716;323;11;0;0
11717;447;7;0;1
11718;629;7;0;0
11719;152;7;0;0
11720;273;19;0;0
11721;364;40;0;1
11722;582;28;0;0
11723;265;20;0;0
11724;363;41;0;1
11725;581;22;0;0
11726;144;5;0;0
11727;233;10;1;0
11728;326;16;0;1
11729;554;16;0;0
11730;219;10;1;0
11731;322;16;0;1
11732;513;16;0;0
11733;186;7;0;0
11734;402;13;0;0
11735;584;15;0;1
11736;724;15;0;0
11737;405;10;0;0
11738;559;15;0;1
11739;693;15;0;0
11740;37;13;0;0
11741;111;10;0;0
11742;221;8;0;1
11743;393;7;0;0
11744;502;5;0;0
11745;105;11;0;0
11746;228;8;0;1
11747;357;9;0;0
11748;466;5;0;0
11749;132;1;0;0
11750;235;4;0;0
11751;308;15;0;1
11752;430;14;0;0
11753;230;4;0;0
11754;306;15;0;1
11755;409;11;0;0
11756;75;6;0;0
11757;154;5;1;0
11758;227;17;0;1
11759;352;14;0;0
11760;154;5;1;0
11761;227;17;0;1
11762;336;10;0;0
11763;70;9;0;0
11764;137;25;0;0
11765;214;63;0;1
11766;305;83;0;0
11767;155;23;1;0
11768;217;48;0;1
11769;308;76;0;0
11770;128;19;0;0
11771;247;26;0;0
11772;442;30;0;1
11773;589;14;0;0
11774;249;26;0;0
11775;429;31;0;1
11776;579;13;0;0
11777;76;6;0;0
11778;134;12;0;0
11779;218;50;0;1
11780;346;28;0;0
11781;135;8;0;0
11782;212;50;0;1
11783;335;31;0;0
11784;131;11;0;0
11785;304;9;0;0
11786;529;14;0;1
11787;759;16;0;0
11788;290;9;0;0
11789;510;14;0;1
11790;719;14;0;0
11791;261;11;0;0
11792;343;23;0;0
11793;494;12;0;1
11794;703;14;0;0
11795;288;30;0;0
11796;432;46;0;1
11797;641;13;0;0
11798;66;7;0;0
11799;105;12;0;0
11800;197;18;0;1
11801;291;26;0;0
11802;105;12;0;0
11803;197;17;0;1
11804;281;27;0;0
11805;103;13;0;0
11806;168;43;0;0
11807;248;52;0;1
11808;346;50;0;0
11809;159;40;0;0
11810;248;52;0;1
11811;337;49;0;0
11812;151;15;0;0
11813;324;31;0;0
11814;559;15;0;1
11815;751;16;0;0
11816;325;27;0;0
11817;522;17;0;1
11818;691;15;0;0
11819;165;1;0;0
11820;318;14;0;0
11821;437;23;0;1
11822;597;23;0;0
11823;302;15;0;0
11824;437;23;0;1
11825;578;18;0;0
11826;132;12;0;0
11827;189;22;0;0
11828;322;29;0;1
11829;500;18;0;0
11830;204;13;0;0
11831;310;28;0;1
11832;481;17;0;0
11833;96;4;0;0
11834;182;6;0;0
11835;264;20;0;1
11836;389;27;0;0
11837;185;6;0;0
11838;270;17;0;1
11839;374;31;0;0
11840;110;7;0;0
11841;227;7;0;0
11842;373;18;0;1
11843;521;14;0;0
11844;216;7;0;0
11845;373;18;0;1
11846;525;15;0;0
11847;122;3;0;0
11848;281;16;0;0
11849;388;13;0;1
11850;528;29;0;0
11851;296;14;0;0
11852;387;13;0;1
11853;491;28;0;0
11854;78;10;0;0
11855;133;15;0;0
11856;234;18;0;1
11857;311;25;0;0
11858;141;16;1;0
11859;239;17;0;1
11860;312;25;0;0
11861;190;10;0;0
11862;342;16;0;0
11863;554;10;0;1
11864;714;8;0;0
11865;338;19;0;0
11866;548;12;0;1
11867;711;9;0;0
11868;100;13;0;0
11869;197;14;0;0
11870;386;11;0;1
11871;543;4;0;0
11872;206;9;0;0
11873;377;10;0;1
11874;534;5;0;0
11875;139;11;0;0
11876;307;11;0;0
11877;408;34;0;1
11878;571;27;0;0
11879;303;10;0;0
11880;399;32;0;1
11881;550;31;0;0
11882;168;0;0;0
11883;318;10;0;0
11884;472;9;0;1
11885;577;8;0;0
11886;289;18;0;0
11887;454;11;0;1
11888;604;11;0;0
11889;126;7;0;0
11890;205;14;1;0
11891;325;30;0;1
11892;501;22;0;0
11893;201;14;1;0
11894;319;30;0;1
11895;498;21;0;0
11896;60;5;0;0
11897;111;4;0;0
11898;154;21;0;1
11899;226;14;0;0
11900;125;6;0;0
11901;154;13;0;1
11902;221;15;0;0
11903;55;3;0;0
11904;141;12;0;0
11905;320;9;0;1
11906;482;46;0;0
11907;158;8;0;0
11908;319;7;0;1
11909;472;51;0;0
11910;83;13;0;0
11911;258;17;0;0
11912;513;12;0;1
11913;701;19;0;0
11914;256;16;0;0
11915;510;12;0;1
11916;649;17;0;0
11917;60;4;0;0
11918;133;15;0;0
11919;305;7;0;1
11920;426;18;0;0
11921;623;18;0;0
11922;126;15;0;0
11923;288;8;0;1
11924;420;14;0;0
11925;615;21;0;0
11926;47;0;0;0
11927;117;10;0;0
11928;284;4;0;1
11929;525;20;0;0
11930;120;10;0;0
11931;279;5;0;1
11932;519;16;0;0
11933;119;5;0;0
11934;283;12;0;0
11935;452;13;0;1
11936;599;17;0;0
11937;267;12;0;0
11938;400;19;0;1
11939;581;11;0;0
11940;114;8;0;0
11941;198;5;1;0
11942;298;5;0;1
11943;425;10;0;0
11944;183;5;1;0
11945;296;5;0;1
11946;402;9;0;0
11947;100;5;0;0
11948;227;10;0;0
11949;342;20;0;1
11950;455;26;0;0
11951;226;9;0;0
11952;348;24;0;1
11953;447;26;0;0
11954;86;7;0;0
11955;211;29;0;0
11956;444;27;0;1
11957;714;43;0;0
11958;209;30;0;0
11959;441;26;0;1
11960;679;38;0;0
11961;81;0;0;0
11962;114;4;0;0
11963;249;18;0;1
11964;328;9;0;0
11965;134;4;0;0
11966;232;18;0;1
11967;312;9;0;0
11968;73;6;0;0
11969;160;12;0;0
11970;343;11;0;1
11971;491;32;0;0
11972;157;12;0;0
11973;340;11;0;1
11974;466;33;0;0
11975;49;1;0;0
11976;121;18;0;0
11977;165;34;0;1
11978;275;62;0;0
11979;102;18;0;0
11980;153;37;0;1
11981;278;52;0;0
11982;27;0;0;0
11983;86;10;0;0
11984;169;17;0;1
11985;312;25;0;0
11986;96;8;0;0
11987;181;18;0;1
11988;310;25;0;0
11989;145;4;0;0
11990;271;18;0;0
11991;536;13;0;1
11992;694;21;0;0
11993;780;29;0;0
11994;262;20;0;0
11995;529;13;0;1
11996;655;22;0;0
11997;736;34;0;0
11998;57;4;0;0
11999;187;8;0;0
12000;325;11;0;1
12001;483;13;0;0
12002;174;12;0;0
12003;319;11;0;1
12004;470;16;0;0
12005;148;19;0;0
12006;304;37;0;0
12007;523;46;0;1
12008;808;37;0;0
12009;977;42;1;0
12010;297;35;0;0
12011;505;39;0;1
12012;758;35;0;0
12013;893;39;1;0
12014;73;0;0;0
12015;142;55;1;0
12016;238;89;0;1
12017;584;49;0;0
12018;138;55;1;0
12019;252;81;0;1
12020;488;43;0;0
12021;48;5;0;0
12022;112;10;0;0
12023;229;19;0;1
12024;352;50;0;0
12025;117;12;0;0
12026;240;17;0;1
12027;352;49;0;0
12028;73;10;0;0
12029;211;20;1;0
12030;321;18;0;1
12031;505;30;0;0
12032;210;20;1;0
12033;351;14;0;1
12034;491;18;0;0
12035;78;2;0;0
12036;201;25;0;0
12037;335;29;0;1
12038;538;27;0;0
12039;211;21;0;0
12040;334;35;0;1
12041;500;46;0;0
12042;47;0;0;0
12043;207;16;0;0
12044;384;32;0;1
12045;612;39;0;0
12046;209;14;0;0
12047;387;19;0;1
12048;637;29;0;0
12049;91;2;0;0
12050;226;2;0;0
12051;354;2;0;1
12052;513;2;0;0
12053;211;2;1;0
12054;347;2;0;1
12055;513;2;0;0
12056;75;4;0;0
12057;188;29;0;0
12058;270;49;0;1
12059;397;49;0;0
12060;188;27;0;0
12061;270;49;0;1
12062;374;54;0;0
12063;56;2;0;0
12064;93;5;0;0
12065;184;10;0;1
12066;317;20;0;0
12067;88;5;0;0
12068;157;13;0;1
12069;300;18;0;0
12070;75;6;0;0
12071;217;11;0;0
12072;287;8;0;1
12073;391;25;0;0
12074;221;9;0;0
12075;273;7;0;1
12076;363;25;0;0
12077;85;10;0;0
12078;292;28;0;0
12079;392;41;0;1
12080;654;28;0;0
12081;293;22;0;0
12082;359;47;0;1
12083;617;34;0;0
12084;71;6;0;0
12085;147;4;0;0
12086;338;12;0;1
12087;553;12;0;0
12088;148;4;0;0
12089;335;12;0;1
12090;527;13;0;0
12091;101;5;0;0
12092;253;4;0;0
12093;374;24;0;1
12094;558;24;0;0
12095;253;4;0;0
12096;372;22;0;1
12097;527;24;0;0
12098;53;5;0;0
12099;152;8;1;0
12100;282;46;0;1
12101;416;39;0;0
12102;141;4;1;0
12103;282;47;0;1
12104;415;37;0;0
12105;68;5;0;0
12106;156;9;1;0
12107;118;102;0;1
12108;332;33;0;0
12109;150;10;1;0
12110;88;108;0;1
12111;268;38;0;0
12112;84;3;0;0
12113;155;20;0;0
12114;277;17;0;1
12115;376;15;0;0
12116;152;20;0;0
12117;277;17;0;1
12118;379;15;0;0
12119;131;11;0;0
12120;253;23;0;0
12121;361;15;0;1
12122;618;18;0;0
12123;253;23;0;0
12124;344;26;0;1
12125;604;18;0;0
12126;70;12;0;0
12127;233;9;0;0
12128;394;16;0;1
12129;555;53;0;0
12130;641;75;0;0
12131;234;9;0;0
12132;372;15;0;1
12133;505;68;0;0
12134;556;87;0;0
12135;89;4;0;0
12136;193;10;0;0
12137;373;15;0;1
12138;495;38;0;0
12139;206;7;0;0
12140;343;29;0;1
12141;487;38;0;0
12142;51;4;0;0
12143;219;6;0;0
12144;387;7;0;1
12145;639;10;0;0
12146;202;8;0;0
12147;409;7;0;1
12148;611;15;0;0
12149;73;2;0;0
12150;147;3;0;0
12151;283;4;0;1
12152;426;27;0;0
12153;147;3;0;0
12154;280;4;0;1
12155;424;27;0;0
12156;240;10;0;0
12157;306;14;0;0
12158;525;21;0;1
12159;642;32;0;0
12160;304;14;0;0
12161;491;23;0;1
12162;578;35;0;0
12163;49;0;0;0
12164;84;8;0;0
12165;302;23;0;1
12166;487;17;0;0
12167;161;2;0;0
12168;303;23;0;1
12169;482;16;0;0
12170;108;0;0;0
12171;237;4;0;0
12172;317;36;0;1
12173;451;29;0;0
12174;229;4;0;0
12175;319;36;0;1
12176;429;28;0;0
12177;97;4;0;0
12178;271;11;0;0
12179;419;18;0;1
12180;626;11;0;0
12181;638;25;0;0
12182;258;11;0;0
12183;389;22;0;1
12184;619;8;0;0
12185;592;27;0;0
12186;136;5;0;0
12187;290;17;0;0
12188;433;24;0;1
12189;639;25;0;0
12190;282;20;0;0
12191;425;25;0;1
12192;584;25;0;0
12193;96;3;0;0
12194;284;12;1;0
12195;283;61;0;1
12196;492;30;0;0
12197;288;6;1;0
12198;318;20;0;1
12199;471;19;0;0
12200;153;23;0;0
12201;381;12;0;0
12202;645;41;0;1
12203;799;40;0;0
12204;382;13;0;0
12205;642;43;0;1
12206;772;40;0;0
12207;82;10;0;0
12208;216;19;0;0
12209;391;18;0;1
12210;576;27;0;0
12211;201;21;0;0
12212;384;18;0;1
12213;567;28;0;0
12214;61;8;0;0
12215;182;10;1;0
12216;248;26;0;1
12217;417;15;0;0
12218;179;10;0;0
12219;239;20;0;1
12220;391;17;0;0
12221;168;6;0;0
12222;291;14;0;0
12223;533;19;0;1
12224;689;18;0;0
12225;291;14;0;0
12226;534;19;0;1
12227;654;18;0;0
12228;134;7;0;0
12229;314;16;0;0
12230;466;27;0;1
12231;654;51;0;0
12232;285;16;0;0
12233;463;27;0;1
12234;642;51;0;0
12235;166;4;1;0
12236;290;11;0;0
12237;569;15;0;1
12238;726;22;0;0
12239;294;11;0;0
12240;567;15;0;1
12241;729;12;0;0
12242;89;3;0;0
12243;221;14;0;0
12244;427;53;0;1
12245;645;70;0;0
12246;221;14;0;0
12247;427;53;0;1
12248;581;80;0;0
12249;84;1;0;0
12250;106;7;0;0
12251;308;11;0;1
12252;423;41;0;0
12253;97;14;0;0
12254;314;8;0;1
12255;373;49;0;0
12256;83;8;0;0
12257;242;14;1;0
12258;423;26;0;1
12259;638;8;0;0
12260;233;13;1;0
12261;425;19;0;1
12262;634;10;0;0
12263;159;2;0;0
12264;361;2;0;0
12265;527;10;0;1
12266;731;7;0;0
12267;355;2;0;0
12268;513;10;0;1
12269;712;8;0;0
12270;59;2;0;0
12271;174;11;1;0
12272;207;29;0;1
12273;328;32;0;0
12274;165;12;1;0
12275;207;29;0;1
12276;317;28;0;0
12277;26;0;0;0
12278;104;8;0;0
12279;214;6;0;1
12280;290;26;0;0
12281;107;8;0;0
12282;201;6;0;1
12283;271;26;0;0
12284;46;0;0;0
12285;71;10;0;0
12286;177;18;0;1
12287;296;46;0;0
12288;71;10;0;0
12289;177;17;0;1
12290;276;50;0;0
12291;61;0;0;0
12292;114;0;0;0
12293;273;9;0;1
12294;461;0;0;0
12295;113;0;0;0
12296;272;9;0;1
12297;433;1;0;0
12298;61;2;0;0
12299;229;2;1;0
12300;422;8;0;1
12301;613;8;0;0
12302;211;6;1;0
12303;420;9;0;1
12304;575;9;0;0
12305;64;6;0;0
12306;175;18;0;0
12307;355;18;0;1
12308;498;10;0;0
12309;190;11;0;0
12310;339;20;0;1
12311;479;10;0;0
12312;99;5;0;0
12313;234;9;0;0
12314;414;23;0;1
12315;601;28;0;0
12316;224;4;0;0
12317;411;19;0;1
12318;582;28;0;0
12319;49;2;0;0
12320;187;9;0;0
12321;267;17;0;1
12322;378;19;0;0
12323;173;9;0;0
12324;272;17;0;1
12325;366;18;0;0
12326;101;0;0;0
12327;322;4;0;0
12328;421;24;0;0
12329;668;6;0;0
12330;866;14;0;0
12331;304;4;0;0
12332;416;25;0;0
12333;644;6;0;0
12334;797;14;0;0
12335;103;19;0;0
12336;274;34;0;0
12337;494;42;0;1
12338;797;36;0;0
12339;267;31;0;0
12340;484;42;0;1
12341;768;35;0;0
12342;60;1;0;0
12343;283;0;0;0
12344;492;6;0;1
12345;667;16;0;0
12346;292;0;0;0
12347;481;7;0;1
12348;649;15;0;0
12349;95;10;0;0
12350;188;39;0;0
12351;374;43;0;1
12352;577;67;0;0
12353;168;50;0;0
12354;368;44;0;1
12355;556;67;0;0
12356;66;2;0;0
12357;232;18;0;0
12358;402;12;0;1
12359;500;36;0;0
12360;240;15;0;0
12361;404;12;0;1
12362;484;22;0;0
12363;57;2;0;0
12364;202;9;1;0
12365;359;8;0;1
12366;518;15;0;0
12367;212;4;0;0
12368;341;12;0;1
12369;494;8;0;0
12370;65;4;0;0
12371;180;8;0;0
12372;324;19;0;1
12373;389;20;0;0
12374;188;4;0;0
12375;324;14;0;1
12376;379;22;0;0
12377;117;6;0;0
12378;198;17;0;0
12379;338;11;0;1
12380;541;11;0;0
12381;203;12;0;0
12382;314;10;0;1
12383;527;11;0;0
12384;106;1;0;0
12385;201;27;0;0
12386;361;15;0;1
12387;548;35;0;0
12388;198;26;0;0
12389;372;13;0;1
12390;525;29;0;0
12391;65;14;0;0
12392;150;63;0;0
12393;234;88;0;0
12394;325;118;0;0
12395;647;18;0;0
12396;147;66;0;0
12397;233;89;0;0
12398;327;116;0;0
12399;618;18;0;0
12400;107;4;0;0
12401;217;21;0;0
12402;331;45;0;1
12403;533;11;0;0
12404;233;12;0;0
12405;364;27;0;1
12406;519;12;0;0
12407;128;4;0;0
12408;254;5;0;0
12409;511;8;0;1
12410;699;12;0;0
12411;247;6;0;0
12412;505;6;0;1
12413;673;8;0;0
12414;104;3;0;0
12415;169;23;1;0
12416;296;16;0;1
12417;483;24;0;0
12418;166;19;1;0
12419;292;16;0;1
12420;476;20;0;0
12421;30;5;0;0
12422;72;10;0;0
12423;143;11;1;1
12424;267;36;0;0
12425;69;12;0;0
12426;102;21;0;1
12427;240;42;0;0
12428;147;15;1;0
12429;304;20;0;0
12430;489;21;0;1
12431;718;19;0;0
12432;298;20;0;0
12433;489;22;0;1
12434;702;19;0;0
12435;74;3;0;0
12436;250;10;0;0
12437;432;9;0;1
12438;666;6;0;0
12439;135;16;0;0
12440;361;15;0;1
12441;582;8;0;0
12442;106;3;0;0
12443;228;6;0;0
12444;341;26;0;1
12445;450;36;0;0
12446;224;6;0;0
12447;357;10;0;1
12448;446;25;0;0
12449;90;4;0;0
12450;220;20;0;0
12451;440;25;0;1
12452;606;26;0;0
12453;219;20;0;0
12454;430;25;0;1
12455;582;28;0;0
12456;154;0;0;0
12457;241;19;0;0
12458;583;21;0;1
12459;665;19;0;0
12460;706;55;0;0
12461;237;22;0;0
12462;573;22;0;1
12463;629;20;0;0
12464;647;64;0;0
12465;98;8;0;0
12466;236;32;0;0
12467;327;30;0;121
12468;472;132;0;144
12469;573;127;0;464
12470;236;32;0;0
12471;336;31;0;413
12472;480;125;0;964
12473;562;127;0;1388
12474;51;8;0;0
12475;187;5;0;0
12476;350;4;0;1
12477;506;32;0;0
12478;182;6;0;0
12479;341;6;0;1
12480;499;25;0;0
12481;24;0;0;0
12482;67;4;0;0
12483;268;7;0;1
12484;375;10;0;0
12485;70;2;0;0
12486;259;11;0;1
12487;329;12;0;0
12488;47;2;0;0
12489;110;4;0;0
12490;189;31;0;1
12491;435;31;0;0
12492;111;4;0;0
12493;187;30;0;1
12494;405;21;0;0
12495;68;20;0;0
12496;167;26;0;0
12497;310;99;0;1
12498;620;55;0;0
12499;163;29;0;0
12500;300;104;0;1
12501;539;61;0;0
12502;55;0;0;0
12503;95;10;0;0
12504;218;24;0;1
12505;307;43;0;0
12506;93;10;0;0
12507;217;24;0;1
12508;279;48;0;0
12509;76;3;0;0
12510;176;15;0;0
12511;321;12;0;1
12512;401;32;0;0
12513;171;17;0;0
12514;321;12;0;1
12515;399;32;0;0
12516;89;4;0;0
12517;201;4;1;0
12518;326;18;0;1
12519;542;4;0;0
12520;191;0;1;0
12521;327;18;0;1
12522;517;4;0;0
12523;91;1;0;0
12524;171;32;1;0
12525;232;75;0;1
12526;391;99;0;0
12527;167;32;1;0
12528;232;75;0;1
12529;366;99;0;0
12530;106;1;0;0
12531;280;8;0;0
12532;399;8;0;1
12533;545;6;0;0
12534;274;6;0;0
12535;385;8;0;1
12536;519;6;0;0
12537;34;1;0;0
12538;82;7;0;0
12539;150;14;0;1
12540;193;14;0;0
12541;82;7;0;0
12542;150;13;0;1
12543;190;15;0;0
12544;68;0;0;0
12545;171;9;1;0
12546;258;12;0;1
12547;385;20;0;0
12548;135;10;0;0
12549;259;5;0;1
12550;346;18;0;0
12551;116;10;0;0
12552;275;17;0;0
12553;522;28;0;1
12554;765;30;0;0
12555;282;16;0;0
12556;512;29;0;1
12557;720;32;0;0
12558;117;4;0;0
12559;330;2;0;0
12560;487;20;0;1
12561;686;18;0;0
12562;328;2;0;0
12563;474;20;0;1
12564;658;17;0;0
12565;85;8;0;0
12566;212;5;0;0
12567;391;15;0;1
12568;583;28;0;0
12569;212;5;0;0
12570;391;15;0;1
12571;584;28;0;0
12572;48;10;0;0
12573;206;12;0;0
12574;289;9;0;1
12575;450;37;0;0
12576;185;8;0;0
12577;275;12;0;1
12578;442;28;0;0
12579;43;4;0;0
12580;110;13;0;0
12581;350;29;0;1
12582;538;38;0;0
12583;112;11;0;0
12584;341;24;0;1
12585;515;37;0;0
12586;65;3;0;0
12587;164;2;0;0
12588;310;6;0;1
12589;495;7;0;0
12590;157;2;0;0
12591;295;6;0;1
12592;479;3;0;0
12593;82;0;0;0
12594;155;0;0;0
12595;334;0;0;1
12596;541;47;0;0
12597;155;0;0;0
12598;326;0;0;1
12599;525;47;0;0
12600;91;8;0;0
12601;199;15;1;0
12602;384;15;0;1
12603;542;30;0;0
12604;198;15;1;0
12605;375;15;0;1
12606;508;30;0;0
12607;150;1;0;0
12608;361;2;0;0
12609;579;2;0;1
12610;726;4;0;0
12611;338;2;0;0
12612;567;1;0;1
12613;695;4;0;0
12614;98;3;0;0
12615;203;7;1;0
12616;322;19;0;1
12617;524;26;0;0
12618;198;7;1;0
12619;320;19;0;1
12620;517;26;0;0
12621;63;2;0;0
12622;162;6;0;0
12623;287;17;0;1
12624;479;12;0;0
12625;171;5;0;0
12626;289;16;0;1
12627;466;14;0;0
12628;103;9;0;0
12629;224;23;0;0
12630;440;15;0;1
12631;601;25;0;0
12632;256;14;0;0
12633;434;19;0;1
12634;588;33;0;0
12635;110;3;0;0
12636;281;7;0;0
12637;462;19;0;1
12638;590;20;0;0
12639;275;7;0;0
12640;450;19;0;1
12641;543;17;0;0
12642;75;0;0;0
12643;134;7;0;0
12644;312;26;0;1
12645;580;39;0;0
12646;140;9;0;0
12647;303;24;0;1
12648;566;39;0;0
12649;82;10;0;0
12650;244;21;0;0
12651;469;19;0;1
12652;726;46;0;0
12653;239;20;0;0
12654;454;18;0;1
12655;741;21;0;0
12656;105;8;0;0
12657;267;29;0;0
12658;485;19;0;1
12659;781;9;0;0
12660;940;8;0;0
12661;249;23;0;0
12662;447;22;0;1
12663;755;9;0;0
12664;888;2;0;0
12665;100;4;0;0
12666;245;24;0;0
12667;436;25;0;1
12668;555;45;0;0
12669;717;27;0;0
12670;234;23;0;0
12671;422;20;0;1
12672;547;37;0;0
12673;660;30;0;0
12674;50;0;0;0
12675;117;2;0;0
12676;176;20;1;1
12677;242;22;0;0
12678;118;2;0;0
12679;175;20;1;1
12680;221;37;0;0
12681;92;8;0;0
12682;174;28;1;0
12683;229;34;0;1
12684;379;42;0;0
12685;148;27;0;0
12686;235;24;0;1
12687;354;24;0;0
12688;35;4;0;0
12689;93;9;0;0
12690;260;27;0;1
12691;469;14;0;0
12692;108;5;0;0
12693;262;22;0;1
12694;458;10;0;0
12695;91;1;0;0
12696;214;10;0;0
12697;245;53;0;1
12698;424;36;0;0
12699;681;73;0;0
12700;200;16;0;0
12701;270;29;0;1
12702;411;31;0;0
12703;550;102;0;0
12704;116;6;0;0
12705;233;16;0;0
12706;372;39;0;1
12707;563;36;0;0
12708;223;19;0;0
12709;350;39;0;1
12710;556;31;0;0
12711;36;4;0;0
12712;63;12;0;0
12713;206;4;0;1
12714;323;4;0;0
12715;63;13;0;0
12716;193;4;0;1
12717;319;4;0;0
12718;121;5;0;0
12719;332;9;0;0
12720;548;16;0;1
12721;739;10;0;0
12722;331;9;0;0
12723;528;14;0;1
12724;678;12;0;0
12725;69;5;0;0
12726;255;20;0;0
12727;440;15;0;1
12728;671;29;0;0
12729;237;19;0;0
12730;407;19;0;1
12731;640;32;0;0
12732;72;3;0;0
12733;201;18;0;0
12734;349;35;0;1
12735;593;7;0;0
12736;194;17;0;0
12737;330;34;0;1
12738;574;9;0;0
12739;77;0;0;0
12740;119;2;0;0
12741;214;37;0;1
12742;429;30;0;0
12743;118;2;0;0
12744;214;39;0;1
12745;430;28;0;0
12746;65;4;0;0
12747;101;8;0;0
12748;210;11;0;1
12749;376;30;0;0
12750;86;9;0;0
12751;189;8;0;1
12752;348;27;0;0
12753;81;4;0;0
12754;227;17;1;0
12755;397;15;0;1
12756;581;9;0;0
12757;274;5;0;0
12758;388;3;0;1
12759;566;6;0;0
12760;59;1;0;0
12761;210;10;1;0
12762;239;12;0;1
12763;363;5;0;0
12764;176;9;1;0
12765;244;5;0;1
12766;361;6;0;0
12767;116;5;0;0
12768;265;9;0;0
12769;381;25;0;1
12770;524;26;0;0
12771;255;7;0;0
12772;355;38;0;1
12773;489;28;0;0
12774;36;0;0;0
12775;143;15;0;0
12776;259;15;0;1
12777;504;15;0;0
12778;141;14;0;0
12779;252;18;0;1
12780;488;15;0;0
12781;46;5;0;0
12782;130;6;1;0
12783;230;26;0;1
12784;353;19;0;0
12785;128;2;1;0
12786;215;20;0;1
12787;321;20;0;0
12788;48;0;0;0
12789;132;12;0;0
12790;166;20;0;1
12791;298;44;0;0
12792;131;13;0;0
12793;171;20;0;1
12794;292;37;0;0
12795;73;0;0;0
12796;166;30;0;0
12797;305;23;0;1
12798;409;24;0;0
12799;155;30;1;0
12800;292;20;0;1
12801;327;25;0;0
12802;160;6;0;0
12803;377;3;0;0
12804;522;3;0;1
12805;715;37;0;0
12806;343;3;0;0
12807;504;3;0;1
12808;684;38;0;0
12809;60;0;0;0
12810;138;7;0;0
12811;192;7;0;1
12812;353;15;0;0
12813;135;1;0;0
12814;203;3;0;1
12815;339;13;0;0
12816;120;2;0;0
12817;241;18;0;0
12818;404;18;0;1
12819;520;15;0;0
12820;219;16;0;0
12821;396;14;0;1
12822;536;14;0;0
12823;105;4;0;0
12824;230;2;0;0
12825;353;17;0;1
12826;483;8;0;0
12827;225;2;0;0
12828;321;21;0;1
12829;484;8;0;0
12830;130;12;0;0
12831;267;20;0;0
12832;417;31;0;1
12833;582;25;0;0
12834;261;20;0;0
12835;411;27;0;1
12836;577;25;0;0
12837;94;4;0;0
12838;206;12;0;0
12839;283;33;0;1
12840;438;35;0;0
12841;185;12;0;0
12842;288;26;0;1
12843;421;16;0;0
12844;90;10;0;0
12845;201;23;0;0
12846;348;16;0;1
12847;488;13;0;0
12848;187;13;0;0
12849;343;16;0;1
12850;472;13;0;0
12851;70;9;0;0
12852;237;24;0;0
12853;331;30;0;1
12854;586;36;0;0
12855;221;27;0;0
12856;335;30;0;1
12857;530;36;0;0
12858;58;2;0;0
12859;161;2;0;0
12860;270;4;0;1
12861;398;5;0;0
12862;156;2;0;0
12863;270;4;0;1
12864;372;5;0;0
12865;121;6;0;0
12866;162;45;1;0
12867;276;47;0;1
12868;297;79;0;0
12869;165;43;1;0
12870;276;49;0;1
12871;295;77;0;0
12872;58;4;0;0
12873;142;8;0;0
12874;243;6;0;1
12875;353;6;0;0
12876;139;9;0;0
12877;249;5;0;1
12878;315;9;0;0
12879;67;5;0;0
12880;161;20;1;0
12881;337;19;0;1
12882;531;20;0;0
12883;152;16;1;0
12884;335;19;0;1
12885;499;19;0;0
12886;109;7;0;0
12887;284;7;0;0
12888;357;18;0;1
12889;548;5;0;0
12890;687;13;0;0
12891;270;8;0;0
12892;364;4;0;1
12893;469;17;0;0
12894;589;5;0;0
12895;90;8;0;0
12896;238;11;0;0
12897;390;15;0;1
12898;647;12;0;0
12899;925;9;0;0
12900;233;11;0;0
12901;384;10;0;1
12902;608;16;0;0
12903;828;7;0;0
12904;114;11;0;0
12905;240;14;0;0
12906;424;20;0;1
12907;596;24;0;0
12908;672;74;0;0
12909;237;14;0;0
12910;403;20;0;1
12911;562;24;0;0
12912;642;70;0;0
12913;146;23;0;0
12914;314;24;0;0
12915;496;32;0;1
12916;692;30;0;0
12917;301;27;0;0
12918;477;34;0;1
12919;647;27;0;0
12920;111;16;0;0
12921;318;90;0;0
12922;586;57;0;1
12923;914;22;0;0
12924;317;84;0;0
12925;546;52;0;1
12926;841;13;0;0
12927;79;4;0;0
12928;142;33;0;0
12929;328;41;0;1
12930;506;46;0;0
12931;143;33;0;0
12932;320;41;0;1
12933;481;49;0;0
12934;111;4;0;0
12935;170;30;1;0
12936;302;48;0;1
12937;433;62;0;0
12938;168;32;1;0
12939;293;48;0;1
12940;394;72;0;0
12941;83;0;0;0
12942;140;10;0;0
12943;287;17;0;1
12944;490;25;0;0
12945;137;10;0;0
12946;293;20;0;1
12947;453;17;0;0
12948;130;0;0;0
12949;222;2;0;0
12950;345;14;0;1
12951;460;4;0;0
12952;197;8;0;0
12953;316;8;0;1
12954;434;4;0;0
12955;144;12;0;0
12956;256;46;0;0
12957;402;26;0;1
12958;524;31;0;0
12959;246;47;0;0
12960;374;29;0;1
12961;519;21;0;0
12962;65;2;0;0
12963;166;14;1;0
12964;306;5;0;1
12965;417;6;0;0
12966;157;13;1;0
12967;302;5;0;1
12968;401;8;0;0
12969;103;2;0;0
12970;209;19;0;0
12971;297;19;0;1
12972;424;17;0;0
12973;206;19;0;0
12974;291;19;0;1
12975;407;20;0;0
12976;63;3;0;0
12977;137;7;1;0
12978;325;20;0;1
12979;502;21;0;0
12980;139;7;0;0
12981;326;21;0;1
12982;430;17;0;0
12983;45;5;0;0
12984;65;11;0;0
12985;229;37;0;1
12986;380;40;0;0
12987;63;13;0;0
12988;224;37;0;1
12989;360;40;0;0
12990;75;2;0;0
12991;160;17;1;0
12992;330;4;0;1
12993;467;9;0;0
12994;218;3;1;0
12995;334;8;0;1
12996;455;9;0;0
12997;74;1;0;0
12998;130;22;1;0
12999;279;64;0;1
13000;424;108;0;0
13001;130;22;1;0
13002;276;65;0;1
13003;420;108;0;0
13004;136;2;0;0
13005;179;5;0;0
13006;247;1;2;1
13007;347;13;2;0
13008;182;6;0;0
13009;256;4;1;1
13010;346;11;1;0
13011;99;1;1;0
13012;146;7;1;0
13013;229;16;3;1
13014;316;7;0;0
13015;146;7;0;0
13016;250;8;1;1
13017;315;8;0;0
13018;114;0;2;0
13019;147;10;0;0
13020;246;4;1;1
13021;333;5;6;0
13022;401;5;3;0
13023;153;6;1;0
13024;218;4;2;1
13025;319;4;5;0
13026;366;4;4;0
13027;185;0;3;0
13028;224;2;1;0
13029;279;13;2;1
13030;348;13;4;0
13031;437;0;2;0
13032;225;1;2;0
13033;285;12;2;1
13034;332;15;2;0
13035;429;0;1;0
13036;99;1;1;0
13037;181;1;0;0
13038;179;5;0;1
13039;223;11;3;0
13040;128;3;1;0
13041;192;5;1;1
13042;235;10;2;0
13043;121;1;0;0
13044;143;2;1;0
13045;232;0;2;1
13046;272;3;2;0
13047;129;1;1;0
13048;210;0;1;1
13049;249;0;1;0
13050;48;1;0;0
13051;171;3;1;0
13052;256;1;2;1
13053;385;0;3;0
13054;385;0;3;0
13055;149;3;1;0
13056;226;3;1;1
13057;364;1;1;0
13058;364;1;1;0
13059;161;0;0;0
13060;155;3;1;0
13061;239;8;1;1
13062;314;7;0;0
13063;138;4;0;0
13064;254;7;2;1
13065;303;9;1;0
13066;107;2;0;0
13067;138;9;0;0
13068;233;12;1;1
13069;316;6;3;0
13070;127;12;0;0
13071;228;12;2;1
13072;288;7;3;0
13073;127;1;1;0
13074;186;7;1;0
13075;292;6;3;1
13076;374;7;3;0
13077;191;6;3;0
13078;282;7;4;1
13079;356;9;1;0
13080;119;2;0;0
13081;127;22;2;0
13082;226;4;2;1
13083;326;12;2;0
13084;152;12;2;0
13085;261;6;1;1
13086;322;17;2;0
13087;156;3;1;0
13088;220;7;4;0
13089;331;10;2;1
13090;450;12;0;0
13091;243;4;1;0
13092;334;4;0;1
13093;397;5;0;0
13094;146;4;1;0
13095;194;18;1;0
13096;280;11;2;1
13097;322;14;5;0
13098;437;11;0;0
13099;188;10;0;0
13100;277;7;1;1
13101;325;13;4;0
13102;418;12;1;0
13103;112;1;0;0
13104;223;0;0;0
13105;255;0;1;1
13106;434;0;0;0
13107;223;0;1;0
13108;254;0;0;1
13109;370;0;0;0
13110;90;2;1;0
13111;96;2;0;0
13112;144;2;2;1
13113;229;10;3;0
13114;92;0;1;0
13115;180;1;1;1
13116;223;8;1;0
13117;178;3;1;0
13118;189;5;0;0
13119;335;16;5;1
13120;422;23;1;0
13121;440;27;1;0
13122;216;7;0;0
13123;305;12;3;1
13124;405;27;0;0
13125;441;28;1;0
13126;175;2;2;0
13127;232;1;1;0
13128;342;4;2;1
13129;400;1;3;0
13130;382;2;1;0
13131;223;1;1;0
13132;304;5;4;1
13133;391;0;3;0
13134;362;2;1;0
13135;116;3;0;0
13136;121;10;0;0
13137;192;27;2;1
13138;376;17;0;0
13139;121;7;0;0
13140;199;15;3;1
13141;318;16;0;0
13142;104;0;0;0
13143;158;15;0;0
13144;202;24;0;1
13145;208;36;0;0
13146;163;8;0;0
13147;202;6;1;1
13148;262;5;0;0
13149;104;2;0;0
13150;138;26;0;0
13151;170;46;2;1
13152;283;17;3;0
13153;122;19;0;0
13154;176;10;0;1
13155;226;35;3;0
13156;134;2;0;0
13157;157;30;0;0
13158;241;34;3;1
13159;256;38;2;0
13160;151;17;0;0
13161;241;11;2;1
13162;259;31;2;0
13163;117;0;0;0
13164;181;9;1;0
13165;233;11;0;1
13166;318;19;0;0
13167;122;14;0;0
13168;235;12;0;1
13169;319;6;0;0
13170;129;0;0;0
13171;178;9;0;0
13172;287;5;2;1
13173;401;5;1;0
13174;141;11;0;0
13175;269;4;0;1
13176;361;2;2;0
13177;117;3;2;0
13178;154;1;0;0
13179;190;1;0;1
13180;305;0;1;0
13181;169;2;0;0
13182;213;0;1;1
13183;340;0;0;0
13184;96;0;0;0
13185;125;1;0;0
13186;198;14;0;1
13187;277;2;0;0
13188;125;1;0;0
13189;182;11;0;1
13190;254;6;0;0
13191;96;2;0;0
13192;147;6;1;0
13193;182;12;1;1
13194;263;10;2;0
13195;154;5;0;0
13196;183;12;2;1
13197;263;6;0;0
13198;113;3;0;0
13199;144;8;1;0
13200;234;11;2;1
13201;315;22;0;0
13202;179;4;0;0
13203;243;16;3;1
13204;327;16;1;0
13205;112;0;0;0
13206;124;4;0;0
13207;231;5;0;1
13208;305;6;0;0
13209;124;4;0;0
13210;212;5;1;1
13211;304;6;0;0
13212;115;1;0;0
13213;171;14;0;0
13214;225;16;2;1
13215;320;24;3;0
13216;195;15;2;0
13217;233;24;0;1
13218;297;19;2;0
13219;83;1;0;0
13220;92;6;3;0
13221;206;11;1;1
13222;298;4;1;0
13223;134;9;1;0
13224;211;8;1;1
13225;270;6;3;0
13226;93;2;0;0
13227;129;14;1;0
13228;249;4;3;1
13229;395;4;2;0
13230;114;5;1;0
13231;257;4;3;1
13232;355;6;0;0
13233;116;2;0;0
13234;146;9;1;0
13235;235;15;3;1
13236;335;8;1;0
13237;144;6;1;0
13238;230;11;0;1
13239;337;4;2;0
13240;91;3;1;0
13241;170;2;0;0
13242;192;0;3;1
13243;333;1;1;0
13244;167;1;2;0
13245;185;2;1;1
13246;324;2;2;0
13247;135;2;0;0
13248;161;19;0;0
13249;236;5;3;1
13250;331;13;2;0
13251;145;16;2;0
13252;252;7;2;1
13253;298;16;1;0
13254;88;1;0;0
13255;144;23;0;0
13256;171;37;1;1
13257;203;41;0;0
13258;339;3;0;0
13259;136;14;0;0
13260;167;15;1;1
13261;226;8;0;0
13262;323;1;0;0
13263;114;2;1;0
13264;203;3;0;0
13265;265;8;1;1
13266;328;33;1;0
13267;164;17;0;0
13268;236;20;0;1
13269;342;20;2;0
13270;114;1;0;0
13271;116;10;1;0
13272;197;14;2;1
13273;338;12;1;0
13274;130;11;0;0
13275;204;13;3;1
13276;309;17;3;0
13277;108;3;0;0
13278;117;14;1;0
13279;208;18;1;1
13280;325;11;1;0
13281;122;8;0;0
13282;212;17;0;1
13283;296;21;2;0
13284;100;0;0;0
13285;127;3;2;0
13286;193;7;4;1
13287;261;6;5;0
13288;130;3;1;0
13289;177;7;0;1
13290;236;4;0;0
13291;122;2;0;0
13292;163;2;1;0
13293;211;27;2;1
13294;320;20;0;0
13295;167;1;3;0
13296;193;28;2;1
13297;320;20;0;0
13298;99;0;0;0
13299;144;23;1;0
13300;223;18;0;1
13301;229;32;0;0
13302;137;10;0;0
13303;179;22;0;1
13304;260;11;0;0
13305;150;4;1;0
13306;208;10;0;0
13307;215;13;2;1
13308;370;28;1;0
13309;163;28;0;0
13310;239;6;2;1
13311;376;9;1;0
13312;105;1;1;0
13313;149;2;0;0
13314;203;10;1;1
13315;291;4;2;0
13316;148;2;1;0
13317;203;6;2;1
13318;242;3;0;0
13319;108;1;0;0
13320;169;16;1;0
13321;229;15;0;1
13322;306;2;0;0
13323;158;6;1;0
13324;229;6;0;1
13325;286;4;0;0
13326;129;1;0;0
13327;206;0;1;0
13328;294;0;0;1
13329;366;0;0;0
13330;162;0;0;0
13331;263;0;0;1
13332;302;0;0;0
13333;95;0;0;0
13334;129;0;0;0
13335;240;0;0;1
13336;311;0;0;0
13337;127;0;0;0
13338;221;0;0;1
13339;293;0;0;0
13340;105;2;1;0
13341;142;6;1;0
13342;222;7;1;1
13343;315;6;4;0
13344;128;5;2;0
13345;213;8;1;1
13346;313;6;4;0
13347;92;0;0;0
13348;115;5;0;0
13349;191;14;0;1
13350;225;28;0;0
13351;116;4;0;0
13352;188;13;0;1
13353;224;26;0;0
13354;122;0;0;0
13355;239;5;0;0
13356;347;4;1;1
13357;524;7;0;0
13358;235;4;0;0
13359;342;6;2;1
13360;476;6;2;0
13361;139;1;0;0
13362;265;4;2;0
13363;384;4;1;1
13364;584;7;0;0
13365;653;7;1;0
13366;258;4;0;0
13367;378;6;2;1
13368;534;7;1;0
13369;653;7;1;0
13370;92;3;0;0
13371;126;7;0;0
13372;215;9;1;1
13373;259;29;3;0
13374;133;5;0;0
13375;197;14;0;1
13376;245;18;3;0
13377;160;2;0;0
13378;236;9;1;0
13379;350;3;0;1
13380;462;1;1;0
13381;366;2;0;0
13382;228;11;1;0
13383;328;6;2;1
13384;456;1;1;0
13385;362;1;0;0
13386;91;1;1;0
13387;136;6;1;0
13388;232;9;2;1
13389;360;5;0;0
13390;126;8;2;0
13391;233;6;2;1
13392;341;5;0;0
13393;72;2;0;0
13394;82;29;0;0
13395;140;34;1;1
13396;192;28;3;0
13397;81;8;0;0
13398;141;18;1;1
13399;185;28;1;0
13400;157;3;1;0
13401;187;1;2;0
13402;254;22;2;1
13403;381;2;0;0
13404;198;0;1;0
13405;197;50;1;1
13406;386;3;0;0
13407;71;1;1;0
13408;121;5;2;0
13409;175;11;0;1
13410;221;8;0;0
13411;110;3;2;0
13412;162;11;0;1
13413;219;6;2;0
13414;126;4;0;0
13415;159;2;1;0
13416;286;5;2;1
13417;383;4;1;0
13418;160;2;0;0
13419;281;0;2;1
13420;362;1;0;0
13421;110;2;1;0
13422;172;21;0;0
13423;256;15;2;1
13424;346;10;2;0
13425;340;8;1;0
13426;177;20;2;0
13427;261;9;0;1
13428;283;29;3;0
13429;318;8;3;0
13430;136;4;0;0
13431;184;12;1;0
13432;261;6;2;1
13433;370;7;2;0
13434;189;11;0;0
13435;261;6;0;1
13436;349;8;0;0
13437;110;1;1;0
13438;174;7;1;0
13439;323;9;2;1
13440;434;6;1;0
13441;172;7;1;0
13442;317;10;2;1
13443;461;5;1;0
13444;201;0;0;0
13445;266;6;0;0
13446;353;38;0;1
13447;568;6;0;0
13448;251;5;0;0
13449;397;6;0;1
13450;537;6;0;0
13451;129;1;1;0
13452;186;5;0;0
13453;302;4;3;1
13454;349;5;2;0
13455;176;5;2;0
13456;299;4;3;1
13457;351;4;1;0
13458;79;4;0;0
13459;115;6;1;0
13460;187;12;4;1
13461;246;21;0;0
13462;113;7;0;0
13463;171;16;1;1
13464;249;13;0;0
13465;132;2;0;0
13466;160;16;1;0
13467;278;24;3;1
13468;366;17;3;0
13469;458;9;0;0
13470;156;15;0;0
13471;223;24;1;1
13472;346;6;3;0
13473;441;9;1;0
13474;83;1;0;0
13475;145;0;0;0
13476;237;0;0;1
13477;308;18;0;0
13478;135;0;0;0
13479;223;0;0;1
13480;285;0;0;0
13481;92;2;2;0
13482;122;6;2;0
13483;179;17;0;1
13484;227;5;2;0
13485;111;5;2;0
13486;163;11;1;1
13487;227;7;2;0
13488;74;2;1;0
13489;113;4;2;0
13490;176;11;0;1
13491;244;6;2;0
13492;110;4;0;0
13493;171;6;2;1
13494;220;12;1;0
13495;81;0;1;0
13496;99;5;1;0
13497;179;12;1;1
13498;298;12;2;0
13499;108;5;0;0
13500;180;12;0;1
13501;291;10;2;0
13502;127;4;1;0
13503;171;13;0;0
13504;284;13;2;1
13505;368;13;0;0
13506;189;15;1;0
13507;246;12;3;1
13508;356;12;0;0
13509;71;9;0;0
13510;148;11;0;0
13511;259;14;0;1
13512;342;14;0;0
13513;170;11;1;0
13514;259;14;0;1
13515;334;14;0;0
13516;74;6;0;0
13517;165;16;1;0
13518;250;23;0;1
13519;334;19;0;0
13520;163;16;1;0
13521;243;23;0;1
13522;315;19;0;0
13523;88;12;0;0
13524;146;14;0;0
13525;248;41;0;1
13526;310;55;0;0
13527;146;14;0;0
13528;248;42;0;1
13529;294;58;0;0
13530;49;7;0;0
13531;176;5;0;0
13532;250;6;0;1
13533;389;6;0;0
13534;177;5;1;0
13535;249;6;0;1
13536;374;6;0;0
13537;38;5;0;0
13538;62;3;0;0
13539;170;8;1;1
13540;340;13;0;0
13541;58;5;0;0
13542;174;8;1;1
13543;330;13;0;0
13544;44;4;0;0
13545;125;8;0;0
13546;203;9;0;1
13547;280;15;0;0
13548;124;8;1;0
13549;196;9;0;1
13550;274;15;0;0
13551;25;0;0;0
13552;66;5;0;0
13553;158;0;0;1
13554;224;7;0;0
13555;56;5;0;0
13556;155;3;0;1
13557;229;5;0;0
13558;34;0;0;0
13559;128;9;0;0
13560;226;17;0;1
13561;306;13;0;0
13562;113;7;0;0
13563;221;7;0;1
13564;313;6;0;0
13565;76;1;0;0
13566;153;13;0;0
13567;261;16;0;1
13568;405;6;0;0
13569;172;8;0;0
13570;238;22;0;1
13571;377;7;0;0
13572;35;6;0;0
13573;55;5;0;0
13574;243;2;0;1
13575;306;19;0;0
13576;62;4;0;0
13577;237;1;0;1
13578;280;26;0;0
13579;65;0;0;0
13580;140;3;0;0
13581;278;4;0;1
13582;393;10;0;0
13583;137;3;0;0
13584;271;4;0;1
13585;378;10;0;0
13586;55;3;0;0
13587;70;11;0;0
13588;174;31;0;1
13589;214;69;0;0
13590;70;11;0;0
13591;174;31;0;1
13592;213;68;0;0
13593;75;0;0;0
13594;119;1;0;0
13595;282;15;0;1
13596;338;46;0;0
13597;129;2;0;0
13598;280;16;0;1
13599;329;37;0;0
13600;54;6;0;0
13601;178;18;1;0
13602;192;24;0;1
13603;380;10;0;0
13604;169;18;1;0
13605;195;24;0;1
13606;350;14;0;0
13607;63;6;0;0
13608;118;20;0;0
13609;186;23;0;1
13610;233;24;0;0
13611;116;17;0;0
13612;186;23;0;1
13613;264;24;0;0
13614;42;3;0;0
13615;62;5;0;0
13616;154;4;0;1
13617;179;24;0;0
13618;230;54;0;0
13619;63;5;0;0
13620;154;4;0;1
13621;179;24;0;0
13622;231;53;0;0
13623;61;8;0;0
13624;103;14;0;0
13625;150;31;0;1
13626;221;24;0;0
13627;160;14;0;220
13628;122;20;0;0
13629;187;36;0;1
13630;320;16;0;0
13631;118;30;0;428
13632;69;0;0;0
13633;141;17;0;0
13634;233;7;0;1
13635;282;22;0;0
13636;370;6;0;0
13637;145;14;0;0
13638;232;5;0;1
13639;282;23;0;0
13640;379;13;0;0
13641;54;0;0;0
13642;98;2;0;0
13643;221;9;1;1
13644;386;9;0;0
13645;98;2;0;0
13646;212;9;1;1
13647;383;9;0;0
13648;36;1;0;0
13649;72;12;0;0
13650;186;17;0;1
13651;277;45;0;0
13652;76;11;0;0
13653;144;27;0;1
13654;280;26;0;0
13655;114;2;0;0
13656;182;10;1;0
13657;246;18;0;1
13658;321;24;0;0
13659;191;10;0;0
13660;246;18;0;1
13661;311;24;0;0
13662;56;8;0;0
13663;127;4;0;0
13664;277;8;0;1
13665;429;19;0;0
13666;128;6;0;0
13667;269;6;0;1
13668;415;17;0;0
13669;44;0;0;0
13670;63;14;0;0
13671;120;33;0;1
13672;211;39;0;0
13673;63;14;0;0
13674;120;32;0;1
13675;205;39;0;0
13676;72;0;0;0
13677;115;10;0;0
13678;203;20;0;1
13679;277;12;0;0
13680;104;10;0;0
13681;201;23;0;1
13682;263;15;0;0
13683;49;1;0;0
13684;97;21;0;0
13685;145;25;0;1
13686;208;30;0;0
13687;100;20;0;0
13688;153;25;0;1
13689;192;28;0;0
13690;43;0;0;0
13691;57;6;0;0
13692;238;3;1;1
13693;400;5;0;0
13694;57;4;0;0
13695;232;3;0;1
13696;411;4;0;0
13697;252;12;10;0
13698;114;4;4;0
13699;130;7;0;0
13700;150;6;6;1
13701;191;8;2;0
13702;82;0;2;0
13703;69;2;6;0
13704;138;12;0;1
13705;161;8;8;0
13706;209;2;0;0
13707;104;8;4;0
13708;104;4;4;0
13709;135;5;6;1
13710;169;8;3;0
13711;229;14;0;0
13712;138;7;2;0
13713;158;8;6;0
13714;191;2;4;1
13715;274;16;10;0
13716;345;8;0;0
13717;249;16;6;0
13718;130;8;2;0
13719;142;6;4;0
13720;183;8;4;1
13721;211;12;4;0
13722;50;4;6;0
13723;71;3;0;0
13724;146;8;10;1
13725;176;4;4;0
13726;237;14;6;0
13727;95;6;2;0
13728;117;1;12;0
13729;151;10;5;1
13730;229;12;4;0
13731;141;9;4;0
13732;159;6;6;0
13733;198;2;1;1
13734;247;12;2;0
13735;273;10;8;0
13736;50;2;6;0
13737;24;2;2;0
13738;154;4;8;1
13739;202;10;0;0
13740;275;8;6;0
13741;80;8;0;0
13742;107;9;2;0
13743;141;12;1;1
13744;190;8;8;0
13745;258;10;4;0
13746;116;9;4;0
13747;115;5;2;0
13748;142;8;2;1
13749;202;6;8;0
13750;249;14;10;0
13751;288;8;6;0
13752;49;4;4;0
13753;64;1;2;0
13754;164;8;5;1
13755;209;8;4;0
13756;102;4;6;0
13757;71;2;2;0
13758;164;6;2;1
13759;202;10;2;0
13760;297;12;10;0
13761;214;10;4;0
13762;42;0;4;0
13763;50;0;4;0
13764;122;3;2;1
13765;163;6;9;0
13766;65;6;2;0
13767;85;7;4;0
13768;151;8;8;1
13769;178;8;0;0
13770;246;6;4;0
13771;88;2;4;0
13772;114;7;8;0
13773;135;10;6;1
13774;175;12;8;0
13775;244;12;6;0
13776;59;4;0;0
13777;82;7;12;0
13778;120;4;6;1
13779;195;6;4;0
13780;280;12;12;0
13781;135;9;2;0
13782;143;11;2;0
13783;177;6;5;1
13784;217;2;4;0
13785;234;10;10;0
13786;127;10;4;0
13787;126;9;2;0
13788;151;8;6;1
13789;185;6;4;0
13790;262;8;10;0
13791;144;10;4;0
13792;139;13;2;0
13793;183;4;11;1
13794;225;6;4;0
13795;267;12;6;0
13796;56;0;4;0
13797;68;4;4;0
13798;151;7;2;1
13799;200;4;5;0
13800;287;8;6;0
13801;58;6;0;0
13802;108;7;2;0
13803;148;8;9;1
13804;209;6;6;0
13805;285;10;6;0
13806;65;2;0;0
13807;86;4;0;0
13808;161;9;6;1
13809;189;2;1;0
13810;278;20;8;0
13811;127;2;0;0
13812;138;8;8;0
13813;208;10;5;1
13814;254;14;8;0
13815;310;4;8;0
13816;127;2;4;0
13817;137;11;6;0
13818;162;4;4;1
13819;194;4;9;0
13820;274;8;6;0
13821;129;6;4;0
13822;123;8;0;0
13823;158;11;6;1
13824;199;10;4;0
13825;274;12;6;0
13826;92;2;0;0
13827;101;2;2;0
13828;126;1;2;1
13829;167;8;7;0
13830;266;6;10;0
13831;46;0;6;0
13832;60;6;2;0
13833;179;8;4;1
13834;230;10;2;0
13835;312;4;8;0
13836;33;6;2;0
13837;41;2;2;0
13838;139;6;4;1
13839;167;6;3;0
13840;239;10;8;0
13841;71;4;2;0
13842;90;11;4;0
13843;153;8;8;1
13844;200;4;6;0
13845;279;10;8;0
13846;34;15;0;0
13847;35;24;0;0
13848;231;10;0;1
13849;296;26;0;0
13850;46;13;0;0
13851;178;7;0;1
13852;331;1;0;0
13853;105;0;0;0
13854;183;1;1;0
13855;237;18;3;1
13856;329;31;0;0
13857;202;0;0;0
13858;193;28;1;1
13859;377;11;0;0
13860;90;0;0;0
13861;119;5;3;0
13862;162;43;2;1
13863;275;31;0;0
13864;101;10;1;0
13865;168;24;1;1
13866;298;16;2;0
13867;105;0;0;0
13868;157;0;0;0
13869;252;0;0;1
13870;353;0;0;0
13871;144;0;0;0
13872;253;0;0;1
13873;320;0;0;0
13874;105;1;0;0
13875;162;0;0;0
13876;229;0;0;1
13877;316;0;0;0
13878;167;0;0;0
13879;230;0;0;1
13880;314;0;0;0
13881;60;0;1;0
13882;85;11;0;0
13883;217;9;1;1
13884;353;11;0;0
13885;84;16;0;0
13886;201;7;2;1
13887;368;16;0;0
13888;127;1;1;0
13889;162;15;2;0
13890;208;42;2;1
13891;433;31;2;0
13892;194;16;0;0
13893;276;19;1;1
13894;167;138;0;0
13895;95;1;1;0
13896;120;11;0;0
13897;152;40;2;1
13898;344;32;3;0
13899;60;14;1;0
13900;206;32;4;1
13901;284;28;0;0
13902;103;0;0;0
13903;90;10;0;0
13904;190;43;0;1
13905;279;39;0;0
13906;65;12;0;0
13907;171;33;1;1
13908;344;25;0;0
13909;133;6;1;0
13910;185;18;0;1
13911;431;28;1;0
13912;127;1;1;0
13913;220;6;1;1
13914;342;21;0;0
13915;148;11;1;0
13916;242;10;3;1
13917;292;21;2;0
13918;145;9;0;0
13919;165;22;2;1
13920;324;15;1;0
13921;82;0;0;0
13922;145;7;0;0
13923;208;11;0;1
13924;314;12;0;0
13925;146;7;1;0
13926;197;18;0;1
13927;373;6;0;0
13928;101;0;1;0
13929;109;14;0;0
13930;206;6;0;1
13931;253;29;3;0
13932;127;6;1;0
13933;157;13;1;1
13934;259;21;3;0
13935;97;1;0;0
13936;154;0;0;0
13937;223;0;0;1
13938;319;0;0;0
13939;154;0;0;0
13940;217;0;0;1
13941;302;0;0;0
13942;156;1;0;0
13943;222;0;1;1
13944;309;0;0;0
13945;112;1;0;0
13946;189;0;1;0
13947;230;0;0;1
13948;269;0;0;0
13949;189;0;1;0
13950;234;0;0;1
13951;269;0;0;0
13952;192;0;0;0
13953;230;0;1;1
13954;269;0;0;0
13955;160;2;0;0
13956;283;0;4;0
13957;418;0;1;1
13958;504;3;0;0
13959;293;0;3;0
13960;418;1;0;1
13961;500;1;0;0
13962;51;1;0;0
13963;78;6;0;0
13964;157;28;2;1
13965;333;6;4;0
13966;113;3;0;0
13967;168;27;1;1
13968;350;1;1;0
13969;108;3;1;0
13970;137;10;3;0
13971;215;21;0;1
13972;297;12;1;0
13973;134;7;1;0
13974;269;8;3;1
13975;311;17;1;0
13976;79;12;2;0
13977;164;7;2;1
13978;248;50;2;0
13979;86;7;0;0
13980;143;27;2;1
13981;237;52;0;0
13982;65;1;0;0
13983;137;0;1;0
13984;186;0;0;1
13985;224;0;0;0
13986;138;0;1;0
13987;186;0;0;1
13988;213;0;0;0
13989;137;1;0;0
13990;186;0;0;1
13991;220;0;1;0
13992;81;2;1;0
13993;103;17;1;0
13994;170;7;2;1
13995;208;14;1;0
13996;63;42;1;0
13997;150;7;1;1
13998;144;63;2;0
13999;102;0;0;0
14000;163;0;0;0
14001;218;0;0;1
14002;327;0;0;0
14003;142;0;0;0
14004;217;0;0;1
14005;317;0;0;0
14006;81;0;1;0
14007;81;2;1;0
14008;203;5;2;1
14009;284;3;2;0
14010;118;2;1;0
14011;200;5;2;1
14012;300;18;1;0
14013;90;0;2;0
14014;279;4;4;0
14015;351;38;5;1
14016;572;4;1;0
14017;264;10;1;0
14018;362;10;1;1
14019;496;4;1;0
14020;116;1;0;0
14021;192;0;0;0
14022;223;0;0;1
14023;350;0;0;0
14024;194;0;0;0
14025;251;0;0;1
14026;350;0;0;0
14027;192;0;0;0
14028;223;0;0;1
14029;349;0;0;0
14030;80;0;1;0
14031;93;10;0;0
14032;161;7;0;1
14033;226;15;2;0
14034;96;2;1;0
14035;171;13;0;1
14036;303;9;0;0
14037;94;0;1;0
14038;119;7;0;0
14039;147;44;4;1
14040;264;26;2;0
14041;138;6;2;0
14042;185;26;3;1
14043;255;11;3;0
14044;108;2;0;0
14045;117;8;0;0
14046;177;3;1;1
14047;219;25;2;0
14048;121;5;0;0
14049;207;3;2;1
14050;230;22;1;0
14051;58;0;0;0
14052;108;0;0;0
14053;245;0;0;1
14054;350;0;0;0
14055;121;0;0;0
14056;245;0;0;1
14057;347;0;0;0
14058;43;0;0;0
14059;77;2;0;0
14060;137;17;2;1
14061;255;36;2;0
14062;105;1;1;0
14063;137;37;0;1
14064;293;7;3;0
14065;70;0;0;0
14066;273;0;0;0
14067;366;0;0;1
14068;438;0;0;0
14069;264;0;0;0
14070;325;0;0;1
14071;424;0;0;0
14072;265;0;1;0
14073;360;0;0;1
14074;438;0;0;0
14075;72;0;0;0
14076;126;0;0;0
14077;192;0;1;1
14078;261;0;0;0
14079;132;0;0;0
14080;186;0;1;1
14081;260;0;0;0
14082;126;1;0;0
14083;192;0;0;1
14084;259;0;0;0
14085;116;2;0;0
14086;94;33;2;0
14087;215;37;2;1
14088;500;4;4;0
14089;106;10;1;0
14090;217;10;3;1
14091;391;4;1;0
14092;94;1;1;0
14093;125;1;0;0
14094;164;8;2;1
14095;282;6;2;0
14096;116;1;0;0
14097;176;9;0;1
14098;261;6;3;0
14099;120;0;0;0
14100;104;8;0;0
14101;205;8;0;1
14102;323;7;0;0
14103;141;2;0;0
14104;200;2;0;1
14105;273;11;0;0
14106;107;0;0;0
14107;107;7;0;0
14108;168;30;0;1
14109;270;2;0;0
14110;72;8;0;0
14111;181;14;0;1
14112;283;16;0;0
14113;64;1;0;0
14114;87;2;2;0
14115;176;15;1;1
14116;299;22;4;0
14117;106;6;1;0
14118;151;18;1;1
14119;275;25;6;0
14120;62;0;0;0
14121;113;6;0;0
14122;181;18;1;1
14123;317;17;2;0
14124;124;4;0;0
14125;241;8;1;1
14126;307;15;2;0
14127;102;0;2;0
14128;116;7;1;0
14129;240;9;1;1
14130;317;26;2;0
14131;167;7;1;0
14132;221;9;0;1
14133;313;9;3;0
14134;111;1;0;0
14135;142;4;0;0
14136;235;34;4;1
14137;438;3;1;0
14138;130;3;1;0
14139;239;6;2;1
14140;306;14;4;0
14141;104;0;0;0
14142;90;1;0;0
14143;163;8;1;1
14144;274;10;0;0
14145;94;5;0;0
14146;136;23;1;1
14147;279;8;0;0
14148;57;0;0;0
14149;83;6;0;0
14150;128;35;2;1
14151;264;24;0;0
14152;85;5;1;0
14153;137;29;3;1
14154;234;53;0;0
14155;62;15;0;0
14156;192;12;1;1
14157;261;26;0;0
14158;91;11;0;0
14159;243;3;0;1
14160;309;6;0;0
14161;371;18;0;0
14162;376;10;0;0
14163;296;6;5;0
14164;292;5;3;0
14165;249;8;3;0
14166;230;9;3;0
14167;108;24;1;0
14168;223;41;2;1
14169;394;10;0;0
14170;124;15;2;0
14171;263;10;2;1
14172;310;23;0;0
14173;105;1;0;0
14174;162;7;0;0
14175;314;17;0;1
14176;451;6;0;0
14177;160;9;0;0
14178;307;17;0;1
14179;464;1;0;0
14180;300;2;0;0
14181;275;2;0;0
14182;100;2;1;0
14183;117;15;0;0
14184;177;30;3;1
14185;412;7;0;0
14186;92;27;1;0
14187;183;24;1;1
14188;318;3;2;0
14189;308;3;3;0
14190;296;3;5;0
14191;150;0;0;0
14192;145;5;0;0
14193;250;22;0;1
14194;323;21;0;0
14195;117;16;0;0
14196;192;37;1;1
14197;296;9;0;0
14198;299;3;1;0
14199;302;3;1;0
14200;125;1;0;0
14201;147;5;0;0
14202;235;32;0;1
14203;340;11;0;0
14204;134;4;0;0
14205;236;10;0;1
14206;357;0;0;0
14207;373;0;0;0
14208;124;2;1;0
14209;123;2;1;0
14210;245;16;3;1
14211;376;14;1;0
14212;153;9;1;0
14213;293;3;5;1
14214;343;5;3;0
14215;135;1;0;0
14216;161;5;0;0
14217;305;6;0;1
14218;390;1;0;0
14219;143;3;0;0
14220;332;3;0;1
14221;392;2;0;0
14222;96;0;0;0
14223;123;5;0;0
14224;226;8;0;1
14225;373;7;0;0
14226;126;8;0;0
14227;228;9;0;1
14228;353;14;0;0
14229;292;6;4;0
14230;298;7;3;0
14231;323;5;0;0
14232;300;8;0;0
14233;281;9;3;0
14234;232;18;2;0
14235;73;0;0;0
14236;101;8;0;0
14237;223;7;0;1
14238;355;5;0;0
14239;97;7;0;0
14240;192;9;0;1
14241;273;8;0;0
14242;78;2;0;0
14243;57;32;2;0
14244;192;17;0;1
14245;246;11;4;0
14246;69;18;2;0
14247;160;13;0;1
14248;253;12;4;0
14249;304;5;4;0
14250;284;9;3;0
14251;309;24;0;0
14252;288;22;0;0
14253;97;2;0;0
14254;136;7;1;0
14255;184;38;2;1
14256;331;5;2;0
14257;66;28;0;0
14258;191;9;0;1
14259;326;6;4;0
14260;66;0;0;0
14261;71;9;0;0
14262;127;21;0;1
14263;269;11;0;0
14264;60;24;0;0
14265;160;11;0;1
14266;230;11;0;0
14267;122;1;0;0
14268;100;36;3;0
14269;226;17;2;1
14270;370;8;2;0
14271;314;8;2;0
14272;77;39;1;0
14273;169;31;1;1
14274;365;2;2;0
14275;308;3;1;0
14276;98;2;1;0
14277;101;21;2;0
14278;216;21;3;1
14279;357;30;2;0
14280;93;23;1;0
14281;221;17;2;1
14282;340;17;2;0
14283;130;1;0;0
14284;152;2;1;0
14285;264;5;6;1
14286;330;19;1;0
14287;135;19;0;0
14288;269;40;2;1
14289;372;19;1;0
14290;86;5;0;0
14291;94;5;2;0
14292;188;6;3;1
14293;254;13;5;0
14294;128;7;3;0
14295;178;7;0;1
14296;248;9;4;0
14297;85;0;0;0
14298;118;1;0;0
14299;208;8;0;1
14300;295;11;0;0
14301;88;10;0;0
14302;213;8;0;1
14303;284;3;0;0
14304;329;4;0;0
14305;296;5;0;0
14306;85;1;0;0
14307;72;8;1;0
14308;202;11;4;1
14309;262;19;2;0
14310;80;12;0;0
14311;195;4;0;1
14312;261;9;4;0
14313;106;2;1;0
14314;252;76;0;0
14315;360;76;1;1
14316;544;59;3;0
14317;103;85;1;0
14318;267;62;0;1
14319;504;27;0;0
14320;96;9;0;0
14321;121;36;0;1
14322;214;16;0;0
14323;65;14;0;0
14324;130;12;0;1
14325;178;16;0;0
14326;314;13;3;0
14327;301;10;3;0
14328;55;46;1;0
14329;162;48;4;1
14330;249;39;3;0
14331;124;11;0;0
14332;158;42;3;1
14333;353;1;2;0
14334;82;1;1;0
14335;69;19;2;0
14336;152;64;6;1
14337;340;7;0;0
14338;96;12;0;0
14339;208;13;0;1
14340;198;66;1;0
14341;80;2;0;0
14342;107;5;1;0
14343;165;7;2;1
14344;257;16;4;0
14345;120;2;0;0
14346;187;4;0;1
14347;276;9;4;0
14348;358;11;0;0
14349;292;11;0;0
14350;201;52;2;0
14351;199;53;3;0
14352;96;1;0;0
14353;185;3;0;1
14354;284;4;0;0
14355;133;1;0;0
14356;227;8;0;1
14357;267;13;0;0
14358;78;2;0;0
14359;63;17;1;0
14360;206;5;1;1
14361;289;14;3;0
14362;103;8;1;0
14363;212;7;0;1
14364;271;11;4;0
14365;47;23;0;0
14366;143;28;0;1
14367;362;7;0;0
14368;76;14;0;0
14369;127;23;0;1
14370;314;12;0;0
14371;382;3;1;0
14372;382;3;1;0
14373;278;12;4;0
14374;277;12;5;0
14375;136;0;0;0
14376;184;4;0;0
14377;334;28;0;1
14378;364;37;0;0
14379;140;4;0;0
14380;256;4;0;1
14381;357;5;0;0
14382;67;0;0;0
14383;88;10;0;0
14384;206;2;0;1
14385;326;15;0;0
14386;114;4;0;0
14387;178;14;0;1
14388;281;15;0;0
14389;97;0;0;0
14390;120;4;0;0
14391;229;6;1;1
14392;361;2;0;0
14393;114;2;0;0
14394;220;6;1;1
14395;332;1;0;0
14396;98;1;1;0
14397;142;20;0;0
14398;230;17;2;1
14399;322;26;0;0
14400;137;2;0;0
14401;208;15;1;1
14402;326;12;4;0
14403;111;1;0;0
14404;110;21;0;0
14405;253;11;0;1
14406;381;11;0;0
14407;175;6;1;0
14408;262;7;0;1
14409;373;5;0;0
14410;363;7;0;0
14411;288;7;0;0
14412;142;2;2;0
14413;168;3;1;0
14414;281;31;0;1
14415;461;1;2;0
14416;158;10;0;0
14417;275;1;3;1
14418;372;8;1;0
14419;196;15;2;0
14420;213;20;3;0
14421;585;69;21;102
14422;856;64;8;24
14423;506;187;0;16
14424;1213;123;0;22
14425;716;70;9;47
14426;457;55;4;16
14427;1095;106;8;12
14428;1731;65;3;0
14429;548;68;0;7
14430;581;183;85;51
14431;897;181;23;145
14432;694;176;38;46
14433;670;65;4;21
14434;588;381;13;147
14435;716;30;2;34
14436;411;92;24;18
14437;770;71;0;26
14438;1638;1;0;0
14439;552;121;5;27
14440;566;299;60;58
14441;718;138;27;72
14442;1564;43;1;9
14443;61;11;0;0
14444;155;28;0;0
14445;230;61;0;0
14446;364;88;0;0
14447;629;103;0;5
14448;724;38;5;3
14449;751;157;0;2
14450;496;55;1;11
14451;606;54;3;15
14452;89;0;0;0
14453;183;9;0;0
14454;338;14;0;0
14455;390;40;24;0
14456;584;55;32;8
14457;881;56;0;29
14458;590;41;0;39
14459;533;47;0;1
14460;694;84;0;4
14461;499;85;0;0
14462;315;39;0;0
14463;150;21;0;0
14464;65;2;0;0
14465;706;88;1;48
14466;805;20;6;8
14467;675;139;14;53
14468;682;133;18;71
14469;803;40;37;50
14470;574;98;6;48
14471;723;34;0;24
14472;702;81;0;13
14473;450;37;25;54
14474;1643;173;0;74
14475;683;41;0;20
14476;423;92;8;160
14477;588;90;7;32
14478;704;176;4;64
14479;527;61;0;12
14480;604;114;31;33
14481;787;119;11;22
14482;1050;68;2;143
14483;1083;56;12;22
14484;696;50;0;15
14485;551;165;0;77
14486;608;78;9;65
14487;779;41;11;35
14488;146;4;0;0
14489;0;0;0;0
14490;0;0;0;0
14491;0;0;0;0
14492;677;76;6;60
14493;919;25;2;66
14494;1150;109;5;67
14495;929;16;0;35
14496;640;76;1;34
14497;373;235;2;34
14498;616;68;4;4
14499;747;80;9;21
14500;802;105;6;18
14501;1759;78;16;168
14502;941;33;0;18
14503;927;105;0;24
14504;687;60;4;19
14505;318;175;62;43
14506;2523;132;4;66
14507;1239;41;7;28
14508;1991;99;24;55
14509;754;80;16;51
14510;831;117;0;3
14511;1002;44;8;0
14512;425;52;0;0
14513;717;45;6;27
14514;794;67;10;78
14515;881;45;6;15
14516;350;83;15;11
14517;617;50;29;74
14518;689;64;2;124
14519;602;56;20;1
14520;695;42;7;10
14521;771;15;6;32
14522;1010;82;12;628
14523;799;20;4;5
14524;890;27;13;0
14525;849;80;0;30
14526;613;0;0;0
14527;575;212;4;33
14528;1025;147;4;80
14529;392;164;10;260
14530;397;172;6;18
14531;564;96;28;224
14532;540;42;0;78
14533;830;43;4;6
14534;594;73;1;48
14535;556;30;0;7
14536;1078;30;0;10
14537;907;1;0;30
14538;1459;2;0;30
14539;983;29;0;4
14540;1284;26;0;4
14541;1484;85;10;41
14542;1477;48;0;9
14543;2387;20;0;0
14544;3647;20;0;0
14545;2101;71;0;0
14546;895;46;0;13
14547;1179;41;0;0
14548;1162;1;0;0
14549;1642;1;0;0
14550;1339;0;0;0
14551;1625;0;0;0
14552;624;60;0;18
14553;631;35;0;0
14554;833;121;0;9
14555;904;52;0;9
14556;1147;57;0;1
14557;1211;66;0;1
14558;1055;18;0;0
14559;1536;18;0;0
14560;1391;10;0;0
14561;1869;0;0;0
14562;754;46;1;0
14563;1016;42;4;0
14564;1256;75;1;0
14565;1568;105;1;0
14566;260;84;4;24
14567;384;67;3;20
14568;1169;156;0;0
14569;1662;78;0;0
14570;227;167;0;0
14571;434;178;0;0
14572;654;107;2;0
14573;1302;31;16;24
14574;1769;33;24;24
14575;1303;79;0;0
14576;1916;79;0;0
14577;555;18;0;18
14578;202;9;0;0
14579;361;20;1;0
14580;393;20;1;0
14581;548;21;1;0
14582;622;12;7;6
14583;171;137;0;0
14584;321;163;0;16
14585;725;13;10;45
14586;385;78;3;32
14587;516;67;1;0
14588;930;36;16;28
14589;718;27;16;29
14590;642;38;6;40
14591;610;79;9;26
14592;654;60;3;11
14593;588;22;6;4
14594;492;51;5;3
14595;608;84;4;19
14596;496;97;6;39
14597;492;43;5;49
14598;756;22;7;9
14599;755;65;2;0
14600;750;27;2;6
14601;730;40;10;10
14602;735;49;0;26
14603;565;20;2;8
14604;576;39;1;17
14605;491;89;3;28
14606;381;90;14;62
14607;748;38;10;59
14608;1202;83;22;13
14609;940;14;32;5
14610;795;63;14;52
14611;562;73;4;19
14612;984;160;23;22
14613;415;118;6;46
14614;725;81;6;38
14615;443;66;26;24
14616;621;31;4;71
14617;440;70;10;3
14618;716;81;11;4
14619;899;69;11;38
14620;825;97;10;13
14621;522;71;13;17
14622;478;61;12;32
14623;351;111;10;8
14624;631;49;18;52
14625;665;102;24;43
14626;601;22;14;24
14627;588;99;0;11
14628;796;43;28;74
14629;959;50;12;16
14630;699;83;13;49
14631;595;85;7;7
14632;647;65;13;11
14633;442;54;20;63
14634;585;104;6;22
14635;1065;29;24;33
14636;1116;29;25;33
14637;516;96;4;27
14638;492;96;6;58
14639;463;56;6;5
14640;553;49;4;13
14641;446;81;5;61
14642;638;21;2;9
14643;540;132;12;60
14644;495;59;10;50
14645;446;50;14;45
14646;352;25;4;31
14647;378;126;8;93
14648;356;148;6;24
14649;393;92;6;42
14650;474;97;4;29
14651;494;105;2;59
14652;713;129;5;46
14653;460;113;5;34
14654;465;51;3;11
14655;721;71;2;53
14656;547;88;7;47
14657;839;70;1;24
14658;770;106;8;16
14659;669;135;0;2
14660;643;84;19;29
14661;546;134;23;3
14662;429;158;11;26
14663;626;295;79;26
14664;506;153;13;63
14665;691;91;4;29
14666;417;20;8;15
14667;452;70;4;9
14668;487;73;2;21
14669;465;55;4;29
14670;755;90;5;135
14671;346;58;2;38
14672;579;51;8;55
14673;521;103;6;23
14674;485;97;4;15
14675;590;65;16;5
14676;421;77;7;1
14677;484;43;2;33
14678;1098;60;4;15
14679;734;36;2;27
14680;552;8;6;26
14681;438;63;3;1
14682;455;40;4;34
14683;633;94;3;53
14684;610;127;12;18
14685;422;139;1;109
14686;757;153;16;110
14687;494;63;0;43
14688;188;33;2;0
14689;395;39;2;10
14690;186;12;0;0
14691;305;36;2;1
14692;965;50;1;50
14693;419;44;10;34
14694;337;49;9;23
14695;463;147;6;50
14696;504;89;4;36
14697;478;86;6;31
14698;531;47;1;22
14699;417;182;6;40
14700;524;55;10;3
14701;571;72;11;34
14702;384;77;1;21
14703;917;76;4;131
14704;873;73;23;3
14705;571;68;7;39
14706;457;37;10;41
14707;524;45;6;19
14708;679;159;9;82
14709;733;43;6;79
14710;680;83;10;84
14711;559;71;20;58
14712;612;157;18;77
14713;612;157;18;77
14714;592;17;1;12
14715;520;38;8;29
14716;559;140;10;24
14717;591;98;20;162
14718;840;34;1;8
14719;369;102;1;44
14720;761;89;0;9
14721;345;88;6;40
14722;441;60;12;13
14723;552;103;24;17
14724;499;120;7;42
14725;578;82;2;27
14726;433;107;5;24
14727;514;167;20;70
14728;612;67;1;33
14729;1046;2;0;0
14730;514;110;20;17
14731;961;66;1;2
14732;543;155;2;175
14733;477;126;0;31
14734;558;48;2;49
14735;406;156;33;75
14736;514;146;5;120
14737;1812;182;6;141
14738;643;64;1;30
14739;296;235;0;5
14740;788;173;1;83
14741;787;174;1;83
14742;663;40;0;19
14743;451;194;1;57
14744;622;38;42;72
14745;315;77;78;70
14746;451;59;75;70
14747;342;75;2;0
14748;462;76;0;0
14749;515;60;2;40
14750;513;39;2;48
14751;523;54;1;48
14752;478;24;2;0
14753;427;123;4;37
14754;394;105;5;12
14755;439;111;5;12
14756;482;97;2;16
14757;591;69;3;7
14758;754;82;4;16
14759;446;108;12;38
14760;512;29;97;0
14761;603;107;3;22
14762;459;67;3;5
14763;534;47;10;18
14764;426;180;4;9
14765;498;53;0;2
14766;453;146;6;30
14767;505;123;7;12
14768;776;57;9;14
14769;348;113;17;16
14770;552;81;3;18
14771;409;29;31;8
14772;325;183;23;24
14773;449;165;18;24
14774;198;6;0;0
14775;266;28;0;0
14776;415;6;16;44
14777;529;13;16;14
14778;752;73;16;44
14779;135;10;0;0
14780;273;17;0;0
14781;500;33;0;0
14782;681;63;0;26
14783;797;91;0;38
14784;144;11;0;0
14785;295;17;0;0
14786;535;40;0;0
14787;778;58;0;18
14788;932;50;1;34
14789;100;20;0;0
14790;233;5;0;0
14791;447;5;0;0
14792;692;44;0;0
14793;828;36;0;3
14794;144;27;0;0
14795;306;32;0;0
14796;582;25;0;0
14797;753;45;0;8
14798;940;76;0;24
14799;94;4;0;0
14800;220;55;0;0
14801;327;64;0;0
14802;468;78;0;0
14803;673;100;0;8
14804;119;5;0;0
14805;236;3;0;0
14806;422;4;0;0
14807;542;50;0;10
14808;548;72;52;11
14809;573;72;52;30
14810;100;3;0;0
14811;231;7;0;0
14812;410;4;0;0
14813;450;20;0;0
14814;536;60;0;42
14815;121;7;0;0
14816;313;8;0;0
14817;400;9;0;0
14818;530;27;0;0
14819;590;52;0;0
14820;78;6;0;0
14821;163;2;0;0
14822;339;1;0;0
14823;613;5;0;0
14824;647;43;0;6
14825;87;3;0;0
14826;180;5;0;0
14827;339;27;0;0
14828;370;34;0;130
14829;434;91;0;130
14830;118;24;0;0
14831;269;21;0;0
14832;555;25;0;0
14833;736;54;0;39
14834;980;68;0;21
14835;95;0;0;0
14836;315;9;0;0
14837;522;18;0;0
14838;710;47;0;0
14839;779;84;2;0
14840;114;6;0;0
14841;254;2;0;0
14842;481;8;0;0
14843;659;25;0;21
14844;770;44;0;29
14845;62;15;0;0
14846;248;10;1;0
14847;427;19;1;26
14848;586;35;0;94
14849;684;52;0;115
14850;125;3;0;0
14851;223;6;0;0
14852;412;11;0;47
14853;588;32;4;43
14854;595;75;0;34
14855;647;57;0;50
14856;105;23;0;0
14857;207;23;0;0
14858;464;18;0;0
14859;715;18;0;42
14860;771;36;21;46
14861;99;8;0;0
14862;232;4;0;0
14863;385;26;0;0
14864;501;46;0;0
14865;526;94;7;10
14866;149;5;0;0
14867;303;15;0;0
14868;607;21;0;0
14869;720;50;0;0
14870;864;63;1;0
14871;174;2;0;0
14872;389;17;0;0
14873;719;60;0;33
14874;845;66;0;22
14875;897;81;0;26
14876;133;8;0;0
14877;286;10;0;0
14878;467;55;0;0
14879;752;55;0;35
14880;997;94;0;48
14881;136;4;0;0
14882;289;7;0;0
14883;546;16;0;0
14884;726;9;1;4
14885;781;69;1;14
14886;104;12;0;0
14887;222;28;0;0
14888;342;55;0;0
14889;431;67;0;0
14890;554;79;0;43
14891;145;2;0;0
14892;295;6;0;0
14893;537;38;0;68
14894;795;56;0;12
14895;969;54;0;4
14896;96;12;0;0
14897;194;11;0;0
14898;310;76;0;0
14899;591;58;0;0
14900;581;124;0;40
14901;161;3;0;0
14902;321;6;0;0
14903;561;5;0;38
14904;714;101;0;59
14905;795;120;0;39
14906;97;0;0;0
14907;187;1;0;0
14908;383;4;0;0
14909;546;12;0;31
14910;671;43;0;24
14911;674;42;0;28
14912;77;24;0;0
14913;181;44;0;0
14914;324;62;0;0
14915;382;86;0;0
14916;532;121;0;22
14917;80;5;0;0
14918;171;8;0;0
14919;531;33;0;24
14920;690;107;0;7
14921;682;117;1;2
14922;100;11;0;0
14923;205;10;0;0
14924;330;28;0;0
14925;446;33;0;0
14926;475;45;0;18
14927;131;12;0;0
14928;258;17;0;0
14929;627;47;0;22
14930;791;55;0;33
14931;1013;78;0;47
14932;78;20;0;0
14933;176;43;0;0
14934;344;56;0;0
14935;444;93;0;4
14936;588;78;0;35
14937;576;124;0;7
14938;113;24;0;0
14939;233;26;0;0
14940;477;14;0;0
14941;663;0;0;0
14942;716;117;0;44
14943;101;0;0;0
14944;399;12;1;0
14945;593;11;2;0
14946;750;16;0;0
14947;773;16;0;0
14948;972;9;0;0
14949;170;8;0;0
14950;298;29;0;0
14951;526;45;0;0
14952;816;78;5;28
14953;969;94;6;9
14954;99;7;0;0
14955;202;9;0;0
14956;403;15;1;0
14957;734;28;0;43
14958;812;74;2;3
14959;872;68;2;52
14960;106;4;0;0
14961;132;39;0;0
14962;270;50;0;0
14963;393;59;0;20
14964;475;105;3;37
14965;491;89;3;36
14966;59;47;0;0
14967;224;60;0;0
14968;346;123;0;0
14969;456;123;0;0
14970;560;159;0;16
14971;560;159;0;16
14972;82;18;0;0
14973;237;25;0;0
14974;363;30;0;0
14975;575;36;0;0
14976;616;135;0;82
14977;616;135;0;81
14978;191;9;0;0
14979;425;45;0;0
14980;581;78;0;44
14981;795;99;1;58
14982;817;115;2;77
14983;109;3;0;0
14984;234;13;0;0
14985;425;29;0;0
14986;463;73;0;85
14987;568;85;0;105
14988;127;11;0;0
14989;264;14;0;0
14990;466;33;0;51
14991;566;58;6;27
14992;674;104;2;93
14993;93;1;0;0
14994;167;1;0;0
14995;381;9;0;0
14996;615;4;0;0
14997;689;45;0;0
14998;797;31;0;0
14999;121;4;0;0
15000;233;8;0;0
15001;721;17;0;77
15002;891;32;0;26
15003;996;37;0;24
15004;1138;37;0;24
15005;114;0;0;0
15006;260;3;0;0
15007;459;16;0;0
15008;869;43;0;0
15009;937;45;0;0
15010;201;7;0;0
15011;434;16;0;0
15012;759;95;7;1
15013;900;92;16;4
15014;1063;70;17;4
15015;129;9;0;0
15016;280;12;0;0
15017;530;31;0;36
15018;666;53;4;1
15019;834;87;5;0
15020;116;5;0;0
15021;288;7;0;1
15022;560;50;0;9
15023;654;74;0;24
15024;838;44;2;62
15025;745;111;2;5
15026;67;59;0;0
15027;156;65;0;0
15028;441;44;0;0
15029;705;43;0;2
15030;843;60;0;22
15031;863;40;0;24
15032;116;3;0;0
15033;269;4;0;0
15034;470;32;0;0
15035;515;97;0;0
15036;682;100;0;8
15037;93;3;0;0
15038;194;4;0;0
15039;268;90;0;0
15040;323;93;0;0
15041;408;95;0;0
15042;856;31;0;0
15043;110;18;0;0
15044;445;69;0;8
15045;671;90;0;48
15046;949;86;0;31
15047;1128;80;0;22
15048;103;12;0;0
15049;236;0;0;0
15050;373;27;0;0
15051;668;27;0;46
15052;870;33;0;89
15053;128;15;0;0
15054;298;9;0;0
15055;550;33;0;0
15056;701;91;0;0
15057;826;154;0;0
15058;826;62;0;0
15059;123;0;0;0
15060;290;0;0;0
15061;403;112;0;0
15062;577;102;0;26
15063;775;90;0;54
15064;777;85;0;109
15065;104;2;0;0
15066;228;5;0;0
15067;568;16;0;75
15068;708;12;0;56
15069;817;16;0;30
15070;85;0;0;0
15071;303;3;0;0
15072;449;63;0;0
15073;491;80;0;0
15074;739;111;0;47
15075;819;108;0;27
15076;160;0;0;0
15077;347;0;0;0
15078;646;44;0;66
15079;806;49;0;61
15080;970;105;0;45
15081;1272;52;0;0
15082;154;6;0;0
15083;499;67;0;0
15084;491;138;1;2
15085;704;101;1;45
15086;760;128;3;67
15087;64;0;0;0
15088;196;0;0;0
15089;342;0;0;0
15090;469;2;0;0
15091;518;90;0;0
15092;886;26;0;0
15093;96;1;0;0
15094;357;1;0;0
15095;423;1;0;0
15096;544;51;0;12
15097;677;43;0;77
15098;1071;28;0;12
15099;159;1;0;0
15100;344;2;0;0
15101;612;17;2;28
15102;747;32;0;34
15103;861;52;3;46
15104;141;0;0;0
15105;483;20;0;0
15106;618;23;0;0
15107;759;44;0;0
15108;844;29;0;0
15109;141;1;0;0
15110;289;1;0;0
15111;464;34;0;0
15112;612;25;0;0
15113;744;72;0;78
15114;120;0;0;0
15115;271;0;0;0
15116;568;3;0;72
15117;676;11;0;46
15118;943;18;0;8
15119;159;2;0;0
15120;329;2;0;0
15121;588;50;0;12
15122;710;53;0;56
15123;870;69;0;30
15124;118;0;0;0
15125;317;12;0;0
15126;500;53;0;36
15127;696;49;0;35
15128;751;77;0;59
15129;75;1;0;0
15130;161;3;0;0
15131;250;42;0;0
15132;559;27;0;0
15133;474;138;0;0
15134;118;1;0;0
15135;240;14;0;0
15136;404;9;0;2
15137;561;48;0;6
15138;670;110;0;6
15139;687;114;0;8
15140;107;6;0;0
15141;190;11;0;0
15142;265;31;0;0
15143;324;52;0;0
15144;523;42;10;0
15145;523;42;10;0
15146;99;0;0;0
15147;201;1;0;0
15148;294;4;58;58
15149;391;4;57;57
15150;604;22;54;54
15151;604;22;54;53
15152;144;0;0;0
15153;288;0;0;0
15154;505;25;0;0
15155;669;11;0;0
15156;811;50;0;0
15157;792;79;0;60
15158;96;5;0;0
15159;260;5;0;0
15160;485;12;0;30
15161;664;11;0;64
15162;873;11;0;0
15163;873;11;0;0
15164;76;0;0;40
15165;243;7;0;40
15166;355;17;0;40
15167;466;27;0;40
15168;634;85;4;40
15169;548;109;0;230
15170;135;0;0;0
15171;279;1;0;0
15172;433;61;0;20
15173;607;77;0;35
15174;724;84;0;16
15175;72;1;0;0
15176;195;2;0;0
15177;354;45;0;0
15178;450;67;0;0
15179;518;77;0;0
15180;762;32;0;0
15181;152;1;0;0
15182;305;4;0;0
15183;586;35;0;32
15184;866;58;0;24
15185;1022;62;1;20
15186;1228;29;0;0
15187;101;0;0;0
15188;228;3;0;0
15189;388;10;0;0
15190;423;66;0;0
15191;618;78;0;0
15192;100;0;0;0
15193;209;2;0;0
15194;372;2;0;0
15195;500;32;1;36
15196;603;56;36;34
15197;603;56;36;34
15198;224;3;0;0
15199;470;12;0;0
15200;816;46;0;0
15201;997;65;1;0
15202;1072;73;1;0
15203;92;1;0;0
15204;209;4;0;0
15205;340;20;0;0
15206;448;34;0;2
15207;538;72;0;50
15208;461;97;0;24
15209;73;10;0;0
15210;262;23;0;0
15211;408;42;0;0
15212;505;65;0;27
15213;549;123;0;45
15214;1105;48;0;4
15215;213;0;0;0
15216;482;15;0;0
15217;648;24;0;0
15218;686;69;0;0
15219;785;37;0;0
15220;810;21;0;0
15221;91;5;0;0
15222;298;35;0;0
15223;527;92;0;0
15224;617;87;0;0
15225;775;69;0;0
15226;764;81;0;5
15227;107;1;0;0
15228;479;10;0;0
15229;652;13;0;2
15230;853;19;0;2
15231;829;46;0;14
15232;121;6;0;0
15233;259;12;0;0
15234;491;49;0;0
15235;578;76;0;14
15236;713;83;0;18
15237;562;124;0;78
15238;82;2;0;0
15239;145;8;0;0
15240;305;62;0;0
15241;421;67;0;0
15242;558;35;0;22
15243;137;1;0;0
15244;299;12;0;0
15245;392;52;0;0
15246;529;62;0;0
15247;462;145;0;0
15248;989;40;0;0
15249;105;1;0;0
15250;218;1;0;0
15251;377;57;0;0
15252;521;71;0;2
15253;559;90;19;32
15254;595;71;19;77
15255;119;0;0;0
15256;229;0;0;0
15257;491;52;0;46
15258;622;61;0;48
15259;675;117;0;58
15260;697;113;0;58
15261;91;0;0;0
15262;175;0;0;0
15263;371;41;0;0
15264;437;54;0;0
15265;645;88;0;0
15266;98;2;0;0
15267;205;0;0;0
15268;368;0;0;0
15269;486;65;0;0
15270;581;90;0;0
15271;587;84;0;0
15272;95;1;0;0
15273;232;1;0;0
15274;333;44;0;0
15275;419;47;0;16
15276;586;53;0;19
15277;623;52;0;47
15278;120;0;0;0
15279;193;0;0;0
15280;391;7;0;0
15281;502;15;0;0
15282;592;70;0;0
15283;125;2;0;0
15284;227;6;0;0
15285;439;32;0;0
15286;730;53;0;71
15287;842;137;0;28
15288;410;172;0;0
15289;80;0;0;0
15290;164;2;0;0
15291;327;9;0;0
15292;430;19;0;39
15293;524;40;0;43
15294;149;1;0;0
15295;475;5;0;0
15296;731;29;0;0
15297;938;32;0;0
15298;1069;77;0;0
15299;1082;45;0;59
15300;90;2;0;0
15301;206;4;0;0
15302;308;9;0;0
15303;407;19;0;0
15304;477;103;0;6
15305;149;11;0;0
15306;328;13;0;0
15307;614;49;0;44
15308;678;67;0;0
15309;772;64;0;53
15310;189;17;0;0
15311;374;70;0;0
15312;711;83;0;0
15313;931;102;0;0
15314;1108;69;0;0
15315;152;0;0;0
15316;326;0;0;0
15317;594;10;0;54
15318;835;34;0;75
15319;855;139;0;51
15320;876;132;0;45
15321;138;1;0;0
15322;299;1;0;0
15323;636;29;0;0
15324;806;55;0;10
15325;913;68;0;26
15326;134;0;0;0
15327;272;1;0;0
15328;537;26;0;52
15329;734;7;0;24
15330;828;68;0;8
15331;1024;33;0;2
15332;123;3;0;0
15333;255;31;0;0
15334;528;31;0;0
15335;662;53;0;0
15336;737;65;4;0
15337;98;1;0;0
15338;336;32;0;0
15339;449;134;0;0
15340;586;136;0;0
15341;729;84;0;0
15342;734;85;0;77
15343;145;0;0;0
15344;290;0;0;0
15345;550;15;0;0
15346;782;15;0;0
15347;932;69;0;0
15348;915;32;0;0
15349;891;93;0;0
15350;175;5;0;0
15351;345;64;0;0
15352;743;69;0;8
15353;801;101;0;0
15354;954;111;1;0
15355;107;0;0;0
15356;221;10;0;0
15357;400;17;0;0
15358;482;56;0;0
15359;636;70;7;3
15360;650;86;7;24
15361;132;2;0;0
15362;312;12;0;0
15363;536;53;0;0
15364;675;44;0;24
15365;782;75;0;1
15366;109;15;0;0
15367;375;60;0;0
15368;432;117;0;28
15369;559;117;0;11
15370;610;112;39;15
15371;114;2;0;3
15372;274;10;0;4
15373;478;74;1;4
15374;633;71;0;67
15375;773;84;0;67
15376;891;78;0;99
15377;125;3;0;0
15378;452;16;0;0
15379;639;19;0;0
15380;753;43;1;38
15381;835;114;0;51
15382;173;0;0;0
15383;341;5;0;0
15384;640;41;0;66
15385;840;27;0;60
15386;1033;67;0;12
15387;141;1;0;0
15388;291;1;0;0
15389;455;72;0;0
15390;643;47;0;33
15391;854;122;1;27
15392;139;0;0;0
15393;294;0;0;0
15394;466;12;0;0
15395;660;20;0;0
15396;728;126;0;16
15397;749;123;0;99
15398;120;1;0;0
15399;259;1;0;0
15400;396;0;0;0
15401;465;15;0;0
15402;620;115;0;0
15403;96;2;0;0
15404;189;2;0;0
15405;319;16;0;0
15406;383;30;0;0
15407;471;64;1;0
15408;284;76;37;0
15409;151;3;0;0
15410;512;25;0;0
15411;695;59;1;8
15412;882;35;1;17
15413;923;59;0;12
15414;104;2;0;0
15415;282;1;0;0
15416;435;51;0;0
15417;563;55;0;14
15418;659;102;22;57
15419;123;3;0;0
15420;404;43;0;0
15421;559;54;0;0
15422;675;63;0;16
15423;718;61;0;25
15424;1293;57;0;0
15425;1737;81;38;0
15426;2183;112;6;114
15427;2917;56;0;0
15428;2498;134;14;64
15429;1644;115;0;0
15430;2027;115;0;179
15431;2554;198;0;140
15432;3616;76;0;2
15433;3064;210;27;58
15434;950;4;0;0
15435;0;0;0;2
15436;884;56;0;0
15437;536;16;0;0
15438;77;0;0;0
15439;236;3;0;0
15440;308;9;0;0
15441;409;15;0;0
15442;557;6;0;0
15443;516;26;1;41
15444;683;50;4;0
15445;357;21;0;0
15446;487;25;0;0
15447;598;33;0;16
15448;606;42;0;0
15449;912;57;5;0
15450;116;0;0;0
15451;164;0;0;0
15452;360;1;0;0
15453;326;54;0;0
15454;72;0;0;0
15455;168;5;0;0
15456;262;37;0;0
15457;489;24;0;0
15458;673;18;0;0
15459;1607;1;0;0
15460;1605;3;0;0
15461;662;28;0;0
15462;728;14;0;120
15463;910;41;8;28
15464;529;22;0;0
15465;73;8;0;1
15466;194;33;8;0
15467;335;44;0;0
15468;404;57;0;0
15469;404;57;0;0
15470;404;57;0;0
15471;404;57;0;0
15472;404;57;0;0
15473;688;107;5;144
15474;110;0;0;0
15475;250;9;0;0
15476;494;24;0;0
15477;629;23;0;0
15478;838;27;0;0
15479;0;0;0;4
15480;405;76;0;56
15481;476;45;0;60
15482;479;18;0;0
15483;522;15;0;36
15484;516;26;0;0
15485;639;59;8;13
15486;1284;18;1;27
15487;63;4;0;0
15488;108;8;0;0
15489;132;17;0;0
15490;189;36;1;12
15491;432;21;0;1
15492;776;37;0;0
15493;85;2;0;0
15494;233;2;0;0
15495;417;15;0;0
15496;479;44;0;0
15497;580;34;0;0
15498;63;3;0;0
15499;174;16;0;0
15500;271;18;0;0
15501;383;24;0;0
15502;452;33;3;8
15503;644;73;1;4
15504;55;0;0;0
15505;107;8;0;0
15506;216;8;0;0
15507;356;4;0;0
15508;278;90;0;0
15509;636;20;2;60
15510;663;34;0;42
15511;169;0;0;0
15512;335;10;0;0
15513;479;8;0;0
15514;549;8;0;0
15515;0;0;0;2
15516;572;24;0;0
15517;761;19;1;0
15518;1993;28;0;22
15519;715;14;0;6
15520;937;30;1;4
15521;0;0;0;2
15522;366;30;0;0
15523;105;0;0;0
15524;354;2;0;0
15525;481;7;0;0
15526;556;6;0;0
15527;102;1;0;0
15528;232;54;0;0
15529;302;31;0;0
15530;495;22;0;0
15531;508;27;0;0
15532;528;58;0;0
15533;0;0;0;2
15534;506;45;0;0
15535;693;27;0;9
15536;519;18;0;16
15537;132;8;0;0
15538;319;23;0;0
15539;514;47;0;0
15540;170;0;0;0
15541;293;2;2;1
15542;391;0;1;1
15543;88;0;0;0
15544;144;0;0;0
15545;233;15;0;0
15546;315;24;0;0
15547;1150;57;0;0
15548;1124;14;0;7
15549;1148;14;0;7
15550;1205;21;0;1
15551;387;18;0;0
15552;87;0;0;0
15553;262;31;0;0
15554;399;46;0;0
15555;530;45;0;0
15556;0;0;0;2
15557;726;55;2;0
15558;86;0;0;0
15559;276;4;0;0
15560;349;37;0;0
15561;569;4;0;0
15562;568;5;0;0
15563;589;25;0;0
15564;1027;58;3;28
15565;555;26;0;0
15566;815;44;0;0
15567;265;0;0;0
15568;353;14;0;0
15569;493;29;0;0
15570;601;29;0;0
15571;710;50;0;0
15572;350;4;0;0
15573;523;18;0;0
15574;684;24;0;0
15575;686;32;0;0
15576;136;17;0;0
15577;182;20;0;0
15578;258;26;0;0
15579;296;57;0;0
15580;456;44;4;0
15581;77;0;0;0
15582;258;15;0;0
15583;516;30;10;0
15584;692;56;9;0
15585;830;84;4;0
15586;541;46;8;0
15587;532;59;2;0
15588;515;48;0;4
15589;521;28;0;29
15590;357;13;0;76
15591;1716;63;4;1
15592;142;3;0;0
15593;213;19;0;0
15594;327;25;0;0
15595;501;33;0;0
15596;694;32;10;148
15597;696;32;10;148
15598;769;32;10;148
15599;69;2;0;0
15600;174;21;0;0
15601;237;17;0;0
15602;391;19;0;0
15603;0;0;0;2
15604;84;6;0;0
15605;332;13;0;0
15606;455;25;0;40
15607;650;42;0;36
15608;569;37;3;44
15609;0;0;0;4
15610;1110;14;0;28
15611;1200;45;0;30
15612;855;31;0;0
15613;143;0;0;0
15614;357;30;0;0
15615;631;25;0;0
15616;753;30;0;0
15617;0;0;0;5
15618;478;11;2;41
15619;478;11;2;37
15620;478;11;2;37
15621;478;11;2;37
15622;478;11;2;37
15623;473;36;0;0
15624;881;28;0;12
15625;91;5;0;0
15626;159;13;0;0
15627;271;31;0;0
15628;368;25;0;0
15629;487;3;3;92
15630;487;3;3;92
15631;487;3;3;92
15632;487;3;3;92
15633;487;3;3;92
15634;214;11;0;0
15635;338;15;0;0
15636;468;23;0;0
15637;593;23;0;0
15638;1486;17;0;0
15639;73;0;0;0
15640;169;5;0;0
15641;360;21;6;0
15642;503;16;11;0
15643;672;33;13;20
15644;754;21;0;0
15645;613;61;0;0
15646;535;56;1;0
15647;572;63;1;26
15648;464;20;3;40
15649;1527;33;0;43
15650;764;45;0;6
15651;1023;30;0;192
15652;418;47;0;63
15653;112;10;0;0
15654;390;7;12;3
15655;475;18;14;6
15656;529;23;15;18
15657;648;27;14;55
15658;66;0;0;0
15659;213;37;0;0
15660;339;80;1;0
15661;535;36;2;0
15662;628;48;0;0
15663;415;38;0;8
15664;627;20;0;6
15665;0;0;0;2
15666;69;0;0;0
15667;371;16;0;1
15668;483;72;0;0
15669;689;28;0;0
15670;731;84;14;0
15671;1222;15;0;0
15672;356;78;0;4
15673;1501;15;2;1
15674;975;21;2;0
15675;3274;7;1;0
15676;1816;40;38;0
15677;1045;72;40;0
15678;1971;35;0;0
15679;600;5;0;0
15680;1442;59;33;20
15681;766;131;34;49
15682;1056;68;1;0
15683;920;89;2;0
15684;1163;31;3;0
15685;732;100;5;0
15686;1314;35;3;4
15687;413;283;2;11
15688;1475;12;1;1
15689;1562;68;7;0
15690;575;149;6;0
15691;1708;39;3;0
15692;2006;3;0;1
15693;909;129;14;0
15694;1477;53;0;0
15695;448;214;1;0
15696;1906;74;1;0
15697;1333;67;1;0
15698;1834;17;0;0
15699;1030;61;4;0
15700;1052;60;2;1
15701;572;70;4;0
15702;1001;112;3;2
15703;583;161;4;2
15704;1865;19;2;0
15705;614;152;6;0
15706;1063;136;4;0
15707;502;217;7;0
15708;1270;141;5;0
15709;585;245;4;6
15710;1436;31;0;1
15711;857;33;1;0
15712;1405;52;7;6
15713;3225;91;27;0
15714;1495;55;7;0
15715;707;97;9;0
15716;872;101;3;8
15717;292;203;1;9
15718;1418;16;4;0
15719;616;134;8;0
15720;1646;47;0;1
15721;1227;72;33;1
15722;900;51;2;0
15723;474;78;4;0
15724;2708;26;2;0
15725;2247;29;6;1
15726;1815;26;0;2
15727;1601;83;1;1
15728;2845;21;6;7
15729;2621;40;10;7
15730;2179;70;8;8
15731;1397;233;8;7
15732;2048;13;2;1
15733;1717;69;0;1
15734;1527;67;0;2
15735;1134;127;1;1
15736;2000;28;14;0
15737;1714;71;25;0
15738;1344;132;36;1
15739;981;156;35;0
15740;1962;71;6;0
15741;1724;75;7;0
15742;1516;75;5;1
15743;1336;100;5;0
15744;2177;44;2;0
15745;1745;47;2;0
15746;1464;46;0;1
15747;1274;45;0;0
15748;2242;12;5;0
15749;1886;28;5;0
15750;1624;46;4;1
15751;1340;68;13;0
15752;2411;36;4;0
15753;2043;67;7;0
15754;1680;71;9;1
15755;1396;70;20;0
15756;1246;74;0;0
15757;1103;88;1;0
15758;927;103;1;1
15759;856;64;1;0
15760;2551;18;0;0
15761;2362;18;3;0
15762;2005;49;0;1
15763;1572;50;0;0
15764;1364;29;3;12
15765;1472;23;3;13
15766;1821;20;6;0
15767;2098;12;4;0
15768;1119;59;0;0
15769;1276;11;1;0
15770;1040;61;3;1
15771;909;67;2;0
15772;1996;6;1;0
15773;1729;5;0;0
15774;1509;4;6;1
15775;1214;58;0;0
15776;2422;49;13;0
15777;2000;76;17;0
15778;1512;102;6;1
15779;1309;105;6;0
15780;2831;30;1;3
15781;2414;30;0;3
15782;2135;30;0;4
15783;1743;31;1;3
15784;1295;38;0;0
15785;1378;35;1;0
15786;980;70;1;1
15787;778;88;1;0
15788;2048;65;3;1
15789;1764;96;2;1
15790;1257;153;4;2
15791;1055;177;5;1
15792;2928;20;4;0
15793;2761;19;3;2
15794;2017;101;4;2
15795;1713;124;5;3
15796;1480;99;0;0
15797;1365;101;0;0
15798;1157;108;0;1
15799;964;101;0;0
15800;3059;15;0;0
15801;2455;55;11;0
15802;1894;83;10;1
15803;1235;235;15;0
15804;2114;30;1;4
15805;1687;191;0;4
15806;1290;199;0;5
15807;972;302;0;4
15808;2717;22;1;0
15809;2333;82;4;0
15810;1867;174;1;43
15811;1494;219;1;42
15812;2593;41;1;16
15813;2249;79;1;42
15814;2040;81;3;43
15815;1643;87;0;8
15816;1640;71;14;9
15817;2141;24;8;0
15818;1412;96;13;10
15819;930;192;10;9
15820;2183;60;9;3
15821;1880;90;12;3
15822;1369;142;10;4
15823;1235;139;4;3
15824;1668;8;1;0
15825;1483;6;0;0
15826;1363;10;0;0
15827;1243;10;0;1
15828;2000;39;4;0
15829;1750;65;8;0
15830;1400;63;13;1
15831;1265;63;14;0
15832;2235;30;0;0
15833;1926;51;5;0
15834;1332;93;13;1
15835;889;256;12;0
15836;722;126;1;0
15837;1063;100;0;1
15838;1271;74;1;0
15839;1387;75;2;0
15840;2037;48;10;0
15841;1884;33;12;0
15842;1528;42;15;1
15843;1069;40;13;0
15844;2250;35;2;0
15845;1907;114;3;0
15846;1508;143;3;1
15847;895;266;2;0
15848;34172;381;36;5
15849;940;136;3;0
15850;1383;46;3;0
15851;1544;44;3;0
15852;1752;29;3;0
15853;1662;54;0;0
15854;1532;56;0;0
15855;1292;56;0;0
15856;1190;56;0;0
15857;922;34;4;0
15858;1235;6;0;0
15859;1453;6;0;0
15860;1667;6;0;0
15861;1656;6;0;0
15862;1985;3;0;0
15863;2165;3;0;0
15864;2326;1;0;0
15865;2422;6;0;0
15866;2238;6;0;0
15867;2088;6;0;0
15868;1788;6;0;0
15869;1887;171;0;0
15870;2406;52;0;0
15871;2731;21;0;0
15872;2881;7;0;0
15873;1202;97;3;0
15874;1407;97;3;0
15875;1852;42;2;0
15876;2098;42;0;0
15877;2300;26;0;0
15878;1915;51;20;0
15879;1661;50;20;0
15880;1304;110;20;0
15881;1831;145;9;0
15882;2254;52;0;0
15883;2517;38;0;0
15884;2677;28;0;0
15885;1108;122;27;0
15886;1529;58;16;0
15887;1896;49;14;0
15888;2084;41;14;0
15889;2247;15;2;1
15890;2107;23;2;1
15891;1803;143;2;1
15892;1525;194;2;1
15893;1586;70;0;0
15894;1722;54;0;0
15895;2164;47;0;0
15896;2433;48;0;0
15897;1422;200;17;0
15898;1979;58;10;0
15899;2476;42;0;0
15900;2705;46;0;0
15901;2687;35;0;0
15902;2581;49;0;0
15903;2384;59;5;0
15904;2051;101;7;0
15905;1255;108;0;0
15906;1515;84;0;0
15907;1928;39;0;0
15908;2132;31;0;0
15909;1405;63;0;0
15910;1695;48;0;0
15911;1956;20;0;0
15912;2198;13;0;0
15913;910;341;0;0
15914;1454;254;0;0
15915;1742;167;0;0
15916;2128;45;0;0
15917;1408;91;1;0
15918;1756;62;1;0
15919;2512;21;0;0
15920;2750;20;0;0
15921;1098;41;0;0
15922;1472;39;0;0
15923;1826;27;0;0
15924;2094;15;0;0
15925;2160;45;0;0
15926;1204;79;17;0
15927;1624;62;3;0
15928;2036;32;0;0
15929;2447;31;0;0
15930;1144;125;18;0
15931;1509;78;1;0
15932;1893;54;1;0
15933;2173;37;2;0
15934;924;16;0;0
15935;1067;10;0;0
15936;1291;10;0;0
15937;1479;10;0;0
15938;871;49;0;0
15939;1033;25;0;0
15940;1281;15;0;0
15941;1541;7;0;0
15942;1620;13;0;0
15943;1260;51;0;6
15944;1034;83;0;6
15945;906;83;0;6
15946;1127;125;3;0
15947;1234;126;3;0
15948;1847;26;0;0
15949;2073;22;0;0
15950;1399;145;0;0
15951;1759;60;0;0
15952;1986;58;0;0
15953;2480;42;0;0
15954;1189;108;2;0
15955;1414;79;2;0
15956;1797;37;2;0
15957;2027;19;0;1
15958;2115;35;0;0
15959;1860;125;0;0
15960;1791;131;0;0
15961;1381;247;2;0
15962;1098;41;0;0
15963;1406;40;0;0
15964;1779;21;0;0
15965;2031;21;0;0
15966;1300;119;16;0
15967;1540;119;16;0
15968;2158;63;0;0
15969;2793;16;0;0
15970;1374;138;0;0
15971;1613;117;0;0
15972;2094;96;0;0
15973;2546;19;0;0
15974;1173;93;0;0
15975;1573;59;0;0
15976;1988;59;0;0
15977;2321;57;0;0
15978;1446;189;0;0
15979;1715;139;0;0
15980;1931;137;0;0
15981;2409;67;0;0
15982;1406;128;1;0
15983;1546;92;1;0
15984;1999;51;1;0
15985;2210;36;1;0
15986;2312;21;0;0
15987;1199;218;11;0
15988;1792;95;0;0
15989;2360;47;0;0
15990;2604;31;0;0
15991;1654;163;13;0
15992;1829;160;13;0
15993;2120;118;13;0
15994;2461;84;13;0
15995;2572;65;0;0
15996;2380;81;0;0
15997;2123;130;0;0
15998;2896;131;0;0
15999;1178;182;0;0
16000;1554;62;0;0
16001;1872;41;0;0
16002;2117;44;0;0
16003;1219;86;0;0
16004;1443;70;0;0
16005;1815;35;0;0
16006;2083;33;0;0
16007;2146;34;2;0
16008;1948;42;2;0
16009;1736;42;2;0
16010;1582;48;2;0
16011;1445;75;0;0
16012;1630;60;0;0
16013;2032;54;0;0
16014;2344;13;0;0
16015;1477;192;0;0
16016;1759;96;0;0
16017;1945;96;0;0
16018;2165;96;0;0
16019;1080;99;0;0
16020;1320;76;0;0
16021;1643;70;0;0
16022;1890;41;0;0
16023;1640;167;18;1
16024;2229;127;14;1
16025;2448;55;14;1
16026;2697;52;13;1
16027;2939;62;1;0
16028;2759;84;4;0
16029;2566;92;8;0
16030;2031;178;13;0
16031;1285;135;0;0
16032;1971;42;0;0
16033;2130;39;0;0
16034;2297;36;0;0
16035;1153;138;0;0
16036;1401;71;0;0
16037;1745;41;0;0
16038;2009;53;0;0
16039;1048;223;2;0
16040;1211;200;2;0
16041;1689;44;0;0
16042;2077;20;0;0
16043;1581;149;6;0
16044;1766;114;6;0
16045;1986;107;6;0
16046;2381;70;0;0
16047;721;102;4;0
16048;873;90;4;0
16049;1307;68;0;0
16050;1539;58;0;0
16051;985;173;0;0
16052;1355;173;0;0
16053;1687;71;0;0
16054;1815;70;0;0
16055;1549;27;0;3
16056;2038;24;0;3
16057;2142;27;0;0
16058;2439;24;0;0
16059;1695;152;0;0
16060;1951;102;0;0
16061;2524;92;0;0
16062;2826;67;0;0
16063;2910;47;0;0
16064;2671;58;3;0
16065;2380;68;4;0
16066;2180;76;4;0
16067;1011;117;0;0
16068;1195;117;0;0
16069;1435;57;0;0
16070;1602;45;0;0
16071;1363;77;0;0
16072;1617;61;0;0
16073;1986;52;0;0
16074;2342;42;0;0
16075;1393;124;12;0
16076;1840;82;0;0
16077;2254;40;0;0
16078;2512;34;0;0
16079;2619;31;0;0
16080;2358;50;0;0
16081;1760;208;0;0
16082;1568;240;0;0
16083;1318;146;14;0
16084;1726;110;2;0
16085;2132;68;2;0
16086;2390;62;2;0
16087;1634;96;0;0
16088;1804;96;0;0
16089;2170;90;0;0
16090;2450;81;0;0
16091;1857;86;1;0
16092;2280;50;1;0
16093;2454;49;1;0
16094;2931;21;1;0
16095;2955;44;0;0
16096;2815;46;0;0
16097;2541;132;0;0
16098;2956;43;0;0
16099;1700;29;0;0
16100;2115;30;0;0
16101;2259;28;0;0
16102;2462;27;0;0
16103;2616;33;0;0
16104;2470;33;0;0
16105;2198;62;0;0
16106;1930;82;0;0
16107;1208;53;6;0
16108;1304;46;6;0
16109;1595;22;6;0
16110;1858;13;4;0
16111;1133;105;0;0
16112;1556;27;0;0
16113;1918;27;0;0
16114;2198;27;0;0
16115;872;36;2;2
16116;1068;36;2;2
16117;1308;12;2;2
16118;1524;6;2;2
16119;1473;27;0;0
16120;1792;27;0;0
16121;2122;23;0;0
16122;2527;17;0;0
16123;5629;101;21;0
16124;8755;55;19;0
16125;5581;50;1;3
16126;6610;66;13;0
16127;7581;134;17;2
16128;35950;417;13;0
16129;496;35;77;3
16130;351;67;2;0
16131;207;61;0;0
16132;97;55;0;0
16133;74;0;0;0
16134;613;74;4;121
16135;521;137;2;46
16136;356;58;3;0
16137;338;21;3;1
16138;189;14;2;0
16139;85;0;0;0
16140;589;55;2;38
16141;840;73;17;18
16142;645;62;21;50
16143;605;27;6;22
16144;857;41;6;3
16145;746;44;7;7
16146;502;42;5;5
16147;246;27;0;4
16148;82;9;0;0
16149;610;54;25;0
16150;510;48;35;0
16151;428;56;14;108
16152;750;30;1;57
16153;739;27;3;13
16154;537;11;0;0
16155;387;7;4;0
16156;176;3;0;0
16157;746;37;5;18
16158;498;35;3;1
16159;421;66;8;1
16160;583;70;3;23
16161;652;52;0;11
16162;803;63;6;21
16163;594;53;2;8
16164;422;52;5;0
16165;215;19;0;0
16166;73;8;0;0
16167;536;68;6;30
16168;552;47;3;20
16169;350;48;5;30
16170;721;66;1;24
16171;493;37;20;36
16172;547;74;3;8
16173;515;65;14;51
16174;296;30;27;2
16175;170;7;4;4
16176;94;8;0;0
16177;264;21;3;4
16178;596;56;18;46
16179;601;55;19;46
16180;471;20;1;2
16181;337;6;1;1
16182;233;6;2;0
16183;465;13;3;0
16184;312;6;1;1
16185;170;7;0;0
16186;83;0;1;0
16187;570;32;2;0
16188;474;29;5;0
16189;367;21;1;0
16190;281;16;3;3
16191;180;3;1;0
16192;61;0;0;0
16193;495;54;14;34
16194;656;82;15;16
16195;428;74;16;7
16196;36;0;0;0
16197;165;47;9;0
16198;255;76;11;0
16199;608;70;1;3
16200;663;82;22;1
16201;726;20;7;18
16202;436;23;6;22
16203;459;25;14;14
16204;439;33;1;2
16205;263;33;5;1
16206;125;12;1;0
16207;54;1;0;0
16208;752;67;1;3
16209;427;120;16;15
16210;550;57;1;9
16211;587;92;9;36
16212;563;21;0;5
16213;644;43;18;32
16214;547;47;35;79
16215;732;37;1;32
16216;708;42;0;18
16217;756;64;9;10
16218;693;58;9;4
16219;505;50;8;0
16220;318;46;8;1
16221;242;25;0;0
16222;73;1;0;0
16223;482;56;0;6
16224;481;46;0;6
16225;678;40;14;13
16226;702;26;5;0
16227;639;35;5;20
16228;680;54;8;0
16229;501;63;8;3
16230;415;92;9;0
16231;625;73;11;0
16232;489;94;0;4
16233;346;98;7;2
16234;279;2;0;1
16235;131;1;1;0
16236;61;0;0;0
16237;400;86;10;16
16238;520;14;3;40
16239;788;68;0;0
16240;1002;40;3;2
16241;645;62;21;50
16242;534;63;7;24
16243;667;32;3;0
16244;805;26;0;0
16245;811;20;2;8
16246;811;20;2;34
16247;616;21;10;39
16248;456;17;4;0
16249;247;23;0;0
16250;572;84;27;38
16251;657;52;3;8
16252;624;76;0;7
16253;502;46;0;0
16254;443;21;1;0
16255;292;15;0;0
16256;109;3;0;0
16257;672;60;2;4
16258;612;47;3;1
16259;474;54;6;0
16260;336;34;3;1
16261;236;13;1;0
16262;750;30;1;57
16263;739;27;3;13
16264;537;11;0;0
16265;387;7;4;0
16266;176;3;0;0
16267;498;35;3;1
16268;1021;72;4;0
16269;583;70;3;23
16270;657;33;4;62
16271;642;28;2;33
16272;91;1;0;0
16273;601;101;1;0
16274;181;40;1;0
16275;415;10;4;14
16276;293;13;3;1
16277;270;46;0;1
16278;178;26;2;0
16279;386;21;2;0
16280;445;38;0;0
16281;792;6;9;23
16282;700;46;29;53
16283;699;46;28;53
16284;401;42;23;4
16285;337;29;0;1
16286;196;8;1;0
16287;518;72;15;18
16288;540;48;11;1
16289;716;24;0;30
16290;668;51;5;54
16291;552;47;3;20
16292;769;6;13;8
16293;535;75;2;17
16294;511;82;4;14
16295;452;12;4;1
16296;323;2;0;0
16297;124;0;0;0
16298;570;32;2;0
16299;737;84;0;18
16300;587;50;4;64
16301;629;45;4;7
16302;365;43;12;4
16303;294;59;6;1
16304;178;1;0;0
16305;669;40;11;8
16306;608;70;1;3
16307;710;60;5;64
16308;574;59;17;75
16309;726;20;7;18
16310;436;23;6;22
16311;427;120;16;15
16312;666;62;55;27
16313;634;67;49;26
16314;840;32;2;88
16315;654;86;2;11
16316;500;18;6;9
16317;547;47;35;79
16318;732;37;1;32
16319;708;42;0;18
16320;886;23;0;46
16321;555;11;0;0
16322;901;77;6;34
16323;482;56;0;6
16324;481;46;0;6
16325;829;6;4;16
16326;678;40;14;13
16327;355;160;0;30
16328;702;26;5;0
16329;639;35;5;20
16330;871;66;3;6
16331;659;50;1;0
16332;873;46;6;8
16333;747;44;4;15
16334;507;56;21;30
16335;870;28;0;15
16336;695;49;14;24
16337;559;26;3;15
16338;535;21;1;2
16339;444;0;0;4
16340;323;1;0;2
16341;228;1;0;0
16342;147;2;0;0
16343;472;15;3;10
16344;337;42;6;6
16345;207;21;0;15
16346;158;12;0;15
16347;440;136;0;0
16348;377;46;1;38
16349;231;61;0;12
16350;547;17;0;11
16351;488;15;0;4
16352;521;12;0;2
16353;467;10;0;1
16354;285;29;0;0
16355;207;22;0;0
16356;123;1;0;0
16357;589;22;0;0
16358;530;15;0;26
16359;365;107;0;0
16360;402;71;0;0
16361;543;9;13;10
16362;402;115;3;26
16363;210;187;1;9
16364;245;42;0;0
16365;204;10;0;0
16366;133;3;0;0
16367;318;67;1;17
16368;443;2;27;40
16369;295;2;0;0
16370;201;2;0;0
16371;594;1;0;30
16372;469;44;10;16
16373;378;82;8;10
16374;421;22;7;2
16375;304;18;12;0
16376;358;30;4;5
16377;253;54;0;5
16378;352;92;0;0
16379;215;103;0;0
16380;217;38;0;0
16381;132;27;0;0
16382;82;10;0;0
16383;377;81;1;37
16384;277;88;0;0
16385;256;41;0;0
16386;149;17;0;0
16387;312;84;18;1
16388;411;98;11;35
16389;508;25;8;39
16390;348;63;2;58
16391;608;70;1;3
16392;444;63;0;0
16393;343;3;0;0
16394;180;23;0;0
16395;482;65;7;24
16396;406;71;5;42
16397;272;90;5;0
16398;183;34;0;0
16399;122;24;0;0
16400;521;18;3;38
16401;585;45;0;2
16402;438;23;6;22
16403;355;20;0;0
16404;277;9;0;0
16405;198;7;0;0
16406;120;2;0;0
16407;353;47;6;0
16408;436;39;23;15
16409;359;24;10;10
16410;257;25;0;2
16411;233;0;0;0
16412;135;0;0;0
16413;61;0;0;0
16414;446;9;4;0
16415;510;55;5;38
16416;343;87;1;1
16417;315;13;0;1
16418;213;4;0;1
16419;529;20;12;63
16420;346;113;25;44
16421;275;107;0;0
16422;239;16;0;0
16423;188;0;0;0
16424;117;0;0;0
16425;491;65;5;45
16426;379;64;13;0
16427;323;102;29;6
16428;199;131;4;0
16429;162;99;0;0
16430;147;62;0;0
16431;109;2;0;0
16432;309;34;1;15
16433;271;44;2;10
16434;238;1;0;0
16435;167;0;0;0
16436;82;0;0;0
16437;503;53;15;29
16438;400;65;14;14
16439;255;63;8;1
16440;143;63;5;0
16441;128;20;4;0
16442;402;61;0;8
16443;592;96;4;6
16444;521;56;17;16
16445;525;27;22;5
16446;601;17;1;1
16447;351;70;6;5
16448;443;26;23;76
16449;613;22;2;0
16450;521;20;10;7
16451;734;11;2;0
16452;545;4;20;28
16453;545;4;20;28
16454;657;25;16;0
16455;543;82;6;4
16456;564;15;0;0
16457;436;76;12;64
16458;572;103;0;41
16459;309;80;10;20
16460;539;61;4;9
16461;462;59;13;30
16462;499;46;3;12
16463;551;26;9;44
16464;501;22;2;38
16465;473;32;2;23
16466;443;52;31;24
16467;425;78;26;53
16468;417;50;12;25
16469;694;42;16;29
16470;421;129;1;10
16471;520;61;1;35
16472;523;22;0;0
16473;344;5;0;0
16474;471;31;1;0
16475;633;27;0;0
16476;239;21;0;1
16477;345;24;3;0
16478;492;22;0;0
16479;426;22;1;0
16480;608;21;1;0
16481;765;24;8;0
16482;300;14;0;0
16483;411;15;0;0
16484;541;16;0;0
16485;333;30;0;0
16486;479;68;0;0
16487;558;73;0;0
16488;531;52;6;1
16489;648;60;10;6
16490;714;69;8;6
16491;509;0;0;1
16492;752;5;0;0
16493;875;9;0;0
16494;356;4;0;1
16495;461;13;0;0
16496;646;6;1;0
16497;284;18;0;0
16498;382;15;0;0
16499;499;13;0;0
16500;291;10;1;1
16501;389;7;0;0
16502;531;15;1;0
16503;346;20;1;1
16504;481;24;1;0
16505;631;25;1;0
16506;460;44;7;0
16507;554;57;11;0
16508;715;52;8;0
16509;448;24;0;1
16510;834;32;0;0
16511;952;10;0;0
16512;341;1;0;1
16513;479;20;5;0
16514;620;22;10;0
16515;281;5;0;1
16516;393;28;4;0
16517;534;28;1;0
16518;505;39;0;1
16519;543;48;2;0
16520;802;55;0;0
16521;477;10;0;1
16522;711;31;0;0
16523;844;33;0;0
16524;351;20;0;0
16525;481;37;0;0
16526;687;30;0;0
16527;346;2;0;1
16528;515;23;0;0
16529;672;26;0;0
16530;279;2;0;1
16531;397;17;1;0
16532;550;22;1;0
16533;495;33;44;0
16534;615;221;6;0
16535;774;52;21;29
16536;587;67;3;31
16537;479;93;30;36
16538;442;73;1;21
16539;646;64;20;4
16540;402;12;0;5
16541;703;24;0;56
16542;619;21;1;321
16543;706;53;21;58
16544;665;83;3;15
16545;671;20;0;22
16546;645;15;0;10
16547;875;6;10;28
16548;507;9;8;33
16549;672;29;14;0
16550;291;73;7;165
16551;568;4;1;561
16552;800;7;0;77
16553;398;85;0;0
16554;944;24;7;10
16555;714;35;7;0
16556;817;41;1;18
16557;439;96;6;37
16558;713;6;14;22
16559;553;69;43;42
16560;416;179;0;7
16561;335;133;1;4
16562;443;101;5;75
16563;904;16;0;0
16564;298;155;12;21
16565;435;52;0;11
16566;91;0;0;0
16567;164;3;0;0
16568;228;7;0;0
16569;287;3;0;0
16570;488;5;0;0
16571;95;0;0;0
16572;135;55;0;0
16573;284;66;2;317
16574;414;77;1;317
16575;702;37;8;326
16576;115;2;0;0
16577;259;3;0;0
16578;324;36;3;2
16579;546;22;14;12
16580;591;14;10;4
16581;86;0;0;0
16582;220;0;0;0
16583;296;0;0;0
16584;390;17;22;0
16585;580;17;17;9
16586;89;35;0;0
16587;236;17;0;0
16588;295;36;4;0
16589;436;25;7;0
16590;577;19;7;0
16591;144;0;0;0
16592;247;11;0;0
16593;356;0;13;0
16594;521;23;33;0
16595;565;23;37;0
16596;83;0;0;0
16597;171;3;0;0
16598;370;10;0;0
16599;490;31;8;0
16600;673;39;9;12
16601;106;0;0;0
16602;195;16;0;0
16603;290;19;3;0
16604;399;30;19;44
16605;542;33;17;46
16606;143;7;0;0
16607;279;40;0;0
16608;381;33;0;0
16609;565;24;5;0
16610;791;25;0;0
16611;89;1;0;0
16612;173;30;0;0
16613;254;36;5;0
16614;417;34;11;0
16615;687;32;12;0
16616;101;0;0;0
16617;155;28;0;0
16618;259;45;7;0
16619;349;46;14;0
16620;529;42;11;0
16621;84;0;0;0
16622;108;16;0;0
16623;154;24;0;0
16624;273;65;0;0
16625;521;57;6;0
16626;89;0;0;0
16627;127;53;1;0
16628;218;37;1;0
16629;315;23;42;8
16630;531;20;40;16
16631;120;8;0;0
16632;180;45;8;0
16633;356;45;0;0
16634;575;98;0;0
16635;766;12;92;0
16636;192;0;0;0
16637;310;13;1;0
16638;504;22;1;0
16639;822;26;0;5
16640;940;45;0;8
16641;118;0;0;0
16642;215;11;0;0
16643;353;19;3;0
16644;493;31;5;0
16645;723;32;1;24
16646;82;0;0;0
16647;162;0;0;0
16648;278;0;0;0
16649;337;32;2;0
16650;548;12;0;0
16651;101;0;0;0
16652;202;2;0;0
16653;292;6;0;0
16654;363;18;0;0
16655;458;9;1;0
16656;135;22;0;0
16657;138;99;2;0
16658;260;96;7;0
16659;504;35;7;0
16660;659;40;4;0
16661;319;47;0;0
16662;410;26;0;0
16663;603;24;1;10
16664;676;28;1;14
16665;732;36;1;8
16666;98;0;0;0
16667;168;4;0;0
16668;324;0;0;0
16669;306;57;2;44
16670;461;66;2;71
16671;164;0;0;0
16672;245;0;2;0
16673;374;7;14;0
16674;516;13;7;19
16675;678;34;28;24
16676;109;9;0;0
16677;234;29;0;0
16678;361;30;3;0
16679;554;17;4;0
16680;721;29;5;0
16681;76;1;0;0
16682;165;2;0;0
16683;267;18;3;0
16684;368;57;2;0
16685;492;73;2;0
16686;104;0;0;0
16687;235;16;0;0
16688;341;28;0;0
16689;480;40;0;0
16690;653;25;0;0
16691;85;0;0;0
16692;193;12;0;0
16693;233;34;0;0
16694;392;23;4;0
16695;732;30;26;30
16696;87;1;0;0
16697;117;44;0;0
16698;233;42;0;0
16699;275;26;11;0
16700;386;57;28;0
16701;108;0;0;0
16702;141;13;8;0
16703;260;50;8;0
16704;435;43;0;45
16705;522;26;0;10
16706;189;4;0;0
16707;268;23;0;0
16708;460;17;0;0
16709;636;61;0;2
16710;989;11;0;0
16711;128;0;0;0
16712;226;0;0;0
16713;376;9;0;15
16714;576;6;1;10
16715;717;5;3;10
16716;143;0;0;0
16717;303;40;0;0
16718;521;43;0;0
16719;821;44;1;0
16720;1137;26;1;0
16721;97;0;0;0
16722;237;6;0;0
16723;408;27;0;0
16724;476;30;0;0
16725;624;22;0;0
16726;108;0;0;0
16727;195;0;1;0
16728;302;10;1;9
16729;417;10;1;9
16730;731;28;0;9
16731;125;0;0;0
16732;226;42;0;0
16733;293;84;6;0
16734;378;86;13;2
16735;657;87;9;12
16736;64;0;0;0
16737;140;22;0;0
16738;232;10;0;0
16739;317;10;0;7
16740;392;53;0;7
16741;116;0;0;0
16742;195;8;0;0
16743;283;23;0;0
16744;320;69;1;0
16745;475;9;11;0
16746;125;2;0;0
16747;216;7;0;0
16748;349;5;0;0
16749;567;9;6;0
16750;851;11;0;5
16751;125;0;0;0
16752;251;3;0;0
16753;298;12;0;0
16754;489;12;21;2
16755;736;15;21;5
16756;88;0;0;0
16757;290;6;0;0
16758;424;3;2;0
16759;719;18;5;8
16760;969;25;11;8
16761;75;0;0;0
16762;199;1;0;0
16763;306;0;0;0
16764;404;3;0;12
16765;709;4;0;24
16766;129;11;0;0
16767;207;37;0;0
16768;326;28;16;0
16769;435;40;16;10
16770;640;77;10;13
16771;95;0;0;0
16772;169;25;0;0
16773;314;10;10;0
16774;463;44;1;0
16775;785;5;3;3
16776;86;0;0;0
16777;164;10;0;0
16778;214;24;0;0
16779;352;25;0;0
16780;520;25;0;7
16781;108;28;0;0
16782;277;14;0;0
16783;337;20;0;0
16784;530;20;0;34
16785;893;11;0;24
16786;115;0;0;0
16787;216;5;0;0
16788;263;37;0;0
16789;380;35;0;4
16790;594;27;2;8
16791;129;0;0;0
16792;235;14;0;0
16793;271;19;0;0
16794;358;22;0;0
16795;637;21;16;0
16796;92;2;0;0
16797;187;5;0;0
16798;333;5;0;0
16799;493;8;12;0
16800;795;7;0;0
16801;619;147;10;56
16802;478;34;24;49
16803;326;54;3;24
16804;217;16;1;8
16805;110;1;0;0
16806;499;210;1;40
16807;421;68;2;12
16808;316;29;2;1
16809;220;15;1;0
16810;103;1;0;0
16811;1004;28;3;38
16812;647;7;11;8
16813;423;20;5;5
16814;285;18;1;0
16815;115;1;0;0
16816;811;89;16;22
16817;557;31;8;2
16818;351;16;5;5
16819;301;4;1;0
16820;97;0;1;0
16821;423;84;6;48
16822;322;40;3;8
16823;257;20;3;1
16824;146;8;1;0
16825;76;0;0;0
16826;672;39;3;0
16827;327;48;41;0
16828;228;33;1;1
16829;103;38;0;0
16830;82;0;0;0
16831;815;82;1;40
16832;462;36;11;22
16833;349;28;5;8
16834;256;12;2;0
16835;101;0;1;0
16836;929;43;0;187
16837;545;22;2;119
16838;367;22;2;113
16839;249;10;0;12
16840;130;3;1;0
16841;950;41;5;51
16842;566;131;4;27
16843;431;48;1;8
16844;261;71;3;9
16845;126;2;1;0
16846;510;78;1;38
16847;356;69;3;8
16848;314;31;4;1
16849;211;9;2;0
16850;113;3;0;0
16851;831;32;6;47
16852;490;29;3;10
16853;344;28;3;5
16854;257;8;3;0
16855;138;2;0;0
16856;448;41;5;4
16857;196;61;2;7
16858;163;29;2;1
16859;114;12;1;0
16860;63;1;2;0
16861;597;96;15;40
16862;369;51;16;15
16863;334;29;0;1
16864;166;20;0;0
16865;84;0;0;0
16866;349;110;3;52
16867;225;96;4;0
16868;205;7;2;1
16869;121;1;0;0
16870;61;0;1;0
16871;757;63;4;62
16872;470;80;2;46
16873;374;57;1;33
16874;251;45;1;0
16875;97;0;2;0
16876;1044;22;3;39
16877;785;19;0;0
16878;510;25;1;1
16879;341;10;2;0
16880;166;2;2;0
16881;713;74;9;7
16882;497;54;11;25
16883;368;35;6;5
16884;122;2;0;0
16885;218;13;1;0
16886;562;39;1;49
16887;565;39;1;21
16888;371;35;4;20
16889;241;20;3;22
16890;183;19;3;10
16891;80;1;0;0
16892;915;93;4;19
16893;552;42;10;5
16894;392;44;4;6
16895;271;27;2;0
16896;116;2;0;0
16897;609;89;15;34
16898;694;89;12;53
16899;471;90;10;41
16900;325;71;1;28
16901;286;10;1;11
16902;118;2;0;0
16903;828;32;3;28
16904;429;54;7;14
16905;319;10;2;9
16906;227;5;3;3
16907;93;0;0;0
16908;333;120;0;20
16909;231;92;20;0
16910;217;22;1;1
16911;162;25;1;0
16912;52;1;0;0
16913;1139;24;4;22
16914;711;63;1;6
16915;533;39;1;1
16916;420;23;0;0
16917;200;3;0;0
16918;587;75;1;86
16919;452;80;20;24
16920;325;55;12;10
16921;190;51;1;2
16922;98;2;1;0
16923;458;106;15;28
16924;333;52;27;20
16925;252;41;13;12
16926;162;17;2;0
16927;99;1;0;0
16928;680;47;4;146
16929;492;33;5;125
16930;399;9;4;62
16931;252;8;1;44
16932;91;1;0;12
16933;782;67;8;36
16934;558;32;41;36
16935;407;51;5;4
16936;328;16;2;4
16937;132;2;1;0
16938;340;83;2;6
16939;208;86;1;0
16940;204;28;3;3
16941;136;8;1;0
16942;72;0;0;0
16943;513;55;1;58
16944;333;40;5;40
16945;292;17;1;13
16946;177;10;0;0
16947;72;0;1;0
16948;500;11;0;14
16949;335;14;7;18
16950;197;8;15;8
16951;115;20;0;0
16952;81;1;1;0
16953;532;124;4;45
16954;308;79;21;2
16955;208;73;9;3
16956;155;36;0;2
16957;107;2;0;0
16958;422;127;3;10
16959;233;92;11;8
16960;143;71;9;4
16961;138;24;0;0
16962;90;0;0;0
16963;580;35;17;58
16964;405;38;19;11
16965;293;27;2;22
16966;211;16;3;0
16967;91;0;1;0
16968;396;45;2;5
16969;224;57;9;26
16970;192;31;0;1
16971;124;14;1;0
16972;65;0;1;0
16973;937;9;2;26
16974;635;23;11;43
16975;491;16;11;19
16976;361;9;0;4
16977;126;1;1;0
16978;406;43;5;15
16979;267;29;6;2
16980;201;16;1;1
16981;150;20;1;0
16982;72;0;0;0
16983;465;79;5;40
16984;319;56;7;12
16985;248;55;3;7
16986;157;28;3;0
16987;84;0;0;0
16988;894;24;13;25
16989;529;37;19;14
16990;290;65;8;7
16991;195;26;2;0
16992;98;0;2;0
16993;321;104;3;24
16994;227;54;26;4
16995;144;55;9;10
16996;123;14;0;0
16997;65;0;0;0
16998;383;9;0;13
16999;229;49;3;27
17000;151;30;3;1
17001;108;2;0;0
17002;50;1;0;0
17003;434;73;3;33
17004;254;43;5;18
17005;207;26;1;1
17006;107;29;2;0
17007;66;2;0;0
17008;507;97;2;55
17009;254;50;27;3
17010;210;33;9;1
17011;181;14;0;0
17012;85;1;0;0
17013;937;58;13;52
17014;765;54;8;26
17015;572;34;15;17
17016;343;26;4;0
17017;177;2;0;0
17018;498;135;4;62
17019;403;48;19;52
17020;358;22;17;3
17021;287;25;3;0
17022;125;1;2;0
17023;459;51;2;4
17024;270;21;2;2
17025;199;6;1;1
17026;118;5;0;0
17027;52;0;0;0
17028;565;25;4;95
17029;431;9;1;30
17030;250;18;14;1
17031;162;28;11;0
17032;111;2;0;0
17033;609;33;9;35
17034;318;59;16;0
17035;242;29;11;9
17036;189;6;2;0
17037;68;0;0;0
17038;787;71;9;54
17039;552;26;14;3
17040;368;23;6;1
17041;276;17;3;0
17042;112;2;1;0
17043;616;22;1;28
17044;322;29;8;32
17045;245;11;2;2
17046;122;13;2;0
17047;64;0;0;0
17048;709;21;0;21
17049;846;79;18;25
17050;714;16;16;20
17051;437;28;16;12
17052;290;11;3;0
17053;159;1;0;0
17054;848;76;18;77
17055;666;17;2;48
17056;492;13;2;13
17057;389;1;1;4
17058;263;0;0;0
17059;109;1;1;0
17060;515;26;6;13
17061;380;16;12;2
17062;257;1;9;15
17063;141;8;1;0
17064;75;1;0;0
17065;871;44;13;21
17066;625;50;2;11
17067;428;13;3;1
17068;299;10;3;0
17069;113;1;0;0
17070;685;31;1;29
17071;482;27;1;10
17072;294;19;4;3
17073;171;49;2;0
17074;91;1;0;0
17075;441;122;6;45
17076;315;35;5;2
17077;274;13;0;1
17078;156;16;3;0
17079;72;2;1;0
17080;540;101;1;141
17081;419;72;1;0
17082;234;15;28;1
17083;196;4;0;0
17084;79;0;1;0
17085;796;115;5;88
17086;627;92;15;2
17087;427;99;0;9
17088;327;53;4;0
17089;166;2;0;0
17090;485;75;23;67
17091;362;54;4;21
17092;292;9;3;2
17093;183;8;2;0
17094;96;2;0;0
17095;525;38;14;8
17096;332;20;8;19
17097;242;23;2;1
17098;136;9;0;0
17099;71;0;1;0
17100;537;71;5;32
17101;395;45;2;4
17102;313;29;1;13
17103;200;17;0;0
17104;89;0;0;0
17105;424;83;5;7
17106;299;57;8;2
17107;212;54;6;1
17108;133;31;0;0
17109;88;0;1;0
17110;714;57;49;38
17111;600;50;26;28
17112;458;44;8;13
17113;368;18;2;0
17114;200;1;2;0
17115;476;36;6;43
17116;240;56;12;8
17117;227;28;1;1
17118;131;17;0;0
17119;62;1;0;0
17120;511;56;3;24
17121;306;31;14;2
17122;251;25;1;1
17123;159;17;1;0
17124;76;3;0;0
17125;518;52;3;24
17126;639;56;3;50
17127;467;63;2;6
17128;298;35;4;3
17129;188;34;0;0
17130;79;0;0;0
17131;1212;44;3;5
17132;800;89;5;10
17133;614;67;9;6
17134;427;52;2;5
17135;201;1;2;0
17136;759;21;11;40
17137;471;47;5;29
17138;347;25;2;1
17139;257;14;0;0
17140;108;2;0;0
17141;656;15;3;56
17142;503;20;4;6
17143;356;9;7;7
17144;232;3;0;0
17145;111;3;2;0
17146;891;49;6;21
17147;740;31;11;63
17148;461;52;2;50
17149;299;37;3;9
17150;174;3;1;0
17151;751;143;13;104
17152;602;88;8;6
17153;460;28;3;5
17154;307;14;0;0
17155;123;0;0;0
17156;830;49;0;4
17157;537;39;12;30
17158;417;15;5;7
17159;266;16;2;0
17160;124;5;0;0
17161;1163;6;3;9
17162;838;6;11;31
17163;472;49;13;8
17164;347;27;3;0
17165;139;0;0;0
17166;1035;93;7;29
17167;670;66;10;19
17168;486;44;2;1
17169;393;16;6;0
17170;90;0;1;0
17171;618;54;36;142
17172;881;72;37;188
17173;484;18;2;76
17174;322;17;2;8
17175;141;2;1;0
17176;828;60;2;35
17177;695;54;2;28
17178;476;48;3;33
17179;338;29;2;12
17180;145;1;0;0
17181;669;75;3;43
17182;391;64;13;0
17183;357;27;4;1
17184;239;21;0;0
17185;138;2;1;0
17186;472;3;6;8
17187;314;10;3;0
17188;261;6;0;1
17189;165;13;4;0
17190;76;1;1;0
17191;923;5;6;164
17192;729;6;7;111
17193;578;6;0;9
17194;373;8;3;27
17195;156;2;1;11
17196;722;65;5;74
17197;535;30;10;4
17198;423;30;6;1
17199;296;40;4;0
17200;150;2;1;0
17201;581;108;35;93
17202;511;48;24;48
17203;440;18;2;5
17204;294;9;1;0
17205;129;2;0;0
17206;628;46;2;107
17207;435;45;8;85
17208;315;22;10;70
17209;202;22;1;0
17210;115;2;0;0
17211;601;92;1;24
17212;398;17;9;3
17213;306;8;2;1
17214;185;7;1;0
17215;102;1;0;0
17216;993;25;4;86
17217;1099;26;2;86
17218;776;33;10;39
17219;587;26;11;50
17220;320;27;4;0
17221;162;2;1;0
17222;681;17;0;77
17223;509;20;1;25
17224;371;17;3;14
17225;179;21;1;0
17226;113;1;1;0
17227;671;18;4;3
17228;402;6;4;0
17229;280;14;1;1
17230;160;15;1;0
17231;93;1;2;0
17232;782;37;4;92
17233;474;44;4;23
17234;383;24;2;1
17235;281;20;4;45
17236;122;2;1;0
17237;813;60;3;23
17238;511;91;7;20
17239;440;29;3;1
17240;288;23;3;0
17241;144;1;1;0
17242;695;44;1;24
17243;422;41;7;2
17244;284;36;3;1
17245;162;30;1;0
17246;97;2;0;0
17247;380;98;4;107
17248;196;91;2;18
17249;150;61;3;16
17250;113;32;0;0
17251;88;1;0;0
17252;563;121;7;0
17253;400;81;4;0
17254;224;86;10;1
17255;155;44;1;0
17256;133;0;1;0
17257;710;58;5;26
17258;461;57;2;54
17259;313;26;2;1
17260;212;15;2;0
17261;100;1;1;0
17262;1379;19;1;10
17263;529;169;0;4
17264;449;40;2;0
17265;312;42;0;1
17266;210;19;0;0
17267;112;0;1;0
17268;1048;46;0;31
17269;761;56;1;2
17270;500;52;9;1
17271;297;77;3;0
17272;197;2;0;0
17273;459;64;8;3
17274;253;63;6;8
17275;198;44;2;1
17276;119;33;2;0
17277;87;0;0;0
17278;866;88;1;11
17279;741;9;3;5
17280;429;22;7;3
17281;331;20;3;0
17282;148;1;0;0
17283;487;68;1;5
17284;359;42;2;6
17285;296;18;1;1
17286;171;6;2;0
17287;90;1;0;0
17288;719;49;6;41
17289;564;5;11;0
17290;419;9;0;1
17291;250;10;2;0
17292;122;1;1;0
17293;835;17;15;119
17294;614;11;2;35
17295;383;8;3;1
17296;232;7;3;0
17297;104;2;0;0
17298;607;82;7;48
17299;429;33;8;7
17300;335;31;3;1
17301;217;28;1;0
17302;128;2;0;0
17303;730;21;13;136
17304;574;21;7;93
17305;439;18;2;8
17306;271;7;2;6
17307;153;1;1;0
17308;601;138;13;80
17309;561;29;5;12
17310;375;24;3;1
17311;231;20;0;0
17312;121;2;1;0
17313;705;59;16;87
17314;791;59;16;60
17315;571;40;7;10
17316;403;35;7;9
17317;285;16;2;0
17318;138;4;1;0
17319;985;40;6;85
17320;466;50;35;68
17321;379;51;1;11
17322;260;14;2;0
17323;145;1;1;0
17324;815;16;7;93
17325;548;27;3;7
17326;348;15;3;1
17327;204;14;1;0
17328;111;2;1;0
17329;642;70;20;59
17330;415;62;9;44
17331;312;22;34;1
17332;226;8;1;0
17333;117;3;0;0
17334;1122;57;1;59
17335;805;52;5;0
17336;627;38;11;1
17337;384;39;2;0
17338;201;1;2;0
17339;816;9;0;119
17340;661;11;7;17
17341;428;9;5;5
17342;349;11;3;8
17343;138;1;0;0
17344;745;38;9;11
17345;523;33;7;5
17346;365;40;4;1
17347;227;30;1;0
17348;118;1;0;0
17349;550;82;0;29
17350;341;97;0;3
17351;307;19;2;2
17352;172;11;1;0
17353;94;1;0;0
17354;569;82;2;0
17355;402;10;4;0
17356;271;7;2;1
17357;160;6;0;0
17358;69;2;0;0
17359;634;106;15;158
17360;473;103;5;58
17361;441;26;7;17
17362;326;26;3;0
17363;156;2;0;0
17364;742;67;13;61
17365;524;43;16;36
17366;382;48;13;37
17367;277;12;3;10
17368;170;2;0;0
17369;566;4;0;16
17370;338;7;3;0
17371;94;65;0;1
17372;125;11;0;0
17373;86;1;0;0
17374;869;25;1;63
17375;638;35;1;0
17376;379;20;1;1
17377;266;15;4;0
17378;128;1;0;0
17379;367;65;3;28
17380;270;16;3;16
17381;183;27;1;17
17382;118;14;0;0
17383;73;1;1;0
17384;944;63;8;17
17385;668;38;10;7
17386;510;6;5;9
17387;344;37;5;0
17388;159;2;0;0
17389;747;37;9;126
17390;404;41;18;28
17391;300;40;10;19
17392;192;53;2;0
17393;100;0;2;0
17394;584;75;6;31
17395;371;28;6;12
17396;327;6;1;14
17397;176;8;0;0
17398;87;0;0;0
17399;814;47;53;71
17400;587;64;7;63
17401;555;47;12;33
17402;437;53;2;5
17403;188;2;0;0
17404;867;6;2;15
17405;560;29;0;9
17406;432;2;2;9
17407;282;3;2;1
17408;113;3;1;0
17409;847;100;2;77
17410;607;122;3;7
17411;475;56;23;1
17412;291;52;2;0
17413;156;2;2;0
17414;1306;14;0;2
17415;1162;19;0;3
17416;765;28;32;43
17417;581;22;19;29
17418;255;0;0;0
17419;260;14;0;6
17420;431;66;1;4
17421;653;84;1;64
17422;957;73;3;60
17423;1097;99;2;63
17424;145;31;1;0
17425;370;47;1;0
17426;585;101;1;30
17427;789;91;1;82
17428;927;149;2;102
17429;227;16;1;1
17430;428;25;0;22
17431;530;29;0;33
17432;690;33;2;40
17433;791;25;10;45
17434;888;23;7;6
17435;1261;109;0;16
17436;1142;118;0;14
17437;897;115;5;33
17438;715;57;5;6
17439;398;54;7;0
17440;700;53;5;2
17441;559;66;15;4
17442;440;70;9;5
17443;271;45;2;2
17444;121;14;0;2
17445;173;0;0;0
17446;262;46;0;0
17447;344;94;0;0
17448;378;267;0;25
17449;736;145;0;69
17450;163;0;0;0
17451;446;11;1;17
17452;687;55;10;0
17453;1175;55;2;22
17454;1344;51;2;22
17455;1489;47;2;19
17456;221;6;0;0
17457;394;39;0;2
17458;438;134;1;26
17459;571;138;9;27
17460;643;164;19;54
17461;963;120;5;54
17462;921;27;3;4
17463;753;25;3;5
17464;579;38;1;14
17465;386;46;3;2
17466;291;23;2;1
17467;108;1;0;0
17468;225;15;2;1
17469;353;30;9;3
17470;458;25;9;4
17471;653;65;20;23
17472;544;10;0;21
17473;675;11;0;18
17474;305;28;0;1
17475;209;1;0;0
17476;85;0;0;0
17477;226;11;0;2
17478;308;33;2;17
17479;439;55;2;32
17480;583;64;10;26
17481;698;67;8;24
17482;956;74;0;24
17483;1001;56;15;19
17484;820;54;12;50
17485;595;64;6;38
17486;469;44;4;0
17487;178;48;0;0
17488;357;41;2;0
17489;524;48;6;15
17490;762;48;7;30
17491;985;50;19;23
17492;1245;49;2;19
17493;986;96;1;18
17494;856;73;11;31
17495;702;78;16;26
17496;537;82;1;28
17497;339;24;1;0
17498;216;21;0;0
17499;283;42;0;0
17500;355;64;1;0
17501;535;72;1;0
17502;772;57;1;5
17503;278;3;0;0
17504;515;21;0;12
17505;814;10;0;28
17506;1071;10;1;37
17507;1271;25;2;48
17508;1403;21;0;17
17509;815;57;0;46
17510;555;49;1;22
17511;457;34;1;11
17512;325;7;0;6
17513;92;0;0;0
17514;285;38;2;7
17515;380;47;16;24
17516;518;95;38;28
17517;701;82;58;40
17518;1040;52;26;40
17519;585;75;1;16
17520;1233;67;0;0
17521;218;3;0;0
17522;440;9;0;0
17523;626;35;0;0
17524;793;30;0;0
17525;967;20;0;48
17526;731;21;0;14
17527;80;2;0;1
17528;129;6;0;0
17529;195;3;0;1
17530;337;18;0;22
17531;476;6;0;31
17532;191;2;0;0
17533;306;42;0;0
17534;436;59;0;0
17535;561;73;0;0
17536;851;59;4;0
17537;638;76;2;27
17538;620;78;0;28
17539;119;25;0;0
17540;305;99;0;0
17541;563;50;0;0
17542;735;51;0;0
17543;861;48;1;0
17544;663;39;0;20
17545;769;42;0;26
17546;203;3;0;0
17547;556;66;0;6
17548;537;49;0;48
17549;313;13;0;0
17550;409;30;0;4
17551;124;13;0;0
17552;271;6;0;0
17553;353;24;0;0
17554;500;23;0;16
17555;639;17;0;0
17556;109;0;0;0
17557;162;0;0;0
17558;239;29;0;0
17559;395;40;0;0
17560;183;0;0;0
17561;312;18;0;0
17562;316;89;0;0
17563;573;35;0;16
17564;705;47;0;16
17565;204;15;0;0
17566;266;54;0;0
17567;449;88;0;0
17568;626;60;0;0
17569;790;62;0;6
17570;271;58;0;0
17571;464;86;0;0
17572;623;65;0;0
17573;790;65;0;6
17574;381;47;0;113
17575;170;18;0;0
17576;226;70;0;0
17577;456;64;0;0
17578;644;73;3;0
17579;798;44;22;16
17580;437;57;0;18
17581;161;1;0;0
17582;268;53;0;2
17583;434;62;0;4
17584;589;45;0;8
17585;678;35;0;42
17586;109;21;0;0
17587;183;19;0;0
17588;270;20;0;0
17589;364;31;0;16
17590;683;60;0;69
17591;85;1;0;0
17592;230;15;0;0
17593;319;5;0;0
17594;383;77;0;7
17595;657;57;0;8
17596;88;1;0;0
17597;199;8;0;0
17598;262;1;0;0
17599;330;3;0;0
17600;529;51;0;6
17601;115;2;0;0
17602;146;12;0;0
17603;277;27;0;0
17604;372;81;0;0
17605;416;119;0;34
17606;220;3;0;0
17607;355;35;0;0
17608;607;76;0;53
17609;752;74;10;19
17610;901;90;0;50
17611;69;3;0;0
17612;155;2;4;0
17613;244;2;4;0
17614;297;20;9;0
17615;391;14;3;39
17616;58;0;0;0
17617;124;15;0;0
17618;188;28;0;0
17619;289;36;4;0
17620;442;26;0;2
17621;113;0;0;0
17622;159;4;0;0
17623;251;4;0;0
17624;326;7;0;0
17625;455;5;0;7
17626;112;0;0;0
17627;242;2;0;0
17628;319;6;0;0
17629;387;110;0;0
17630;459;125;0;18
17631;157;1;0;0
17632;256;17;0;0
17633;410;15;0;0
17634;505;68;0;0
17635;708;58;0;7
17636;107;0;0;0
17637;166;6;0;0
17638;204;41;0;0
17639;348;35;0;0
17640;448;72;0;26
17641;87;0;0;0
17642;182;0;0;0
17643;269;0;0;0
17644;328;39;0;0
17645;435;69;0;13
17646;95;0;0;0
17647;146;3;0;0
17648;189;2;0;0
17649;274;6;2;0
17650;346;21;9;12
17651;152;2;0;0
17652;267;20;0;0
17653;473;27;0;0
17654;632;30;0;21
17655;810;24;0;27
17656;150;6;0;0
17657;225;0;0;0
17658;373;25;0;0
17659;530;39;1;0
17660;782;25;0;31
17661;66;1;0;0
17662;125;10;0;0
17663;193;18;0;0
17664;240;46;0;0
17665;403;41;0;17
17666;69;1;0;0
17667;90;38;0;0
17668;143;47;0;0
17669;207;48;0;0
17670;232;44;0;16
17671;151;2;0;0
17672;297;64;0;0
17673;477;143;0;0
17674;645;81;0;34
17675;938;61;0;6
17676;138;0;0;0
17677;243;10;0;0
17678;317;53;0;0
17679;465;66;8;1
17680;720;23;0;60
17681;122;0;0;0
17682;198;21;0;0
17683;323;45;0;18
17684;405;67;0;0
17685;577;26;1;4
17686;120;0;0;0
17687;217;16;0;0
17688;328;110;0;0
17689;459;152;0;0
17690;506;156;0;26
17691;104;0;0;0
17692;175;13;0;0
17693;219;53;0;0
17694;382;43;1;6
17695;545;31;1;19
17696;94;6;0;0
17697;191;6;0;0
17698;192;86;0;0
17699;384;57;0;10
17700;568;24;0;17
17701;137;0;0;0
17702;274;0;0;0
17703;375;6;0;0
17704;471;2;6;0
17705;649;5;0;2
17706;104;3;0;0
17707;190;6;0;0
17708;275;12;0;0
17709;298;69;0;0
17710;439;52;0;0
17711;156;56;0;2
17712;350;51;3;26
17713;496;53;12;29
17714;586;70;21;56
17715;135;15;0;0
17716;276;27;0;0
17717;426;52;0;0
17718;460;57;0;8
17719;234;52;0;8
17720;414;43;0;29
17721;636;67;0;20
17722;639;65;0;42
17723;179;88;0;0
17724;393;57;1;8
17725;492;83;8;22
17726;616;72;0;22
17727;211;4;1;27
17728;315;0;6;0
17729;483;12;0;20
17730;568;85;0;37
17731;282;39;1;0
17732;505;12;6;6
17733;668;40;2;4
17734;777;21;1;26
17735;87;53;11;0
17736;235;42;4;0
17737;465;17;0;30
17738;540;15;0;35
17739;298;7;0;0
17740;386;25;0;20
17741;438;15;5;15
17742;539;11;5;14
17743;124;63;0;4
17744;233;55;0;0
17745;318;38;0;17
17746;382;38;0;61
17747;286;56;0;10
17748;516;54;0;38
17749;620;89;0;39
17750;861;46;2;41
17751;130;28;0;0
17752;223;59;0;2
17753;328;76;0;9
17754;509;52;0;19
17755;184;18;0;0
17756;291;48;0;10
17757;398;39;0;2
17758;450;47;0;38
17759;182;106;0;0
17760;277;99;4;0
17761;353;106;0;25
17762;535;112;0;5
17763;153;63;13;0
17764;229;68;43;17
17765;441;82;9;38
17766;611;44;6;43
17767;134;21;3;0
17768;311;2;0;11
17769;431;16;0;31
17770;460;32;2;12
17771;324;0;0;0
17772;378;0;0;0
17773;362;0;0;0
17774;47;54;0;1
17775;125;66;0;1
17776;241;52;0;18
17777;416;49;0;17
17778;162;18;0;0
17779;330;17;0;0
17780;536;35;0;0
17781;596;22;0;1
17782;259;10;11;31
17783;518;8;0;24
17784;579;9;3;30
17785;723;28;0;40
17786;177;26;0;0
17787;202;42;0;0
17788;305;53;0;5
17789;378;116;0;24
17790;208;11;0;0
17791;317;24;10;0
17792;507;16;0;14
17793;540;18;0;29
17794;160;31;0;0
17795;299;25;8;0
17796;381;27;0;0
17797;551;39;0;11
17798;188;2;0;0
17799;292;38;0;2
17800;428;89;1;0
17801;458;114;6;21
17802;226;12;0;0
17803;365;4;0;0
17804;447;30;1;0
17805;539;18;0;0
17806;212;7;0;0
17807;240;6;6;0
17808;376;13;0;0
17809;435;9;0;59
17810;230;18;0;0
17811;305;24;0;2
17812;370;89;0;0
17813;469;80;1;21
17814;197;13;0;0
17815;319;57;0;15
17816;533;53;0;0
17817;682;26;0;23
17818;187;16;0;0
17819;329;39;0;0
17820;476;68;0;4
17821;631;59;0;22
17822;234;19;0;0
17823;331;5;0;0
17824;435;61;0;0
17825;515;39;1;32
17826;201;4;0;1
17827;332;10;0;0
17828;388;41;8;0
17829;451;42;0;30
17830;246;13;0;0
17831;331;3;0;0
17832;467;28;0;0
17833;604;30;1;25
17834;242;4;0;0
17835;356;5;0;0
17836;459;47;0;0
17837;544;55;0;13
17838;149;26;0;0
17839;216;36;0;0
17840;224;90;0;0
17841;271;92;0;12
17842;206;0;0;0
17843;289;15;0;0
17844;337;41;0;0
17845;439;34;0;5
17846;291;44;0;0
17847;612;9;0;0
17848;799;49;0;1
17849;890;12;0;54
17850;265;0;0;44
17851;403;6;0;0
17852;408;107;0;90
17853;648;56;0;25
17854;202;7;0;0
17855;386;10;2;0
17856;485;75;0;8
17857;611;42;0;31
17858;153;2;0;0
17859;316;1;0;0
17860;409;33;0;0
17861;453;29;0;24
17862;168;0;0;22
17863;254;4;0;5
17864;375;44;0;8
17865;429;57;0;2
17866;225;25;0;0
17867;399;31;0;0
17868;421;70;0;10
17869;713;43;0;15
17870;152;0;0;0
17871;237;12;0;0
17872;300;14;0;0
17873;410;63;0;0
17874;562;32;0;8
17875;200;4;0;0
17876;255;23;0;0
17877;302;62;1;0
17878;337;67;1;0
17879;215;8;0;0
17880;322;5;2;0
17881;512;44;4;4
17882;682;33;0;5
17883;175;2;0;0
17884;273;2;0;0
17885;461;60;0;0
17886;604;37;0;37
17887;111;18;0;0
17888;230;9;0;0
17889;310;28;0;0
17890;398;34;0;22
17891;188;1;0;0
17892;443;17;0;0
17893;510;52;0;6
17894;630;18;0;18
17895;311;2;0;0
17896;379;14;0;0
17897;512;62;2;0
17898;610;40;3;11
17899;125;8;0;0
17900;214;5;0;0
17901;324;77;0;0
17902;427;56;0;0
17903;152;81;0;0
17904;306;59;4;0
17905;498;50;2;0
17906;622;45;0;26
17907;173;0;0;0
17908;307;24;15;0
17909;436;62;0;0
17910;501;56;1;17
17911;173;30;0;0
17912;292;46;0;0
17913;389;52;0;0
17914;597;40;2;18
17915;215;34;0;0
17916;340;9;0;0
17917;550;40;0;0
17918;695;39;0;15
17919;124;0;0;0
17920;184;17;0;0
17921;254;43;3;4
17922;450;24;0;23
17923;540;26;0;59
17924;189;28;0;0
17925;271;83;2;18
17926;366;72;11;12
17927;571;96;0;29
17928;201;100;0;0
17929;376;58;0;14
17930;570;51;1;35
17931;679;62;0;10
17932;674;61;0;8
17933;77;81;0;57
17934;168;59;0;44
17935;278;17;30;25
17936;493;8;32;77
17937;172;27;0;0
17938;200;45;0;0
17939;340;25;0;14
17940;455;51;0;22
17941;205;68;2;1
17942;325;54;4;0
17943;429;46;7;27
17944;614;29;0;37
17945;221;0;0;0
17946;259;80;3;10
17947;366;50;1;1
17948;402;136;3;40
17949;0;116;0;0
17950;146;150;0;0
17951;207;211;1;0
17952;392;181;0;7
17953;150;0;0;0
17954;321;23;0;0
17955;394;38;0;21
17956;625;40;0;49
17957;140;89;0;4
17958;260;81;5;4
17959;383;82;0;10
17960;499;115;0;8
17961;212;41;0;0
17962;342;34;0;24
17963;462;38;1;11
17964;664;43;0;21
17965;127;79;0;25
17966;452;29;2;21
17967;489;45;0;20
17968;559;31;0;18
17969;129;93;10;0
17970;235;79;15;4
17971;389;59;1;27
17972;490;59;16;26
17973;105;11;0;0
17974;164;47;7;0
17975;294;35;16;4
17976;453;30;4;28
17977;106;9;0;0
17978;168;38;3;0
17979;203;73;0;0
17980;360;47;0;0
17981;225;2;0;0
17982;416;25;3;11
17983;522;42;0;0
17984;710;36;0;23
17985;226;16;0;0
17986;399;3;0;18
17987;515;7;1;20
17988;662;8;0;46
17989;138;20;0;0
17990;248;66;4;0
17991;369;38;0;10
17992;450;44;0;0
17993;87;0;0;0
17994;169;1;0;0
17995;190;64;0;0
17996;298;55;0;0
17997;173;7;0;0
17998;313;26;0;0
17999;456;58;0;0
18000;629;15;0;12
18001;338;61;1;4
18002;533;35;5;8
18003;752;51;17;17
18004;939;50;2;7
18005;120;60;0;5
18006;186;84;0;1
18007;370;32;5;0
18008;520;32;16;42
18009;686;34;6;25
18010;193;88;1;0
18011;344;59;3;32
18012;517;60;1;3
18013;607;90;0;15
18014;217;55;0;0
18015;370;42;1;0
18016;532;24;12;2
18017;682;37;0;25
18018;193;50;0;2
18019;389;50;0;13
18020;508;25;0;10
18021;686;15;0;18
18022;5160;241;0;265
18023;252;59;0;0
18024;385;38;0;0
18025;521;39;2;4
18026;748;15;0;21
18027;102;84;0;2
18028;311;69;4;23
18029;378;80;8;41
18030;430;87;7;41
18031;139;68;0;0
18032;248;81;20;0
18033;348;66;0;24
18034;443;102;0;18
18035;206;22;0;0
18036;521;36;3;7
18037;694;25;1;28
18038;850;47;0;33
18039;79;1;0;0
18040;134;4;0;0
18041;263;17;0;0
18042;379;39;0;1
18043;505;38;0;6
18044;95;0;0;0
18045;282;26;0;6
18046;378;36;0;6
18047;469;84;1;12
18048;544;102;0;31
18049;131;0;0;0
18050;390;22;0;0
18051;741;44;1;23
18052;1052;20;9;21
18053;1155;9;13;28
18054;135;0;0;0
18055;314;0;0;0
18056;340;51;0;0
18057;502;51;2;16
18058;585;75;1;16
18059;97;2;0;0
18060;172;4;0;0
18061;347;26;2;16
18062;478;23;14;0
18063;732;29;7;18
18064;86;1;0;0
18065;237;4;0;0
18066;334;30;0;7
18067;467;27;2;31
18068;629;3;0;49
18069;146;0;0;0
18070;207;1;0;0
18071;389;5;0;0
18072;633;27;0;24
18073;799;25;1;49
18074;59;0;0;0
18075;180;34;0;0
18076;402;16;0;24
18077;506;38;0;0
18078;601;39;0;46
18079;87;0;0;0
18080;130;5;0;0
18081;300;32;0;20
18082;328;101;0;16
18083;438;39;35;17
18084;118;3;0;0
18085;178;6;0;0
18086;307;32;4;18
18087;485;39;4;21
18088;620;33;1;69
18089;110;31;0;0
18090;195;30;0;0
18091;293;59;0;0
18092;427;97;0;1
18093;642;85;1;32
18094;203;3;0;0
18095;313;13;0;0
18096;409;30;0;4
18097;556;66;0;6
18098;537;49;0;48
18099;124;13;0;0
18100;271;6;0;0
18101;353;24;0;0
18102;500;23;0;16
18103;639;17;0;0
18104;159;7;0;0
18105;258;10;0;2
18106;446;29;0;28
18107;604;42;0;35
18108;741;29;0;98
18109;117;0;0;0
18110;162;0;0;0
18111;264;0;0;0
18112;481;2;0;0
18113;680;24;7;47
18114;123;0;0;0
18115;189;0;0;0
18116;369;23;0;22
18117;414;40;0;63
18118;613;31;0;72
18119;104;1;0;0
18120;115;1;0;0
18121;220;46;0;0
18122;291;119;0;0
18123;529;58;2;34
18124;62;2;0;0
18125;121;2;0;0
18126;254;0;0;1
18127;381;34;0;6
18128;516;36;0;27
18129;113;1;0;0
18130;196;1;0;0
18131;360;41;0;18
18132;477;54;0;17
18133;569;73;0;9
18134;171;0;0;0
18135;315;8;0;0
18136;516;34;0;0
18137;646;20;0;19
18138;856;19;0;58
18139;152;0;0;0
18140;398;33;0;1
18141;648;44;0;23
18142;927;14;4;43
18143;1030;14;8;95
18144;170;18;0;0
18145;226;70;0;0
18146;456;64;0;0
18147;644;73;3;0
18148;798;44;22;16
18149;80;0;0;0
18150;137;2;0;0
18151;197;22;0;0
18152;299;43;0;0
18153;424;42;0;18
18154;132;0;0;0
18155;206;6;0;0
18156;338;29;0;1
18157;523;63;2;34
18158;832;13;0;47
18159;92;0;0;0
18160;164;5;0;0
18161;353;21;0;0
18162;490;30;0;0
18163;698;9;0;67
18164;64;0;0;0
18165;109;21;0;0
18166;183;19;0;0
18167;270;20;0;0
18168;364;31;0;16
18169;129;0;0;0
18170;316;15;0;0
18171;574;21;0;39
18172;952;26;0;0
18173;961;25;0;0
18174;82;0;0;0
18175;148;4;0;0
18176;255;0;0;0
18177;381;5;0;1
18178;512;12;0;25
18179;107;0;0;0
18180;226;27;0;0
18181;356;47;0;8
18182;435;40;31;27
18183;606;45;12;50
18184;117;0;0;0
18185;205;15;0;1
18186;357;15;0;62
18187;534;17;0;4
18188;698;51;0;32
18189;284;25;1;10
18190;396;19;1;15
18191;354;100;0;30
18192;488;101;0;29
18193;353;63;0;28
18194;443;96;0;7
18195;262;62;0;33
18196;389;51;0;41
18197;118;3;0;0
18198;161;19;0;0
18199;282;22;0;0
18200;597;110;4;15
18201;703;106;4;13
18202;173;100;0;7
18203;326;76;0;37
18204;358;42;1;30
18205;468;82;7;32
18206;376;34;0;14
18207;509;67;0;22
18208;283;54;0;0
18209;410;43;0;8
18210;294;21;0;0
18211;453;29;0;14
18212;415;39;0;68
18213;450;78;0;88
18214;318;36;0;11
18215;455;50;0;24
18216;360;107;7;29
18217;553;104;0;38
18218;335;108;2;16
18219;648;66;0;0
18220;651;66;0;0
18221;388;96;0;40
18222;610;67;0;53
18223;149;11;0;0
18224;229;15;0;0
18225;304;24;0;5
18226;351;58;1;6
18227;199;11;0;0
18228;517;29;0;13
18229;640;33;0;18
18230;789;56;0;81
18231;230;12;0;0
18232;381;44;0;0
18233;599;42;0;0
18234;740;63;0;39
18235;198;11;0;0
18236;352;29;0;0
18237;548;43;0;38
18238;732;48;0;68
18239;100;20;0;0
18240;312;45;0;1
18241;428;36;0;1
18242;561;34;0;15
18243;134;11;0;0
18244;252;40;1;0
18245;236;59;1;0
18246;356;28;0;8
18247;142;14;0;0
18248;257;43;0;25
18249;338;18;4;21
18250;567;12;3;23
18251;179;13;0;0
18252;343;15;0;0
18253;439;45;0;0
18254;549;44;0;2
18255;581;30;0;0
18256;606;180;0;35
18257;1083;24;0;0
18258;1065;45;0;2
18259;192;1;0;0
18260;260;37;0;0
18261;335;38;0;0
18262;536;80;0;6
18263;260;24;0;1
18264;432;20;0;11
18265;455;71;4;57
18266;601;74;10;30
18267;215;7;0;0
18268;307;29;0;0
18269;423;22;3;14
18270;601;9;4;22
18271;125;16;0;4
18272;201;46;0;4
18273;262;42;2;7
18274;393;46;1;11
18275;200;7;0;0
18276;305;19;4;0
18277;440;7;0;10
18278;572;28;0;22
18279;148;25;0;0
18280;218;20;0;0
18281;254;41;0;0
18282;345;38;0;1
18283;145;1;0;0
18284;268;17;15;0
18285;392;15;0;0
18286;578;42;0;31
18287;212;49;0;0
18288;393;45;0;0
18289;486;63;0;17
18290;580;74;0;43
18291;250;24;0;0
18292;281;43;0;16
18293;350;50;8;17
18294;406;54;3;28
18295;369;18;0;0
18296;458;58;2;1
18297;599;43;0;12
18298;764;40;0;23
18299;200;2;2;0
18300;276;3;0;0
18301;322;59;0;0
18302;621;14;0;21
18303;271;5;0;0
18304;474;39;0;3
18305;617;30;0;8
18306;946;20;1;14
18307;226;1;0;0
18308;301;23;0;0
18309;441;31;0;2
18310;567;25;0;20
18311;232;8;1;0
18312;359;15;2;0
18313;498;24;2;0
18314;534;29;0;43
18315;121;7;0;0
18316;176;10;0;0
18317;190;42;3;0
18318;288;26;0;1
18319;185;61;0;0
18320;200;55;0;0
18321;230;99;3;5
18322;276;77;0;8
18323;87;20;0;0
18324;302;16;0;0
18325;469;54;1;2
18326;581;42;0;43
18327;695;77;0;0
18328;792;9;1;10
18329;1120;2;0;0
18330;1095;26;0;64
18331;255;51;3;1
18332;526;30;0;8
18333;730;21;9;30
18334;897;91;0;24
18335;112;7;0;0
18336;143;17;0;0
18337;326;11;0;7
18338;434;23;0;16
18339;133;7;0;0
18340;151;28;0;0
18341;233;9;4;0
18342;363;45;0;21
18343;411;49;0;45
18344;196;0;0;0
18345;266;1;0;0
18346;335;46;3;0
18347;640;19;3;13
18348;343;0;0;0
18349;438;2;0;0
18350;586;20;0;0
18351;803;39;0;30
18352;150;0;0;0
18353;240;21;0;16
18354;311;67;44;0
18355;455;35;33;47
18356;140;3;0;0
18357;216;7;0;0
18358;287;26;0;5
18359;429;43;0;10
18360;136;0;0;0
18361;176;1;0;0
18362;275;11;0;0
18363;312;42;0;0
18364;246;0;0;0
18365;314;2;0;0
18366;387;61;0;0
18367;482;92;0;28
18368;182;0;0;0
18369;258;0;0;0
18370;352;41;0;6
18371;582;50;0;2
18372;154;0;0;0
18373;299;1;0;0
18374;421;50;1;0
18375;624;44;0;41
18376;301;2;1;0
18377;496;32;0;17
18378;542;72;8;39
18379;729;47;3;43
18380;249;3;0;0
18381;319;6;0;0
18382;424;64;1;0
18383;663;39;0;20
18384;164;21;0;0
18385;263;15;0;0
18386;346;14;18;0
18387;526;60;0;16
18388;121;13;0;0
18389;242;10;0;0
18390;375;31;1;3
18391;525;47;3;3
18392;99;1;0;0
18393;179;11;0;0
18394;228;82;0;0
18395;295;91;0;6
18396;167;2;0;0
18397;281;0;0;0
18398;394;30;0;1
18399;347;118;0;1
18400;115;0;0;0
18401;245;0;0;0
18402;337;0;0;0
18403;573;0;0;0
18404;832;38;6;6
18405;245;0;0;0
18406;337;0;0;0
18407;570;0;0;0
18408;123;18;0;0
18409;125;38;0;0
18410;212;26;6;4
18411;309;53;0;4
18412;474;29;0;12
18413;136;0;0;0
18414;251;9;0;0
18415;324;78;1;0
18416;368;121;1;26
18417;213;2;0;0
18418;321;46;0;0
18419;586;62;0;0
18420;684;71;3;25
18421;217;57;0;0
18422;324;31;0;0
18423;409;46;0;45
18424;679;43;0;26
18425;237;0;0;0
18426;373;9;0;0
18427;588;32;2;21
18428;767;49;0;26
18429;172;12;0;0
18430;259;24;0;0
18431;459;12;0;6
18432;647;39;0;18
18433;113;19;0;0
18434;184;26;0;0
18435;296;21;0;0
18436;157;15;0;0
18437;288;17;0;0
18438;345;40;0;0
18439;673;19;0;62
18440;253;7;5;0
18441;430;39;2;12
18442;664;21;1;122
18443;712;79;4;16
18444;139;8;0;0
18445;173;21;0;0
18446;267;16;4;0
18447;481;7;0;17
18448;165;2;0;0
18449;247;5;0;0
18450;388;26;6;0
18451;524;21;0;33
18452;164;25;0;0
18453;270;40;0;0
18454;352;63;1;8
18455;437;57;0;18
18456;259;24;0;0
18457;358;61;0;12
18458;576;17;0;48
18459;858;13;1;9
18460;255;0;0;0
18461;414;5;5;0
18462;586;11;0;0
18463;761;17;0;26
18464;143;25;0;0
18465;300;12;0;0
18466;468;38;0;10
18467;584;43;0;26
18468;212;43;0;5
18469;370;37;10;3
18470;694;52;3;3
18471;844;57;1;30
18472;210;7;0;0
18473;282;21;0;0
18474;429;40;0;0
18475;610;50;0;13
18476;742;40;0;63
18477;229;4;0;0
18478;274;3;0;1
18479;306;62;0;0
18480;495;50;2;11
18481;214;0;0;3
18482;272;33;28;12
18483;443;38;0;0
18484;522;59;0;22
18485;167;15;0;0
18486;393;68;1;12
18487;474;72;0;52
18488;683;81;0;69
18489;162;0;0;0
18490;334;23;1;0
18491;476;17;7;0
18492;654;20;0;26
18493;5418;368;111;157
18494;141;16;0;0
18495;219;34;0;0
18496;343;47;0;0
18497;543;32;0;0
18498;723;21;0;0
18499;179;8;0;0
18500;263;28;0;0
18501;345;41;0;0
18502;371;45;0;36
18503;340;30;0;0
18504;102;43;0;0
18505;267;19;5;0
18506;340;28;0;0
18507;453;32;0;0
18508;175;2;0;0
18509;251;58;0;0
18510;341;53;0;6
18511;391;61;0;25
18512;333;45;1;7
18513;461;49;4;23
18514;616;51;18;2
18515;698;51;6;2
18516;268;0;0;0
18517;535;5;0;0
18518;629;11;0;31
18519;789;11;0;76
18520;200;45;2;3
18521;298;61;0;6
18522;398;71;2;17
18523;571;47;0;25
18524;114;4;0;0
18525;296;45;2;8
18526;337;78;3;7
18527;410;102;0;20
18528;221;28;0;0
18529;281;66;0;1
18530;489;31;0;0
18531;579;50;0;86
18532;237;4;0;0
18533;547;14;0;15
18534;798;23;0;15
18535;851;20;0;104
18536;118;5;0;0
18537;194;10;0;0
18538;245;44;0;0
18539;385;44;0;0
18540;548;18;0;26
18541;212;40;0;0
18542;447;57;7;0
18543;670;49;3;6
18544;862;43;0;16
18545;1177;8;0;4
18546;214;56;0;0
18547;393;72;1;0
18548;564;61;0;0
18549;715;28;0;11
18550;187;2;0;0
18551;286;5;0;0
18552;371;18;0;0
18553;519;45;4;18
18554;722;40;0;4
18555;766;38;0;4
18556;233;7;0;0
18557;314;22;0;0
18558;322;96;0;0
18559;486;84;0;0
18560;134;21;0;2
18561;302;29;2;15
18562;477;28;0;14
18563;585;22;0;29
18564;219;2;0;0
18565;339;2;0;0
18566;503;46;0;4
18567;638;76;2;27
18568;252;15;0;0
18569;353;15;0;0
18570;503;41;0;4
18571;672;64;0;12
18572;188;9;0;0
18573;289;18;0;0
18574;416;67;6;1
18575;604;22;0;41
18576;172;1;0;0
18577;269;20;0;0
18578;365;19;0;0
18579;455;51;0;0
18580;634;39;0;0
18581;146;0;0;0
18582;201;4;0;0
18583;257;22;0;0
18584;365;55;3;3
18585;441;50;0;28
18586;269;8;0;0
18587;303;71;0;0
18588;417;93;0;20
18589;596;73;16;20
18590;227;5;0;0
18591;259;42;13;0
18592;402;45;4;1
18593;464;54;0;39
18594;235;19;0;0
18595;329;72;0;5
18596;403;101;2;8
18597;584;64;0;33
18598;178;12;0;0
18599;268;3;0;0
18600;394;2;0;47
18601;582;7;0;35
18602;102;11;0;0
18603;212;18;1;1
18604;242;38;0;17
18605;324;71;4;35
18606;422;67;0;47
18607;277;0;0;0
18608;316;15;0;0
18609;439;37;0;0
18610;586;28;0;47
18611;272;23;0;0
18612;422;68;4;0
18613;648;83;1;20
18614;763;50;33;12
18615;144;8;0;0
18616;295;24;0;6
18617;503;44;1;27
18618;707;46;1;14
18619;881;28;1;10
18620;148;4;0;0
18621;203;39;1;21
18622;309;14;2;9
18623;465;53;1;4
18624;565;72;9;24
18625;204;15;0;0
18626;266;54;0;0
18627;449;88;0;0
18628;626;60;0;0
18629;790;62;0;6
18630;271;58;0;0
18631;464;86;0;0
18632;623;65;0;0
18633;790;65;0;6
18634;260;9;0;50
18635;324;12;0;50
18636;406;97;0;51
18637;543;44;31;91
18638;75;0;0;0
18639;181;3;0;0
18640;265;24;0;0
18641;347;72;0;16
18642;427;52;0;22
18643;108;0;0;0
18644;247;30;0;0
18645;329;64;0;5
18646;648;24;0;24
18647;120;8;0;0
18648;139;21;1;0
18649;172;10;6;6
18650;271;12;4;19
18651;146;1;0;0
18652;244;2;0;1
18653;287;14;0;1
18654;399;74;0;8
18655;394;93;0;34
18656;398;70;0;8
18657;151;74;0;0
18658;357;40;0;0
18659;497;62;0;0
18660;566;83;0;25
18661;166;61;0;0
18662;148;71;0;25
18663;366;15;0;0
18664;441;23;0;23
18665;833;50;0;14
18666;2172;95;0;28
18667;2037;107;3;39
18668;1390;66;0;21
18669;1247;50;0;34
18670;1695;135;4;72
18671;2180;84;1;26
18672;1054;75;0;25
18673;1764;48;5;0
18674;760;95;0;0
18675;1089;104;22;43
18676;565;87;2;16
18677;637;85;0;18
18678;766;16;0;34
18679;1423;0;0;0
18680;1743;0;0;0
18681;886;43;21;5
18682;995;43;12;5
18683;1285;27;0;0
18684;395;55;12;15
18685;595;38;2;27
18686;378;89;0;0
18687;380;87;0;0
18688;138;76;0;0
18689;273;93;0;0
18690;349;29;1;0
18691;492;124;1;19
18692;829;36;0;18
18693;1127;17;1;8
18694;1129;17;1;7
18695;348;17;0;0
18696;491;20;0;0
18697;548;75;0;22
18698;604;69;0;12
18699;547;41;0;3
18700;601;41;2;14
18701;1863;2;2;0
18702;2103;2;2;0
18703;132;72;0;1
18704;394;48;0;1
18705;3011;0;0;16
18706;512;85;0;56
18707;359;96;3;1
18708;702;92;2;2
18709;844;0;0;1
18710;415;65;1;10
18711;561;29;0;28
18712;1783;18;0;0
18713;1590;0;0;0
18714;1910;0;0;0
18715;633;19;0;38
18716;723;62;0;14
18717;763;27;0;24
18718;1814;218;10;26
18719;2352;153;6;33
18720;1108;65;0;0
18721;1369;59;0;0
18722;1854;36;1;47
18723;2191;34;1;6
18724;985;137;27;5
18725;1220;137;19;33
18726;1428;1;0;90
18727;1744;1;0;2
18728;2065;201;7;23
18729;2478;178;3;5
18730;735;88;1;0
18731;888;74;1;0
18732;1034;101;9;23
18733;1443;77;3;17
18734;1590;109;5;65
18735;1875;83;1;39
18736;2913;34;5;74
18737;3508;273;3;33
18738;4015;253;4;45
18739;1123;0;0;199
18740;1123;0;0;210
18741;2685;103;0;39
18742;2809;95;10;39
18743;1349;85;35;98
18744;1513;82;21;99
18745;977;57;25;0
18746;1290;61;16;0
18747;1370;66;5;21
18748;1644;56;7;19
18749;649;130;1;10
18750;886;91;0;2
18751;1326;194;2;1
18752;1781;86;4;24
18753;2865;111;1;34
18754;2976;101;1;33
18755;2920;128;5;71
18756;997;46;23;10
18757;1137;44;6;16
18758;831;119;0;4
18759;1083;102;0;3
18760;856;2;0;0
18761;857;2;0;0
18762;1350;37;6;17
18763;1797;36;4;35
18764;1473;127;9;49
18765;1688;127;3;55
18766;45;0;0;0
18767;106;119;0;0
18768;194;157;1;25
18769;272;165;16;19
18770;590;191;22;23
18771;289;74;4;16
18772;449;41;3;47
18773;604;15;3;83
18774;486;43;0;1
18775;439;107;6;48
18776;444;16;1;0
18777;696;17;0;0
18778;962;8;0;0
18779;1196;8;0;0
18780;793;0;0;0
18781;937;0;0;0
18782;1153;0;0;0
18783;199;0;0;0
18784;394;10;0;0
18785;776;18;0;0
18786;1058;23;1;0
18787;1303;18;1;7
18788;525;23;0;29
18789;60;0;0;0
18790;120;20;0;0
18791;166;63;0;0
18792;315;54;0;0
18793;549;59;0;32
18794;653;14;0;37
18795;815;13;0;33
18796;951;12;2;40
18797;229;127;4;0
18798;305;119;2;0
18799;516;45;5;10
18800;646;52;3;13
18801;406;3;0;0
18802;516;87;0;0
18803;771;71;0;0
18804;1220;85;12;16
18805;1283;170;5;98
18806;751;32;8;55
18807;686;30;9;44
18808;507;25;6;0
18809;307;35;0;0
18810;204;34;0;0
18811;348;85;2;16
18812;268;55;0;0
18813;223;15;0;0
18814;122;21;0;0
18815;72;0;0;0
18816;123;0;0;1
18817;264;0;0;0
18818;371;28;1;1
18819;543;38;0;8
18820;678;43;0;30
18821;802;28;0;101
18822;125;8;0;0
18823;238;51;0;0
18824;354;64;0;0
18825;420;60;0;16
18826;517;68;2;27
18827;129;0;0;0
18828;214;58;0;0
18829;388;17;0;0
18830;532;38;0;0
18831;740;55;0;0
18832;83;1;0;1
18833;188;1;0;1
18834;283;92;2;12
18835;555;78;9;0
18836;646;81;1;0
18837;579;51;8;0
18838;73;0;0;0
18839;164;25;0;0
18840;275;59;0;0
18841;403;66;13;0
18842;920;113;8;22
18843;776;49;4;18
18844;579;51;0;0
18845;374;38;0;0
18846;186;0;0;0
18847;143;48;0;1
18848;233;47;0;3
18849;273;48;0;2
18850;517;67;2;6
18851;715;31;0;6
18852;976;22;7;0
18853;1162;17;20;0
18854;871;40;1;43
18855;116;15;0;0
18856;303;14;0;0
18857;619;18;6;0
18858;931;23;11;72
18859;1121;15;80;70
18860;1137;15;80;69
18861;2304;12;0;0
18862;2412;12;0;0
18863;2626;12;0;0
18864;3032;12;0;0
18865;73;11;0;0
18866;247;29;0;0
18867;390;46;0;0
18868;571;91;0;0
18869;698;85;0;45
18870;159;0;0;0
18871;271;11;0;0
18872;410;27;0;0
18873;484;98;7;15
18874;614;121;5;24
18875;509;4;17;1
18876;697;14;1;20
18877;149;11;0;0
18878;398;17;0;0
18879;592;28;1;0
18880;843;25;3;0
18881;988;51;1;0
18882;1966;145;2;0
18883;2526;13;3;0
18884;3048;14;0;0
18885;609;40;10;34
18886;460;61;9;0
18887;548;72;8;1
18888;713;76;0;56
18889;377;118;9;23
18890;413;121;10;23
18891;549;120;5;42
18892;621;125;12;81
18893;964;164;4;15
18894;778;191;4;28
18895;456;38;0;0
18896;640;196;5;13
18897;679;23;0;0
18898;67;3;0;0
18899;180;125;21;1
18900;350;74;27;1
18901;416;73;28;8
18902;584;47;24;64
18903;2617;51;10;56
18904;389;115;3;0
18905;592;83;2;18
18906;688;231;1;208
18907;319;125;42;131
18908;749;86;49;30
18909;761;186;2;64
18910;330;158;61;59
18911;846;68;1;108
18912;579;79;1;9
18913;666;60;1;60
18914;586;158;0;100
18915;384;164;12;43
18916;745;42;1;97
18917;454;154;0;119
18918;415;77;2;148
18919;685;151;14;95
18920;549;70;28;66
18921;689;40;14;219
18922;335;82;11;56
18923;556;201;0;16
18924;887;143;30;77
18925;530;61;44;55
18926;324;127;5;55
18927;312;104;4;58
18928;844;16;1;27
18929;330;128;1;43
18930;572;84;27;38
18931;709;51;3;16
18932;753;50;3;16
18933;626;7;0;11
18934;799;73;7;23
18935;548;71;6;50
18936;602;96;32;39
18937;630;80;12;11
18938;335;168;3;39
18939;532;72;28;28
18940;502;46;43;28
18941;1091;40;12;0
18942;458;135;0;18
18943;708;49;0;93
18944;952;18;12;54
18945;806;63;5;47
18946;346;113;0;24
18947;605;82;25;94
18948;585;103;24;74
18949;651;80;5;0
18950;493;106;2;14
18951;541;7;1;10
18952;540;186;21;78
18953;488;79;19;30
18954;1095;69;11;115
18955;729;53;6;74
18956;589;111;1;95
18957;955;41;3;28
18958;587;124;12;106
18959;533;30;3;12
18960;547;49;3;2
18961;730;78;17;173
18962;658;32;1;9
18963;710;177;7;9
18964;444;90;2;88
18965;614;117;11;7
18966;905;37;1;0
18967;843;73;20;164
18968;761;20;9;58
18969;600;9;3;38
18970;732;72;2;133
18971;769;80;2;9
18972;753;25;3;115
18973;400;134;2;29
18974;634;91;59;13
18975;499;34;1;6
18976;642;83;5;0
18977;1229;27;4;9
18978;856;35;3;148
18979;773;7;6;44
18980;401;51;3;0
18981;624;80;1;39
18982;476;108;12;13
18983;493;63;30;18
18984;1160;125;2;24
18985;491;122;6;5
18986;542;121;2;19
18987;710;60;5;64
18988;506;112;8;12
18989;505;156;44;20
18990;829;0;1;47
18991;847;37;3;16
18992;871;66;3;6
18993;508;166;1;31
18994;618;24;1;36
18995;441;18;1;10
18996;619;52;2;49
18997;777;63;4;10
18998;800;33;25;40
18999;546;45;3;8
19000;856;78;6;22
19001;850;257;3;65
19002;457;217;1;31
19003;762;21;4;50
19004;822;31;1;26
19005;845;59;3;1
19006;769;6;13;8
19007;618;185;1;65
19008;400;53;1;16
19009;474;60;7;24
19010;261;202;52;14
19011;569;10;4;41
19012;584;107;3;6
19013;852;23;35;28
19014;586;104;7;61
19015;560;61;24;5
19016;394;8;3;1
19017;300;9;1;2
19018;188;13;0;1
19019;469;52;2;58
19020;88;2;0;1
19021;584;11;0;8
19022;356;10;1;14
19023;481;7;1;29
19024;823;8;2;0
19025;60;0;0;1
19026;78;44;1;0
19027;160;68;2;1
19028;253;100;0;0
19029;374;100;2;0
19030;83;39;0;0
19031;163;57;3;1
19032;257;86;1;0
19033;394;78;1;0
19034;959;0;0;0
19035;66;0;1;1
19036;219;20;2;1
19037;307;14;1;2
19038;453;20;2;9
19039;208;2;1;0
19040;298;20;0;1
19041;508;15;1;31
19042;573;30;1;32
19043;600;13;0;31
19044;922;0;0;0
19045;94;0;0;1
19046;622;10;0;94
19047;322;17;1;2
19048;541;4;1;1
19049;234;3;1;1
19050;204;11;0;1
19051;334;7;1;2
19052;568;5;1;13
19053;654;5;0;7
19054;1005;0;1;0
19055;72;0;0;1
19056;286;25;0;1
19057;267;9;1;2
19058;172;3;0;1
19059;171;0;0;0
19060;250;14;0;1
19061;361;31;1;40
19062;871;2;0;0
19063;82;1;0;1
19064;374;9;1;0
19065;219;15;2;1
19066;139;2;0;0
19067;62;2;1;1
19068;176;6;2;2
19069;392;8;2;1
19070;817;12;0;0
19071;80;2;1;1
19072;142;4;2;0
19073;192;21;2;1
19074;359;22;1;0
19075;654;50;2;139
19076;353;30;2;1
19077;407;48;2;2
19078;595;49;1;1
19079;124;1;1;1
19080;269;5;0;2
19081;366;3;1;1
19082;504;5;2;7
19083;856;26;0;0
19084;99;0;1;1
19085;172;1;1;1
19086;275;7;1;2
19087;419;7;2;0
19088;389;20;2;1
19089;274;8;1;2
19090;168;1;0;1
19091;921;7;1;0
19092;73;0;1;1
19093;158;1;1;0
19094;244;8;1;1
19095;382;18;2;0
19096;497;4;0;1
19097;620;19;1;2
19098;859;42;0;1
19099;195;6;1;1
19100;334;1;0;2
19101;483;3;1;4
19102;566;1;0;25
19103;1034;14;0;0
19104;65;1;0;1
19105;381;15;1;0
19106;140;7;0;0
19107;241;7;1;1
19108;342;10;1;0
19109;307;5;0;2
19110;442;32;1;4
19111;186;6;1;1
19112;297;5;0;2
19113;382;10;2;4
19114;487;11;1;10
19115;782;7;3;0
19116;66;6;0;1
19117;471;8;0;0
19118;344;7;2;1
19119;152;9;0;0
19120;627;42;0;12
19121;698;13;1;23
19122;322;25;2;1
19123;384;41;0;4
19124;527;17;2;34
19125;1164;14;0;0
19126;81;0;0;1
19127;478;12;0;0
19128;310;22;1;1
19129;272;5;1;0
19130;579;29;0;43
19131;216;4;2;1
19132;457;4;1;11
19133;333;3;0;2
19134;556;2;1;61
19135;1125;23;0;0
19136;85;1;0;1
19137;516;31;2;0
19138;234;12;0;0
19139;346;13;1;1
19140;565;70;2;161
19141;327;5;1;1
19142;394;2;1;2
19143;577;8;0;7
19144;674;7;1;22
19145;1139;0;0;0
19146;84;0;0;1
19147;413;35;1;33
19148;256;45;1;2
19149;138;7;1;0
19150;266;149;0;152
19151;207;5;1;1
19152;274;13;0;2
19153;429;7;0;4
19154;482;22;0;16
19155;1097;44;0;0
19156;71;1;0;1
19157;414;24;1;0
19158;244;19;2;1
19159;125;2;2;0
19160;61;6;2;1
19161;194;7;3;2
19162;322;7;1;1
19163;1061;0;0;0
19164;93;0;2;0
19165;140;0;0;0
19166;215;19;2;1
19167;303;9;0;1
19168;610;33;1;17
19169;110;9;1;1
19170;206;9;1;2
19171;320;5;1;1
19172;428;2;0;23
19173;726;16;0;0
19174;93;0;0;0
19175;302;39;2;1
19176;155;28;0;1
19177;267;9;2;1
19178;207;5;3;1
19179;287;5;1;2
19180;377;2;2;1
19181;475;3;1;2
19182;923;17;0;0
19183;67;0;0;1
19184;53;2;0;1
19185;109;3;0;2
19186;231;7;0;1
19187;102;3;0;0
19188;159;9;1;1
19189;232;19;1;0
19190;737;3;0;0
19191;62;0;0;1
19192;187;2;0;0
19193;396;19;0;0
19194;568;7;0;1
19195;263;3;0;1
19196;177;4;0;1
19197;299;11;0;2
19198;356;28;1;1
19199;482;24;0;2
19200;1108;0;1;0
19201;78;1;1;1
19202;451;46;0;0
19203;278;25;0;1
19204;151;1;0;0
19205;186;14;3;1
19206;320;26;1;2
19207;399;19;0;1
19208;485;12;1;3
19209;610;22;2;5
19210;1181;0;0;0
19211;93;0;0;1
19212;423;22;3;24
19213;158;20;2;1
19214;296;8;0;2
19215;473;10;3;1
19216;573;6;2;1
19217;157;12;0;0
19218;262;16;1;2
19219;718;117;1;91
19220;1100;51;2;0
19221;67;0;0;1
19222;319;25;1;0
19223;126;2;0;0
19224;262;9;2;1
19225;541;42;1;25
19226;190;8;0;1
19227;237;7;1;2
19228;362;19;3;1
19229;493;18;1;9
19230;1038;0;0;0
19231;73;0;0;1
19232;142;2;0;0
19233;246;7;2;1
19234;351;6;3;1
19235;546;30;0;0
19236;224;13;1;1
19237;306;5;1;2
19238;387;8;2;1
19239;519;7;0;9
19240;836;12;0;0
19241;64;1;0;1
19242;415;32;2;0
19243;278;9;1;1
19244;145;2;0;0
19245;517;36;1;1
19246;167;7;1;1
19247;297;1;2;2
19248;410;5;2;1
19249;542;5;3;15
19250;851;12;0;0
19251;63;1;0;1
19252;373;19;1;0
19253;252;17;3;1
19254;164;17;1;0
19255;561;36;0;31
19256;108;76;2;1
19257;198;108;0;2
19258;440;28;1;1
19259;595;7;1;19
19260;854;51;1;0
19261;72;0;0;1
19262;437;19;3;1
19263;197;18;1;1
19264;334;7;1;2
19265;405;21;0;1
19266;493;21;1;7
19267;158;14;1;1
19268;247;17;0;2
19269;878;7;0;0
19270;63;0;0;1
19271;257;3;1;0
19272;617;10;0;25
19273;365;7;1;1
19274;486;4;2;0
19275;731;12;0;10
19276;1032;1;0;1
19277;951;34;1;68
19278;344;4;0;1
19279;369;6;1;2
19280;571;2;0;1
19281;693;2;3;31
19282;1015;9;1;0
19283;80;0;0;1
19284;146;1;0;0
19285;259;6;1;1
19286;403;9;2;0
19287;564;24;0;26
19288;155;26;0;1
19289;345;21;1;2
19290;532;10;1;1
19291;593;5;1;5
19292;887;13;0;0
19293;95;0;0;1
19294;226;2;0;0
19295;488;41;1;4
19296;272;30;2;1
19297;561;111;1;0
19298;184;9;1;1
19299;666;3;0;1
19300;437;16;1;2
19301;543;31;1;4
19302;1227;42;1;0
19303;72;0;0;1
19304;455;6;1;1
19305;201;1;1;0
19306;258;2;0;3
19307;515;13;2;16
19308;406;22;1;1
19309;78;2;0;1
19310;312;21;1;2
19311;481;17;1;21
19312;749;16;0;0
19313;65;0;0;1
19314;324;30;1;1
19315;253;16;0;2
19316;153;21;1;1
19317;63;1;0;1
19318;281;19;0;2
19319;348;22;3;1
19320;688;18;0;0
19321;60;0;0;1
19322;494;30;1;1
19323;315;25;2;2
19324;184;19;1;1
19325;708;83;1;261
19326;144;26;1;1
19327;243;34;1;2
19328;422;30;1;7
19329;633;28;0;21
19330;1240;29;0;0
19331;72;0;0;1
19332;541;52;1;0
19333;807;49;1;31
19334;307;31;1;1
19335;193;8;1;0
19336;231;11;0;1
19337;361;8;2;2
19338;571;0;2;1
19339;683;2;0;1
19340;1182;0;0;0
19341;82;0;0;1
19342;420;19;0;0
19343;222;9;0;0
19344;268;23;1;1
19345;629;34;2;69
19346;208;30;0;1
19347;363;6;3;2
19348;506;14;0;1
19349;642;8;2;18
19350;908;5;1;0
19351;89;0;0;0
19352;432;16;0;1
19353;307;29;4;1
19354;270;23;2;2
19355;115;1;0;1
19356;166;20;1;0
19357;227;17;1;1
19358;301;14;2;0
19359;406;31;1;30
19360;778;33;0;0
19361;61;0;0;1
19362;363;7;2;0
19363;288;7;1;1
19364;160;0;0;0
19365;209;36;1;1
19366;304;7;2;2
19367;397;13;1;1
19368;516;2;2;2
19369;956;9;0;0
19370;74;1;1;1
19371;167;2;0;0
19372;262;8;0;1
19373;390;14;1;0
19374;467;42;2;206
19375;188;11;2;1
19376;269;5;0;2
19377;420;7;2;1
19378;471;9;1;21
19379;1001;4;0;0
19380;73;1;1;1
19381;133;6;0;1
19382;237;5;1;2
19383;353;14;2;1
19384;150;6;1;0
19385;252;10;1;1
19386;334;21;1;0
19387;889;18;3;0
19388;65;2;3;1
19389;332;19;1;1
19390;293;25;1;2
19391;170;25;2;1
19392;562;46;2;22
19393;164;22;0;1
19394;324;31;1;2
19395;381;38;0;5
19396;558;20;1;13
19397;1132;0;0;0
19398;79;0;1;1
19399;206;1;0;0
19400;293;10;1;1
19401;430;24;0;0
19402;225;7;3;1
19403;313;4;0;2
19404;423;12;1;1
19405;578;4;2;31
19406;1118;4;0;0
19407;78;0;1;1
19408;398;24;0;0
19409;274;13;3;1
19410;160;0;1;0
19411;157;12;0;1
19412;317;9;1;2
19413;378;22;2;1
19414;503;6;1;14
19415;937;11;0;0
19416;79;0;1;1
19417;288;42;2;4
19418;187;40;1;2
19419;131;9;1;1
19420;575;30;0;77
19421;116;2;0;1
19422;248;6;0;2
19423;344;23;1;1
19424;488;8;1;3
19425;852;2;0;0
19426;62;0;0;1
19427;565;3;1;1
19428;285;46;1;2
19429;165;21;1;1
19430;195;4;1;1
19431;417;8;2;2
19432;564;6;3;4
19433;669;1;3;10
19434;744;0;1;1
19435;978;0;0;0
19436;67;0;1;1
19437;371;43;1;1
19438;315;24;1;2
19439;185;18;2;1
19440;606;29;1;1
19441;250;10;0;1
19442;370;14;1;2
19443;656;6;0;4
19444;580;8;1;2
19445;1229;3;0;0
19446;80;0;1;1
19447;312;23;1;1
19448;234;25;0;2
19449;164;15;0;1
19450;72;13;0;1
19451;378;9;2;2
19452;518;7;1;5
19453;668;22;1;0
19454;59;0;0;1
19455;124;9;1;1
19456;281;5;1;2
19457;363;9;2;1
19458;351;14;3;0
19459;263;4;2;1
19460;166;1;0;0
19461;998;17;0;0
19462;62;0;0;1
19463;421;34;0;0
19464;219;13;2;1
19465;153;1;0;0
19466;282;217;0;0
19467;173;26;0;1
19468;314;4;3;2
19469;472;3;1;1
19470;501;11;1;4
19471;931;0;0;0
19472;61;0;0;0
19473;207;36;1;2
19474;143;17;0;1
19475;322;22;1;1
19476;105;16;1;1
19477;228;9;1;2
19478;345;22;2;1
19479;568;6;2;6
19480;596;7;2;21
19481;972;10;1;0
19482;74;0;0;1
19483;82;2;0;1
19484;142;1;1;2
19485;248;2;0;1
19486;318;32;2;0
19487;228;7;2;1
19488;135;1;0;0
19489;736;31;0;0
19490;82;0;0;1
19491;833;9;0;28
19492;222;37;0;0
19493;531;35;0;23
19494;928;43;0;37
19495;252;28;0;24
19496;542;22;2;73
19497;612;16;0;36
19498;797;16;0;36
19499;1514;42;0;0
19500;68;1;0;1
19501;158;4;1;1
19502;361;5;2;1
19503;237;12;0;2
19504;358;4;3;1
19505;236;11;1;2
19506;163;5;1;1
19507;253;7;1;0
19508;497;5;3;4
19509;721;3;2;0
19510;76;0;1;0
19511;404;21;1;0
19512;154;0;0;0
19513;201;26;2;1
19514;274;156;0;86
19515;162;7;1;1
19516;301;9;0;2
19517;399;11;1;1
19518;487;7;1;7
19519;848;2;0;0
19520;63;1;0;1
19521;538;51;0;37
19522;186;8;1;0
19523;387;21;2;1
19524;654;37;0;53
19525;305;17;0;1
19526;417;13;1;2
19527;553;33;2;1
19528;612;18;1;4
19529;1219;43;2;0
19530;100;0;0;0
19531;107;23;0;1
19532;295;17;1;2
19533;356;9;1;1
19534;182;10;0;1
19535;256;11;1;2
19536;368;10;2;1
19537;466;10;1;1
19538;430;42;1;64
19539;864;17;0;0
19540;72;0;0;1
19541;123;18;1;0
19542;319;41;2;0
19543;228;11;2;1
19544;506;44;2;12
19545;193;11;3;1
19546;322;13;1;2
19547;476;3;2;2
19548;510;10;1;23
19549;1002;8;1;0
19550;57;0;1;1
19551;449;29;0;9
19552;169;6;0;0
19553;339;8;2;6
19554;731;43;0;78
19555;453;20;0;9
19556;195;6;3;1
19557;288;31;1;2
19558;594;28;0;47
19559;999;4;0;0
19560;80;0;0;1
19561;213;2;1;0
19562;481;55;2;0
19563;333;4;1;17
19564;630;52;4;0
19565;247;3;0;1
19566;293;3;0;2
19567;508;11;1;5
19568;592;13;1;22
19569;1239;0;1;0
19570;89;0;0;1
19571;181;2;1;0
19572;293;20;1;1
19573;456;7;1;0
19574;717;72;0;51
19575;200;6;2;1
19576;332;5;0;2
19577;531;7;2;1
19578;666;2;1;3
19579;927;14;1;0
19580;66;0;0;1
19581;158;1;0;0
19582;267;9;0;1
19583;436;26;1;0
19584;440;20;1;0
19585;266;10;0;1
19586;186;2;0;0
19587;562;23;0;14
19588;572;29;2;31
19589;838;35;0;0
19590;65;0;0;1
19591;353;17;1;11
19592;273;17;1;2
19593;185;6;1;1
19594;148;7;0;1
19595;276;15;0;2
19596;359;25;1;3
19597;492;7;3;25
19598;870;21;0;0
19599;59;0;1;1
19600;566;51;0;28
19601;176;14;0;0
19602;273;16;0;1
19603;416;23;0;0
19604;127;22;0;1
19605;240;5;1;2
19606;410;10;2;1
19607;487;15;0;27
19608;865;21;0;0
19609;59;0;0;1
19610;92;10;0;1
19611;417;23;1;9
19612;267;29;2;1
19613;190;16;1;2
19614;55;4;0;1
19615;90;6;2;2
19616;183;20;2;1
19617;436;9;1;31
19618;709;49;1;0
19619;56;0;0;1
19620;50;2;0;0
19621;2618;59;1;0
19622;415;6;2;1
19623;297;9;1;2
19624;177;1;0;1
19625;589;8;0;5
19626;131;9;0;1
19627;248;5;0;2
19628;392;6;3;1
19629;479;11;2;11
19630;865;11;1;0
19631;63;0;0;1
19632;206;11;0;0
19633;293;18;1;1
19634;475;6;1;1
19635;341;30;2;0
19636;617;21;1;2
19637;782;14;0;0
19638;521;13;0;0
19639;348;9;2;1
19640;552;99;1;0
19641;247;1;2;0
19642;657;7;1;33
19643;1332;10;0;0
19644;81;1;1;1
19645;589;40;2;139
19646;251;37;1;3
19647;372;35;1;33
19648;771;48;0;247
19649;307;15;0;4
19650;501;8;1;10
19651;669;5;3;47
19652;829;7;2;59
19653;1463;24;0;0
19654;65;2;0;1
19655;178;12;1;0
19656;425;1;1;0
19657;233;22;2;1
19658;672;2;0;0
19659;161;19;1;1
19660;284;4;2;2
19661;468;18;1;1
19662;567;10;1;4
19663;880;7;1;0
19664;63;1;1;1
19665;382;3;2;1
19666;284;3;0;2
19667;188;9;1;1
19668;94;2;0;1
19669;151;1;0;2
19670;244;5;2;1
19671;707;2;0;0
19672;59;0;0;1
19673;416;10;0;0
19674;265;9;2;1
19675;134;1;0;0
19676;113;5;0;1
19677;245;6;2;2
19678;325;23;2;1
19679;250;100;1;1
19680;544;21;1;24
19681;925;20;0;0
19682;88;1;0;0
19683;56;1;1;1
19684;157;28;0;2
19685;280;20;1;1
19686;139;1;0;0
19687;201;4;1;1
19688;278;13;1;0
19689;753;7;2;0
19690;433;24;0;20
19691;57;0;0;0
19692;492;13;1;6
19693;215;1;0;0
19694;294;10;1;1
19695;482;21;1;19
19696;655;33;2;90
19697;203;7;2;1
19698;244;37;0;2
19699;447;21;1;9
19700;542;21;2;35
19701;1111;4;0;0
19702;91;0;0;0
19703;246;4;1;1
19704;152;1;1;0
19705;327;25;1;32
19706;455;74;2;72
19707;76;30;1;1
19708;576;9;1;13
19709;304;11;0;5
19710;471;18;2;48
19711;1004;0;2;0
19712;88;0;0;0
19713;221;5;1;0
19714;631;46;2;53
19715;490;18;6;8
19716;321;6;4;1
19717;84;0;0;0
19718;208;3;1;1
19719;427;4;1;4
19720;757;25;0;5
19721;586;10;0;3
19722;162;10;2;0
19723;209;17;1;1
19724;249;21;3;24
19725;451;23;0;7
19726;113;11;0;1
19727;193;7;0;2
19728;273;53;2;21
19729;476;5;1;3
19730;59;0;0;0
19731;307;38;2;8
19732;118;11;0;0
19733;216;19;0;1
19734;102;2;1;1
19735;193;3;1;2
19736;304;3;0;1
19737;462;2;2;1
19738;421;29;3;28
19739;51;0;1;0
19740;312;17;2;4
19741;146;9;0;0
19742;221;15;0;1
19743;85;0;0;0
19744;325;28;0;20
19745;169;14;0;2
19746;304;14;3;3
19747;432;8;1;26
19748;84;30;1;0
19749;132;53;0;9
19750;158;57;1;8
19751;274;70;1;2
19752;69;0;1;0
19753;266;6;0;1
19754;463;3;0;1
19755;142;17;0;2
19756;116;5;0;1
19757;225;31;0;25
19758;195;17;0;1
19759;145;3;1;0
19760;368;24;0;7
19761;68;1;1;0
19762;293;38;1;20
19763;384;19;0;6
19764;160;7;1;0
19765;209;38;1;1
19766;157;10;1;5
19767;312;29;3;7
19768;383;43;0;8
19769;682;80;1;9
19770;178;7;2;1
19771;297;9;1;2
19772;506;5;2;3
19773;634;6;1;1
19774;63;0;0;0
19775;125;0;1;0
19776;125;51;2;1
19777;256;43;4;0
19778;410;33;4;0
19779;146;7;0;1
19780;246;7;1;2
19781;343;10;3;1
19782;421;13;0;3
19783;61;1;0;0
19784;199;32;0;12
19785;291;48;2;38
19786;542;58;0;50
19787;440;27;4;33
19788;183;5;2;1
19789;313;3;1;2
19790;631;3;0;11
19791;429;62;1;0
19792;73;1;0;0
19793;315;17;3;0
19794;165;5;2;0
19795;224;9;0;1
19796;67;0;0;0
19797;399;60;1;0
19798;116;1;0;1
19799;204;2;0;2
19800;321;28;1;1
19801;422;2;2;1
19802;450;5;2;65
19803;312;10;3;2
19804;116;6;1;0
19805;208;9;0;1
19806;60;0;0;0
19807;89;4;0;1
19808;216;4;0;2
19809;462;3;0;1
19810;336;2;2;0
19811;213;7;3;0
19812;275;25;2;6
19813;407;15;2;39
19814;636;33;2;11
19815;429;44;1;24
19816;323;31;3;6
19817;203;20;1;0
19818;535;39;2;15
19819;84;0;1;0
19820;137;39;2;0
19821;251;24;0;1
19822;248;57;2;0
19823;631;5;0;0
19824;401;25;0;1
19825;282;19;2;21
19826;92;54;1;2
19827;630;22;1;5
19828;63;0;0;0
19829;217;7;0;15
19830;401;5;3;28
19831;304;6;1;2
19832;400;82;2;11
19833;262;12;1;2
19834;135;9;1;1
19835;316;70;2;1
19836;352;30;2;4
19837;85;1;0;0
19838;215;21;0;0
19839;454;5;2;13
19840;591;11;2;20
19841;694;58;0;6
19842;317;6;1;2
19843;468;6;0;16
19844;736;30;1;16
19845;597;18;0;30
19846;85;0;0;0
19847;169;13;1;0
19848;292;17;3;1
19849;434;15;0;4
19850;529;16;2;6
19851;119;0;1;1
19852;255;2;1;2
19853;397;0;4;13
19854;557;1;0;11
19855;64;0;0;0
19856;187;15;1;4
19857;320;26;3;8
19858;238;13;1;7
19859;200;192;0;0
19860;72;1;1;0
19861;469;2;3;6
19862;185;3;3;1
19863;338;4;3;2
19864;397;9;0;5
19865;138;13;0;0
19866;279;9;1;1
19867;377;11;2;0
19868;396;15;4;6
19869;308;30;4;7
19870;156;18;2;2
19871;448;6;0;13
19872;76;0;0;0
19873;441;10;1;0
19874;203;13;1;0
19875;359;8;1;1
19876;537;11;1;3
19877;673;12;0;20
19878;162;5;2;1
19879;249;5;0;2
19880;449;10;1;2
19881;539;12;1;4
19882;68;0;0;0
19883;247;33;3;17
19884;236;17;1;2
19885;147;16;1;0
19886;83;3;0;1
19887;186;3;1;2
19888;353;10;1;3
19889;421;20;0;1
19890;67;0;0;0
19891;137;15;1;1
19892;199;1;0;2
19893;370;6;1;1
19894;509;0;1;1
19895;259;1;1;0
19896;347;0;1;1
19897;478;2;0;0
19898;655;49;1;64
19899;78;1;0;0
19900;141;17;1;0
19901;311;16;2;0
19902;343;41;0;8
19903;204;12;2;1
19904;136;3;0;1
19905;215;5;1;2
19906;446;5;0;1
19907;369;4;2;1
19908;62;0;0;0
19909;167;9;1;0
19910;252;7;2;1
19911;414;14;0;0
19912;586;45;0;3
19913;118;3;0;1
19914;221;3;1;2
19915;421;1;2;3
19916;499;33;1;3
19917;66;0;1;0
19918;160;16;3;0
19919;312;14;5;0
19920;220;15;2;1
19921;484;17;2;6
19922;76;1;0;1
19923;230;5;0;2
19924;362;6;4;10
19925;500;8;0;3
19926;65;0;0;0
19927;313;3;1;1
19928;317;20;2;56
19929;160;3;0;0
19930;436;18;1;165
19931;103;3;0;1
19932;228;16;2;2
19933;365;4;1;7
19934;461;10;3;20
19935;67;0;0;0
19936;118;3;0;1
19937;68;0;1;1
19938;171;9;1;4
19939;199;36;0;16
19940;105;3;1;1
19941;197;2;0;2
19942;327;0;3;1
19943;374;13;1;1
19944;221;12;0;1
19945;305;32;3;24
19946;144;15;0;0
19947;446;28;4;21
19948;71;0;0;0
19949;501;23;2;1
19950;519;2;1;1
19951;319;28;1;3
19952;155;25;0;0
19953;228;6;0;1
19954;268;34;1;4
19955;139;6;2;0
19956;67;0;0;0
19957;346;33;1;34
19958;123;7;0;1
19959;247;4;1;2
19960;324;2;1;5
19961;411;5;4;1
19962;257;13;0;1
19963;357;11;7;1
19964;152;5;0;0
19965;373;5;13;0
19966;152;0;0;1
19967;339;3;1;2
19968;425;5;2;5
19969;415;15;0;9
19970;77;0;0;0
19971;107;19;1;1
19972;223;14;2;2
19973;469;1;1;5
19974;189;9;2;0
19975;274;10;0;1
19976;428;12;0;0
19977;659;4;0;3
19978;608;5;0;3
19979;49;0;0;0
19980;254;31;2;4
19981;139;15;0;0
19982;207;11;1;1
19983;70;1;1;0
19984;326;4;2;1
19985;152;1;0;1
19986;266;2;0;2
19987;249;55;1;24
19988;123;12;1;0
19989;199;16;0;1
19990;301;26;2;27
19991;107;1;1;1
19992;244;4;0;2
19993;364;2;1;1
19994;452;0;1;1
19995;73;0;0;0
19996;106;3;0;1
19997;318;6;2;2
19998;362;36;1;12
19999;405;72;1;60
20000;106;3;0;1
20001;317;5;2;2
20002;493;8;2;1
20003;427;39;2;1
20004;1384;0;0;0
20005;62;0;0;0
20006;267;26;2;2
20007;179;1;1;0
20008;235;2;0;1
20009;355;33;1;5
20010;324;13;1;2
20011;239;2;0;1
20012;182;1;0;0
20013;455;20;1;26
20014;74;0;0;0
20015;511;5;3;8
20016;286;2;0;0
20017;342;5;3;1
20018;662;31;1;6
20019;330;1;1;1
20020;392;0;0;2
20021;746;13;4;7
20022;553;12;4;15
20023;95;0;0;0
20024;161;33;1;0
20025;243;12;0;2
20026;435;7;2;0
20027;294;37;3;0
20028;296;1;0;0
20029;273;2;0;2
20030;175;2;0;1
20031;67;0;0;0
20032;448;4;1;3
20033;136;4;0;1
20034;222;5;1;2
20035;407;2;1;3
20036;204;4;1;0
20037;338;2;3;1
20038;434;2;1;0
20039;526;14;1;27
20040;82;0;0;0
20041;295;20;3;3
20042;166;1;0;0
20043;260;7;1;3
20044;353;30;1;8
20045;96;1;0;0
20046;323;30;1;35
20047;163;13;3;0
20048;262;17;1;7
20049;495;11;0;8
20050;321;8;3;70
20051;114;13;2;8
20052;327;38;1;97
20053;171;19;1;38
20054;452;18;0;38
20055;328;18;4;6
20056;126;2;0;1
20057;193;7;1;2
20058;52;0;1;0
20059;247;3;0;0
20060;357;2;1;1
20061;469;5;0;0
20062;578;4;1;9
20063;562;5;0;1
20064;449;5;2;1
20065;150;5;0;1
20066;267;6;0;2
20067;66;0;0;0
20068;324;3;1;18
20069;208;17;0;1
20070;158;11;0;0
20071;59;0;1;0
20072;316;0;2;1
20073;133;2;1;1
20074;237;1;0;2
20075;196;13;0;2
20076;59;1;0;1
20077;242;30;1;33
20078;161;9;2;0
20079;323;32;2;4
20080;139;5;3;1
20081;265;4;0;2
20082;377;5;0;15
20083;432;5;2;9
20084;263;24;1;13
20085;183;17;0;1
20086;54;0;0;1
20087;171;7;1;0
20088;84;6;0;1
20089;179;27;1;2
20090;266;8;0;3
20091;360;9;3;1
20092;309;10;18;0
20093;238;5;17;1
20094;163;11;3;0
20095;116;34;0;1
20096;251;31;2;2
20097;351;5;13;1
20098;494;6;0;1
20099;77;0;0;0
20100;378;35;17;20
20101;105;20;0;2
20102;128;33;1;3
20103;242;30;1;2
20104;385;29;2;2
20105;87;1;0;1
20106;259;4;0;2
20107;440;0;4;1
20108;356;1;1;1
20109;72;1;0;0
20110;362;29;4;94
20111;188;15;2;0
20112;167;4;2;1
20113;281;2;2;2
20114;586;7;2;382
20115;500;4;0;13
20116;604;47;3;118
20117;243;16;5;33
20118;69;0;0;0
20119;600;0;1;18
20120;95;2;0;1
20121;196;1;0;2
20122;378;3;1;1
20123;340;25;2;13
20124;195;27;0;1
20125;160;6;1;0
20126;76;0;0;0
20127;601;0;0;18
20128;268;17;2;6
20129;151;6;1;0
20130;227;13;1;1
20131;362;30;0;4
20132;85;0;1;0
20133;410;15;1;44
20134;301;2;1;0
20135;143;7;0;1
20136;216;1;1;2
20137;177;22;0;1
20138;264;26;2;4
20139;162;6;0;0
20140;362;33;3;5
20141;302;1;3;0
20142;354;26;1;33
20143;152;3;1;1
20144;232;4;0;2
20145;61;0;0;0
20146;128;2;0;1
20147;211;23;0;2
20148;300;5;2;3
20149;461;21;0;1
20150;90;17;2;2
20151;111;37;1;5
20152;226;37;2;10
20153;517;15;2;4
20154;66;1;0;0
20155;196;8;0;0
20156;675;1;0;0
20157;219;16;1;1
20158;354;30;1;0
20159;81;0;1;0
20160;147;0;0;1
20161;280;7;0;2
20162;485;1;1;1
20163;623;1;0;1
20164;209;16;2;0
20165;487;15;9;3
20166;769;48;3;43
20167;283;15;1;10
20168;162;6;1;1
20169;272;2;1;2
20170;505;3;0;28
20171;627;0;0;10
20172;93;0;0;0
20173;376;10;0;7
20174;228;26;0;1
20175;592;13;0;0
20176;94;4;0;1
20177;202;6;0;2
20178;445;4;1;1
20179;504;4;1;1
20180;189;3;0;0
20181;71;0;1;0
20182;166;5;0;0
20183;239;19;1;13
20184;333;30;2;10
20185;590;62;0;4
20186;663;11;0;1
20187;162;7;0;1
20188;243;8;1;2
20189;370;10;2;9
20190;67;0;3;0
20191;378;32;1;25
20192;262;33;3;1
20193;176;7;2;0
20194;480;49;4;16
20195;68;0;0;0
20196;141;2;0;1
20197;256;14;0;2
20198;464;12;0;1
20199;522;16;1;13
20200;161;1;0;0
20201;210;5;0;1
20202;285;13;3;17
20203;411;18;0;2
20204;96;1;0;0
20205;346;9;1;13
20206;422;10;2;22
20207;227;3;1;1
20208;141;7;0;0
20209;155;3;0;0
20210;434;3;1;1
20211;249;11;1;1
20212;317;2;1;4
20213;438;23;2;11
20214;330;11;2;1
20215;150;3;0;0
20216;487;4;1;4
20217;70;0;1;0
20218;481;12;2;16
20219;290;22;1;7
20220;176;3;1;0
20221;606;40;0;2
20222;82;0;1;0
20223;144;24;0;1
20224;255;21;1;2
20225;512;12;1;1
20226;569;23;2;4
20227;158;18;2;0
20228;228;15;0;1
20229;404;12;0;16
20230;449;31;2;9
20231;91;0;0;0
20232;386;29;2;16
20233;270;19;3;1
20234;177;7;1;0
20235;520;14;0;1
20236;272;21;1;0
20237;152;7;1;0
20238;222;10;0;2
20239;406;13;0;0
20240;64;0;0;0
20241;138;2;0;1
20242;227;5;1;2
20243;341;7;2;1
20244;438;4;2;4
20245;275;17;0;4
20246;408;17;3;5
20247;595;13;3;88
20248;649;58;3;224
20249;214;12;1;1
20250;536;28;0;25
20251;346;17;3;5
20252;770;19;1;19
20253;76;0;0;0
20254;200;4;2;0
20255;270;2;1;1
20256;475;2;1;0
20257;488;15;0;1
20258;127;2;1;1
20259;301;2;1;2
20260;456;3;1;1
20261;445;18;3;1
20262;63;0;1;0
20263;191;2;1;0
20264;315;8;4;1
20265;423;3;2;0
20266;590;1;4;12
20267;383;31;1;34
20268;252;27;3;1
20269;165;8;0;0
20270;508;3;0;15
20271;73;0;0;0
20272;183;30;1;0
20273;324;1;2;1
20274;370;36;1;21
20275;409;41;1;27
20276;77;0;0;0
20277;126;25;0;1
20278;235;33;2;2
20279;338;36;1;1
20280;389;29;2;1
20281;319;27;1;0
20282;221;16;0;1
20283;165;16;1;0
20284;72;1;0;0
20285;87;3;0;0
20286;231;3;0;1
20287;390;12;0;0
20288;572;15;0;0
20289;537;16;2;0
20290;92;5;0;0
20291;109;9;2;1
20292;282;47;2;0
20293;445;33;1;0
20294;130;2;2;1
20295;174;5;2;2
20296;357;4;1;1
20297;478;9;1;1
20298;79;0;0;0
20299;455;23;20;42
20300;780;37;15;1
20301;709;73;1;35
20302;587;33;11;19
20303;615;9;17;51
20304;720;63;1;28
20305;720;63;1;28
20306;864;31;8;68
20307;534;48;0;17
20308;1050;70;8;10
20309;844;49;3;56
20310;924;25;2;3
20311;586;90;18;43
20312;419;77;4;18
20313;715;53;0;0
20314;682;54;0;0
20315;876;73;17;51
20316;691;34;8;50
20317;441;30;55;98
20318;418;30;1;18
20319;542;39;0;38
20320;5020;586;16;552
20321;369;74;19;77
20322;7851;453;35;238
20323;7922;453;35;238
20324;7636;949;83;407
20325;7943;935;82;405
20326;683;19;11;121
20327;825;52;9;56
20328;467;4;1;30
20329;717;106;14;327
20330;555;25;4;0
20331;793;31;0;18
20332;558;79;20;41
20333;636;15;1;13
20334;835;46;0;9
20335;626;45;2;29
20336;535;62;0;0
20337;636;74;7;6
20338;618;35;0;2
20339;763;36;5;24
20340;602;46;11;8
20341;626;72;2;0
20342;631;16;7;77
20343;563;33;0;10
20344;674;47;6;42
20345;421;66;9;31
20346;714;40;3;3
20347;651;73;9;10
20348;450;37;27;11
20349;838;36;3;24
20350;676;20;0;4
20351;427;64;10;13
20352;345;91;26;42
20353;772;53;5;6
20354;776;41;1;8
20355;836;34;4;72
20356;916;144;1;2
20357;566;37;4;3
20358;357;40;12;1
20359;626;60;3;11
20360;504;17;2;9
20361;600;23;3;7
20362;823;25;1;2
20363;852;8;10;0
20364;1010;49;8;0
20365;501;33;3;6
20366;1051;20;0;2
20367;711;44;15;0
20368;656;74;1;9
20369;720;10;1;0
20370;603;15;9;2
20371;580;16;2;2
20372;349;35;2;7
20373;147;34;1;0
20374;57;1;0;0
20375;472;78;0;0
20376;460;85;2;0
20377;267;63;3;0
20378;98;38;2;1
20379;93;5;0;0
20380;66;1;0;0
20381;767;45;1;0
20382;1129;7;1;0
20383;698;60;4;0
20384;491;52;1;0
20385;410;0;2;7
20386;134;19;2;0
20387;71;6;1;0
20388;978;10;2;5
20389;609;17;3;0
20390;291;18;3;9
20391;115;17;0;0
20392;74;4;1;0
20393;877;17;0;4
20394;680;35;1;0
20395;675;14;1;9
20396;393;18;4;0
20397;238;11;0;1
20398;92;6;1;0
20399;57;1;0;0
20400;571;84;1;4
20401;584;77;1;0
20402;283;89;0;0
20403;156;37;2;1
20404;100;15;1;0
20405;55;3;1;0
20406;763;20;3;7
20407;487;39;18;0
20408;241;26;4;1
20409;87;4;0;0
20410;70;0;0;0
20411;668;21;12;7
20412;577;38;0;1
20413;317;40;16;4
20414;238;38;1;1
20415;84;14;2;0
20416;51;0;0;0
20417;565;35;3;0
20418;962;27;19;4
20419;928;42;17;6
20420;962;27;19;4
20421;711;36;17;49
20422;339;14;7;1
20423;143;9;1;0
20424;86;1;1;0
20425;714;37;0;13
20426;396;46;7;0
20427;216;56;1;1
20428;167;24;0;0
20429;61;4;1;0
20430;465;59;7;2
20431;946;4;2;2
20432;887;10;1;2
20433;652;11;1;0
20434;330;30;2;1
20435;131;79;3;0
20436;80;0;0;0
20437;402;76;13;18
20438;360;77;8;2
20439;174;72;4;4
20440;111;41;2;1
20441;63;11;1;0
20442;50;5;0;0
20443;877;78;0;18
20444;510;61;7;0
20445;279;55;5;1
20446;137;39;2;0
20447;85;15;0;0
20448;820;56;5;30
20449;594;69;1;29
20450;536;71;4;0
20451;360;68;4;0
20452;240;24;1;1
20453;141;10;0;0
20454;57;1;0;0
20455;763;39;2;0
20456;744;35;3;6
20457;498;34;4;0
20458;346;12;1;1
20459;123;2;0;0
20460;73;0;0;0
20461;459;76;5;4
20462;287;112;2;2
20463;183;115;5;0
20464;147;81;1;1
20465;127;2;2;0
20466;55;2;0;0
20467;833;45;5;0
20468;698;45;12;8
20469;525;58;11;0
20470;337;55;13;1
20471;153;38;3;0
20472;82;31;1;0
20473;756;64;9;10
20474;693;58;9;4
20475;505;50;8;0
20476;318;46;8;1
20477;242;25;0;0
20478;73;1;0;0
20479;387;78;3;0
20480;371;65;2;2
20481;213;53;6;0
20482;148;42;1;1
20483;69;41;0;0
20484;54;10;0;0
20485;518;70;18;0
20486;516;71;13;0
20487;364;62;3;0
20488;200;55;2;1
20489;111;8;1;0
20490;45;5;1;0
20491;547;32;2;3
20492;481;47;0;5
20493;289;36;5;2
20494;267;8;1;1
20495;170;1;0;0
20496;51;0;1;0
20497;706;28;6;0
20498;500;32;2;0
20499;275;37;7;1
20500;112;34;1;0
20501;64;0;1;0
20502;641;36;5;20
20503;496;47;2;2
20504;438;43;5;8
20505;338;22;3;0
20506;192;19;3;1
20507;104;4;1;0
20508;51;0;0;0
20509;625;44;2;12
20510;553;50;4;32
20511;443;60;1;0
20512;295;19;1;1
20513;129;10;2;0
20514;65;0;2;0
20515;1101;42;2;1
20516;736;39;19;0
20517;490;19;5;1
20518;263;13;4;0
20519;116;4;1;0
20520;899;38;15;0
20521;657;54;4;11
20522;334;39;10;10
20523;225;38;0;0
20524;128;18;0;0
20525;51;9;0;0
20526;485;103;9;0
20527;688;23;0;0
20528;576;102;0;0
20529;437;45;0;0
20530;282;42;0;0
20531;212;3;0;0
20532;81;0;0;0
20533;611;54;6;4
20534;428;38;9;4
20535;293;30;0;0
20536;164;15;0;0
20537;59;2;0;0
20538;566;64;5;3
20539;682;84;3;1
20540;491;51;1;9
20541;332;62;0;16
20542;169;16;0;0
20543;71;3;0;0
20544;668;85;0;0
20545;493;62;0;0
20546;324;35;0;0
20547;182;32;0;0
20548;81;38;0;0
20549;49;3;0;0
20550;269;49;0;594
20551;707;86;0;0
20552;481;99;2;0
20553;359;26;0;0
20554;163;18;0;0
20555;71;5;0;0
20556;646;118;0;0
20557;641;52;0;3
20558;629;51;0;0
20559;492;19;0;0
20560;241;52;0;0
20561;161;25;0;0
20562;58;6;0;0
20563;704;99;0;0
20564;480;74;0;0
20565;273;69;0;0
20566;150;17;0;0
20567;85;0;0;0
20568;639;101;0;0
20569;634;63;2;0
20570;392;47;1;2
20571;248;44;0;0
20572;144;13;0;0
20573;53;9;0;0
20574;601;69;1;0
20575;339;71;0;4
20576;155;73;0;0
20577;114;41;0;0
20578;55;27;0;0
20579;35;7;0;0
20580;243;86;0;1
20581;963;59;0;3
20582;580;68;3;0
20583;286;56;2;0
20584;163;40;0;0
20585;69;10;0;0
20586;776;80;0;0
20587;600;57;11;8
20588;575;74;5;0
20589;406;61;18;6
20590;213;68;3;3
20591;123;58;0;0
20592;64;7;0;0
20593;631;37;0;14
20594;367;64;13;11
20595;216;35;0;0
20596;124;4;0;0
20597;56;3;0;0
20598;565;80;0;14
20599;646;77;7;2
20600;387;76;4;29
20601;277;85;4;0
20602;144;20;0;0
20603;67;0;0;0
20604;579;69;7;21
20605;627;95;0;14
20606;622;83;0;0
20607;348;60;1;0
20608;249;48;1;0
20609;175;20;0;0
20610;58;8;0;0
20611;946;89;1;22
20612;778;56;0;0
20613;417;49;0;6
20614;255;32;0;0
20615;60;14;0;0
20616;957;55;0;10
20617;931;59;26;3
20618;579;68;10;1
20619;773;89;21;1
20620;290;69;3;0
20621;186;38;5;0
20622;76;11;0;0
20623;659;104;0;0
20624;580;124;0;0
20625;359;100;0;0
20626;349;24;0;0
20627;96;33;0;0
20628;61;5;0;0
20629;678;36;1;15
20630;389;37;5;0
20631;227;16;0;0
20632;115;5;0;0
20633;55;0;0;0
20634;617;59;1;22
20635;1151;32;1;8
20636;1084;32;3;8
20637;758;38;3;2
20638;478;51;1;0
20639;129;13;0;0
20640;1131;33;1;15
20641;756;27;6;14
20642;748;24;6;12
20643;501;62;4;3
20644;330;24;1;0
20645;173;19;0;0
20646;56;10;0;0
20647;807;36;2;12
20648;454;79;2;4
20649;284;37;0;0
20650;140;22;0;0
20651;70;3;0;0
20652;748;83;2;0
20653;610;64;0;8
20654;572;78;0;0
20655;325;83;0;0
20656;174;72;0;3
20657;101;60;0;0
20658;55;5;0;0
20659;982;65;0;2
20660;921;79;1;0
20661;715;67;0;0
20662;419;48;0;0
20663;221;19;0;0
20664;78;10;0;0
20665;912;72;0;0
20666;612;69;0;12
20667;374;50;0;0
20668;192;13;0;0
20669;97;0;0;0
20670;799;66;0;0
20671;704;63;1;11
20672;460;91;5;0
20673;287;49;1;0
20674;164;13;0;0
20675;64;2;0;0
20676;633;94;0;0
20677;660;40;0;0
20678;645;72;0;0
20679;386;54;2;0
20680;216;24;0;0
20681;90;18;0;0
20682;59;0;0;0
20683;741;29;1;0
20684;474;34;2;0
20685;263;26;1;0
20686;137;14;0;0
20687;61;7;0;0
20688;641;64;1;0
20689;471;39;0;0
20690;450;59;0;0
20691;254;44;0;0
20692;163;25;0;0
20693;108;19;0;0
20694;38;7;0;0
20695;1027;91;2;4
20696;649;95;0;0
20697;400;77;0;0
20698;189;29;0;0
20699;79;8;0;0
20700;959;109;0;0
20701;806;99;0;0
20702;471;64;2;0
20703;224;55;0;0
20704;132;27;0;0
20705;59;4;0;0
20706;696;92;0;0
20707;627;61;3;21
20708;952;35;1;14
20709;621;56;4;15
20710;449;33;3;0
20711;258;38;0;0
20712;74;10;0;0
20713;801;17;11;22
20714;515;23;4;0
20715;767;27;5;6
20716;317;22;5;0
20717;167;8;0;0
20718;73;0;0;0
20719;887;62;4;5
20720;583;80;2;0
20721;327;58;0;0
20722;156;18;0;0
20723;70;3;0;0
20724;842;94;0;4
20725;755;78;8;30
20726;707;94;6;23
20727;487;76;12;11
20728;358;46;3;0
20729;173;38;0;0
20730;72;3;0;0
20731;763;62;0;0
20732;651;89;0;0
20733;477;69;1;0
20734;274;55;2;0
20735;131;42;0;0
20736;45;15;0;0
20737;775;85;2;2
20738;719;102;0;0
20739;475;63;5;0
20740;266;59;1;0
20741;151;23;0;0
20742;66;5;0;0
20743;609;61;17;6
20744;610;72;12;5
20745;403;50;3;0
20746;261;51;3;0
20747;123;34;0;0
20748;75;4;0;0
20749;980;57;0;16
20750;740;58;5;12
20751;507;50;0;4
20752;276;21;0;0
20753;69;9;0;0
20754;841;69;4;3
20755;512;56;1;0
20756;481;63;3;0
20757;301;43;3;0
20758;193;32;0;0
20759;112;16;0;0
20760;56;0;0;0
20761;2379;23;0;0
20762;2213;24;3;0
20763;1662;36;3;6
20764;1964;31;3;5
20765;4669;103;0;0
20766;2157;175;1;0
20767;4155;141;1;0
20768;3299;231;4;1
20769;3400;14;1;0
20770;3142;20;0;0
20771;2638;34;1;1
20772;2406;38;1;0
20773;19160;81;1;0
20774;2313;45;5;0
20775;2191;55;4;0
20776;1101;114;2;0
20777;1518;112;1;1
20778;2014;20;2;0
20779;1674;41;3;0
20780;1401;42;0;1
20781;1056;40;0;0
20782;2312;81;1;0
20783;1600;104;2;0
20784;2093;87;1;0
20785;1868;95;1;1
20786;2670;8;1;0
20787;1568;45;3;0
20788;2141;30;3;0
20789;2044;40;3;1
20790;3876;56;3;1
20791;2815;127;3;2
20792;1988;223;4;1
20793;3533;81;3;1
20794;3652;4;0;0
20795;2863;52;2;1
20796;3379;18;3;0
20797;2259;64;1;0
20798;2454;49;1;0
20799;2229;61;2;0
20800;2003;61;1;1
20801;1553;67;2;1
20802;2879;19;5;0
20803;1913;114;13;12
20804;2374;57;7;1
20805;2574;39;8;0
20806;2253;4;0;0
20807;1933;52;2;0
20808;1685;54;0;1
20809;1143;58;0;0
20810;2639;61;3;0
20811;2433;67;3;0
20812;2259;72;5;1
20813;1834;73;3;0
20814;3580;26;0;0
20815;3079;35;1;0
20816;2282;41;2;1
20817;1915;41;0;0
20818;3513;5;1;0
20819;2999;26;0;0
20820;1713;59;3;0
20821;2422;53;4;1
20822;3048;29;4;0
20823;2650;40;13;0
20824;2210;41;11;1
20825;1987;44;11;0
20826;4793;12;0;0
20827;4214;19;7;0
20828;3106;22;8;1
20829;2232;21;7;0
20830;1546;28;2;0
20831;1158;49;2;0
20832;1044;52;2;1
20833;821;77;3;0
20834;2286;5;0;0
20835;1225;25;0;0
20836;1933;24;0;0
20837;1596;24;1;1
20838;2373;55;0;4
20839;2085;73;2;4
20840;1747;106;1;5
20841;1435;118;1;4
20842;1913;48;1;0
20843;1670;64;2;0
20844;1497;75;3;1
20845;1240;78;5;0
20846;2686;182;6;0
20847;2442;195;6;0
20848;2151;208;7;1
20849;1757;223;7;19
20850;2144;157;4;0
20851;1423;137;3;0
20852;1526;138;5;1
20853;1947;156;4;0
20854;3588;15;2;0
20855;2275;88;5;0
20856;2527;60;2;1
20857;3150;15;2;0
20858;17070;13;1;0
20859;15565;39;1;0
20860;5237;2;2;0
20861;4966;1;3;0
20862;4286;4;0;1
20863;3292;5;0;0
20864;10168;12;1;1
20865;2685;14;1;0
20866;1557;21;2;0
20867;2299;18;3;0
20868;2097;42;3;1
20869;2825;21;2;0
20870;1562;31;0;0
20871;2152;23;1;1
20872;2492;25;2;0
20873;4909;37;18;0
20874;4479;48;14;0
20875;2400;67;11;0
20876;3556;55;14;1
20877;2738;12;2;0
20878;2076;25;1;1
20879;2281;21;2;0
20880;1850;29;0;0
20881;3061;36;11;0
20882;2647;35;11;0
20883;2436;42;11;1
20884;2119;65;5;0
20885;20160;27;3;0
20886;2584;21;1;0
20887;1982;26;1;0
20888;2432;20;2;0
20889;2216;28;1;1
20890;2871;34;2;0
20891;2696;38;4;0
20892;2134;42;1;0
20893;2538;41;3;1
20894;3044;38;3;1
20895;2601;41;1;1
20896;1757;46;1;1
20897;2348;41;1;2
20898;2141;43;1;0
20899;1835;66;2;0
20900;1603;66;2;1
20901;1354;66;2;0
20902;5317;24;3;0
20903;4392;58;2;0
20904;3560;73;1;1
20905;2765;82;5;0
20906;2863;36;1;0
20907;2427;47;3;0
20908;2055;50;0;1
20909;1490;55;1;0
20910;2260;40;1;0
20911;2076;58;1;0
20912;1844;85;1;1
20913;1347;66;1;0
20914;4845;4;0;1
20915;4381;6;0;1
20916;3571;4;5;2
20917;2610;5;0;1
20918;1358;25;2;0
20919;1181;35;3;0
20920;902;35;0;1
20921;712;34;1;0
20922;1623;9;0;0
20923;1517;11;1;0
20924;1411;16;1;1
20925;1362;20;2;0
20926;2724;27;1;0
20927;2283;50;1;0
20928;1869;67;5;1
20929;1491;80;2;0
20930;2292;54;3;0
20931;1952;79;3;0
20932;1806;79;2;1
20933;1331;96;4;0
20934;3838;11;0;0
20935;3387;12;2;0
20936;3012;17;7;1
20937;2303;20;4;0
20938;1810;14;2;0
20939;1658;20;1;0
20940;1528;30;2;1
20941;952;31;1;0
20942;5033;77;3;1
20943;2723;80;3;0
20944;4492;101;3;0
20945;3659;101;1;1
20946;1748;48;5;0
20947;1620;49;4;0
20948;1241;81;3;1
20949;950;112;4;0
20950;4377;30;1;0
20951;4153;34;2;0
20952;2240;42;1;0
20953;3403;42;0;1
20954;3225;47;2;0
20955;3055;47;2;0
20956;2285;53;2;0
20957;2588;52;1;1
20958;3233;6;0;0
20959;2708;16;3;0
20960;2337;17;2;1
20961;1684;21;1;0
20962;3192;22;1;0
20963;2948;52;0;0
20964;2702;53;1;1
20965;2480;55;2;0
20966;1235;33;0;0
20967;939;78;2;0
20968;804;100;1;1
20969;716;101;1;0
20970;2820;34;2;0
20971;2525;35;2;0
20972;1589;71;2;0
20973;2074;62;0;1
20974;2900;50;1;0
20975;2034;104;15;0
20976;2515;79;12;0
20977;2376;79;12;1
20978;5821;72;2;0
20979;5312;90;3;0
20980;4204;171;2;1
20981;3326;204;2;0
20982;2394;24;1;0
20983;2222;34;1;0
20984;2040;34;1;1
20985;1992;29;2;0
20986;2719;3;0;0
20987;1490;37;0;0
20988;1990;25;1;1
20989;2269;21;1;0
20990;3512;10;1;0
20991;2954;18;3;0
20992;2518;22;1;1
20993;1630;24;1;0
20994;4679;55;4;0
20995;2830;72;13;0
20996;4310;59;5;0
20997;4025;58;5;1
20998;3018;26;0;1
20999;2558;37;2;1
21000;1995;44;1;1
21001;2236;44;1;2
21002;6008;13;1;1
21003;4213;31;6;2
21004;2524;45;2;1
21005;4980;32;6;1
21006;2821;10;0;0
21007;3078;1;0;0
21008;2277;11;3;1
21009;2127;11;4;0
21010;2209;86;2;0
21011;1977;96;3;0
21012;1777;99;3;1
21013;1543;108;1;0
21014;2380;51;3;0
21015;2161;51;6;0
21016;1895;54;4;1
21017;1615;57;4;0
21018;2399;22;13;46
21019;1980;27;1;3
21020;2332;19;12;2
21021;1131;204;11;11
21022;2034;16;1;0
21023;1880;20;2;0
21024;848;47;2;9
21025;1536;68;1;1
21026;3199;32;10;0
21027;1471;68;5;0
21028;2159;54;10;1
21029;2664;54;10;0
21030;24823;106;1;0
21031;3584;15;3;0
21032;3136;41;0;0
21033;2621;47;3;1
21034;1884;57;2;0
21035;2101;37;1;0
21036;1858;37;1;0
21037;1791;37;1;1
21038;1619;42;1;0
21039;4047;46;3;1
21040;3497;78;1;1
21041;3038;102;1;2
21042;2326;108;2;1
21043;2275;27;11;0
21044;2019;37;9;1
21045;1796;40;8;2
21046;1553;40;9;1
21047;2372;36;1;0
21048;2094;69;3;0
21049;2094;33;3;0
21050;2161;32;3;0
21051;2250;6;1;0
21052;1918;37;3;1
21053;2129;68;0;0
21054;3277;34;8;9
21055;1806;43;0;0
21056;2846;32;0;0
21057;2498;19;0;1
21058;2382;12;1;0
21059;4151;31;0;0
21060;7023;20;1;0
21061;4158;30;0;1
21062;3488;96;1;1
21063;2359;17;1;0
21064;2550;42;0;0
21065;2653;35;3;0
21066;2763;28;0;0
21067;2113;25;0;0
21068;3234;39;3;0
21069;2689;30;3;1
21070;18040;78;0;1
21071;2813;57;0;0
21072;4072;34;0;0
21073;3039;121;0;0
21074;1466;6;0;0
21075;1320;17;0;0
21076;2257;22;0;0
21077;2784;28;1;0
21078;2736;32;3;0
21079;2336;45;1;0
21080;5324;10;1;0
21081;4434;38;4;0
21082;3845;24;0;1
21083;63;0;1;0
21084;189;8;2;0
21085;321;13;1;1
21086;521;5;1;0
21087;72;0;1;0
21088;176;16;0;0
21089;292;4;0;1
21090;382;6;2;0
21091;538;4;0;6
21092;44;0;0;0
21093;102;6;2;0
21094;201;17;2;1
21095;360;8;2;4
21096;51;0;1;0
21097;92;8;1;0
21098;178;30;2;1
21099;270;17;1;0
21100;366;12;0;2
21101;79;0;0;0
21102;159;28;1;0
21103;377;18;1;1
21104;579;19;3;32
21105;62;0;0;0
21106;164;27;1;0
21107;330;20;2;1
21108;425;16;2;0
21109;561;15;0;8
21110;48;1;0;0
21111;96;13;0;0
21112;267;1;1;1
21113;327;0;1;5
21114;43;1;0;0
21115;312;16;3;0
21116;83;10;1;0
21117;149;12;0;1
21118;221;10;0;0
21119;59;2;2;0
21120;134;10;4;0
21121;446;11;2;0
21122;229;6;2;1
21123;310;6;4;0
21124;59;2;2;0
21125;151;23;5;0
21126;329;5;10;1
21127;428;15;8;46
21128;74;2;0;0
21129;156;19;0;0
21130;260;16;2;1
21131;335;18;4;0
21132;549;17;0;6
21133;74;2;0;0
21134;177;24;6;0
21135;329;13;4;1
21136;535;16;2;0
21137;59;2;2;0
21138;126;14;0;0
21139;215;17;2;1
21140;363;15;8;0
21141;568;13;2;0
21142;62;2;0;0
21143;129;20;2;0
21144;302;16;8;1
21145;526;18;2;0
21146;42;0;4;0
21147;89;41;2;0
21148;183;17;6;1
21149;341;17;4;0
21150;530;6;2;3
21151;55;2;4;0
21152;104;36;4;0
21153;359;8;4;1
21154;589;10;0;0
21155;43;0;1;0
21156;115;17;0;0
21157;255;12;0;1
21158;347;11;1;0
21159;49;0;1;0
21160;101;18;2;0
21161;190;9;0;1
21162;259;11;0;0
21163;348;5;2;2
21164;62;0;0;0
21165;207;6;3;0
21166;425;7;3;1
21167;583;4;0;0
21168;65;0;0;0
21169;160;11;2;0
21170;316;9;1;1
21171;419;6;2;0
21172;581;6;1;27
21173;57;0;0;0
21174;127;32;2;0
21175;343;1;1;1
21176;516;4;0;0
21177;63;1;0;0
21178;90;14;0;0
21179;215;21;0;1
21180;291;15;2;0
21181;508;7;1;8
21182;73;0;2;0
21183;143;10;0;0
21184;261;14;2;1
21185;372;10;4;0
21186;557;15;4;4
21187;62;0;4;0
21188;140;29;3;0
21189;317;14;4;1
21190;517;11;4;24
21191;67;2;0;0
21192;534;15;0;1
21193;122;32;2;0
21194;236;44;2;1
21195;383;7;10;0
21196;83;11;2;0
21197;100;30;0;0
21198;205;28;4;1
21199;541;10;4;28
21200;68;0;4;0
21201;140;35;6;0
21202;214;33;6;1
21203;351;16;6;0
21204;486;6;8;0
21205;59;0;6;0
21206;126;32;2;0
21207;283;15;4;1
21208;492;4;8;0
21209;89;0;4;0
21210;145;32;5;0
21211;247;37;4;1
21212;367;15;4;0
21213;512;16;30;10
21214;68;2;2;0
21215;150;21;4;0
21216;399;10;6;1
21217;535;15;30;0
21218;72;0;2;0
21219;161;15;0;0
21220;246;19;2;1
21221;297;23;2;0
21222;553;24;6;42
21223;87;0;2;0
21224;143;10;4;0
21225;237;24;2;1
21226;562;22;8;24
21227;62;0;1;0
21228;127;16;0;0
21229;382;2;3;1
21230;409;18;1;27
21231;58;1;0;0
21232;126;14;1;0
21233;292;11;1;1
21234;380;7;3;0
21235;519;20;1;17
21236;62;0;0;0
21237;135;7;1;0
21238;329;5;1;1
21239;471;9;2;0
21240;444;6;0;17
21241;70;0;0;0
21242;125;12;1;0
21243;283;13;3;1
21244;342;5;1;0
21245;74;0;0;0
21246;160;35;2;0
21247;326;12;4;1
21248;390;15;4;0
21249;545;17;0;22
21250;72;0;0;0
21251;135;7;8;0
21252;209;16;2;1
21253;551;19;6;12
21254;65;0;2;0
21255;126;35;9;0
21256;265;21;4;1
21257;391;15;6;0
21258;549;6;4;0
21259;58;0;4;0
21260;124;16;2;0
21261;214;15;4;1
21262;564;10;2;0
21263;70;0;0;0
21264;140;15;0;0
21265;204;26;2;1
21266;337;10;2;0
21267;568;14;4;0
21268;64;0;2;0
21269;133;5;0;0
21270;233;17;2;1
21271;533;3;6;0
21272;54;0;4;0
21273;145;18;2;0
21274;199;24;4;1
21275;306;11;0;0
21276;571;11;8;0
21277;52;0;2;0
21278;149;13;4;0
21279;343;9;0;1
21280;463;13;6;0
21281;56;0;2;0
21282;140;31;2;0
21283;288;24;0;1
21284;374;15;4;0
21285;525;10;2;0
21286;57;0;4;0
21287;162;23;3;0
21288;290;18;2;1
21289;445;9;2;0
21290;63;0;0;0
21291;173;40;0;0
21292;434;22;1;1
21293;760;3;2;0
21294;76;0;2;0
21295;179;68;2;0
21296;360;28;1;1
21297;567;7;0;0
21298;779;14;0;3
21299;51;0;6;0
21300;178;16;3;0
21301;286;12;4;1
21302;320;8;6;0
21303;535;5;4;0
21304;47;2;6;0
21305;135;17;2;0
21306;253;19;0;1
21307;448;11;8;0
21308;75;0;0;0
21309;139;36;1;0
21310;385;10;1;1
21311;577;63;0;8
21312;574;34;1;0
21313;62;0;0;0
21314;121;39;1;0
21315;239;27;1;1
21316;351;3;1;0
21317;72;0;0;0
21318;203;25;1;0
21319;491;9;0;1
21320;640;30;0;0
21321;71;0;0;0
21322;176;24;1;0
21323;456;11;0;1
21324;539;39;1;0
21325;633;46;0;0
21326;60;0;2;0
21327;124;18;2;0
21328;256;37;4;1
21329;393;20;12;0
21330;573;9;2;0
21331;60;0;2;0
21332;127;17;0;0
21333;315;15;8;1
21334;506;18;0;0
21335;60;0;0;0
21336;149;21;4;0
21337;290;23;4;1
21338;591;23;2;19
21339;485;18;4;0
21340;56;2;4;0
21341;163;22;1;0
21342;345;20;4;1
21343;598;23;4;17
21344;33;2;6;0
21345;73;18;2;0
21346;138;17;2;1
21347;220;7;8;0
21348;297;11;6;0
21349;40;0;0;0
21350;83;7;8;0
21351;124;7;0;1
21352;297;7;12;0
21353;77;0;1;0
21354;106;26;1;0
21355;352;14;1;1
21356;521;1;0;0
21357;525;1;1;0
21358;61;1;0;0
21359;129;22;0;0
21360;195;25;1;1
21361;307;11;1;0
21362;84;4;2;0
21363;136;37;2;0
21364;271;15;0;1
21365;347;5;4;0
21366;528;9;4;0
21367;71;2;0;0
21368;113;24;0;0
21369;257;28;6;1
21370;541;4;2;0
21371;72;2;2;0
21372;133;16;2;0
21373;228;19;2;1
21374;287;17;2;0
21375;461;24;10;24
21376;72;2;2;0
21377;115;9;2;0
21378;346;21;2;1
21379;434;32;8;18
21380;67;2;2;0
21381;168;25;5;0
21382;311;17;2;1
21383;407;18;6;0
21384;578;11;6;4
21385;57;4;4;0
21386;150;18;2;0
21387;409;10;2;1
21388;554;8;4;0
21389;71;0;0;0
21390;170;20;2;0
21391;465;1;1;1
21392;598;5;1;2
21393;589;10;0;0
21394;66;0;0;0
21395;135;10;0;0
21396;287;15;2;1
21397;443;1;1;0
21398;52;0;2;0
21399;377;6;4;0
21400;122;21;0;0
21401;213;5;0;1
21402;304;8;6;0
21403;47;0;0;0
21404;124;11;0;0
21405;223;2;0;1
21406;375;0;6;0
21407;575;10;6;0
21408;65;2;0;0
21409;128;16;4;0
21410;263;23;2;1
21411;400;8;12;0
21412;79;0;0;0
21413;148;24;5;0
21414;393;9;6;1
21415;591;7;8;0
21416;54;0;0;0
21417;151;17;1;0
21418;409;22;1;1
21419;597;28;0;0
21420;73;0;0;0
21421;120;20;1;0
21422;331;11;0;1
21423;534;3;0;0
21424;640;23;0;18
21425;62;0;0;0
21426;129;29;1;0
21427;415;0;2;1
21428;610;25;3;0
21429;67;0;1;0
21430;175;19;0;0
21431;310;5;1;13
21432;387;0;4;0
21433;532;46;0;0
21434;59;0;2;0
21435;123;24;2;0
21436;208;21;0;1
21437;379;15;10;0
21438;578;15;2;0
21439;59;0;2;0
21440;129;13;2;0
21441;418;11;4;1
21442;612;3;4;0
21443;87;2;0;0
21444;143;49;2;0
21445;266;24;0;1
21446;342;12;2;0
21447;568;1;4;0
21448;87;2;0;0
21449;197;19;3;0
21450;368;18;8;1
21451;606;6;0;0
21452;41;0;0;0
21453;81;26;0;0
21454;339;2;4;1
21455;550;5;0;0
21456;42;0;1;0
21457;56;18;0;0
21458;164;3;0;1
21459;343;19;2;0
21460;560;5;1;0
21461;45;0;4;0
21462;88;14;4;0
21463;195;14;2;1
21464;264;10;6;0
21465;423;11;4;0
21466;57;0;0;0
21467;129;10;0;0
21468;223;21;2;1
21469;370;11;4;0
21470;55;0;1;0
21471;127;28;2;0
21472;340;3;1;1
21473;564;5;2;0
21474;63;1;0;0
21475;119;22;2;0
21476;195;28;1;1
21477;401;6;2;0
21478;529;12;0;20
21479;65;2;0;0
21480;156;25;0;0
21481;374;13;1;1
21482;567;11;0;0
21483;69;0;0;0
21484;132;21;0;0
21485;294;21;1;1
21486;394;10;2;0
21487;558;10;0;0
21488;45;2;0;0
21489;146;10;2;0
21490;325;5;0;1
21491;534;4;0;0
21492;51;0;1;0
21493;123;6;1;0
21494;301;7;0;1
21495;396;5;2;0
21496;548;4;2;0
21497;54;1;0;0
21498;120;9;0;0
21499;293;6;0;1
21500;370;11;0;0
21501;49;0;1;0
21502;127;4;1;0
21503;208;9;0;1
21504;267;2;2;0
21505;373;9;1;0
21506;69;0;0;0
21507;113;18;1;0
21508;255;18;0;1
21509;498;2;0;4
21510;56;0;1;0
21511;134;10;1;0
21512;254;7;0;1
21513;382;1;1;0
21514;516;5;0;0
21515;67;1;1;0
21516;231;18;1;0
21517;560;6;0;1
21518;743;5;2;23
21519;67;1;0;0
21520;700;5;4;8
21521;235;15;1;0
21522;400;5;2;1
21523;586;5;1;0
21524;65;0;2;0
21525;576;6;6;4
21526;171;16;4;0
21527;314;13;2;1
21528;352;9;2;0
21529;65;4;2;0
21530;187;13;2;0
21531;360;9;12;1
21532;510;9;2;0
21533;109;2;0;0
21534;200;14;1;0
21535;411;11;1;1
21536;700;10;1;11
21537;58;1;0;0
21538;98;24;0;0
21539;214;11;1;1
21540;396;7;2;0
21541;639;4;0;2
21542;68;2;0;0
21543;138;26;1;0
21544;353;22;1;1
21545;596;17;2;20
21546;60;1;0;0
21547;129;20;1;0
21548;206;30;0;1
21549;354;19;2;0
21550;569;17;1;0
21551;484;12;6;0
21552;54;0;4;0
21553;108;10;0;0
21554;171;28;0;1
21555;265;24;2;0
21556;49;2;0;0
21557;122;26;4;0
21558;247;14;6;1
21559;439;6;6;0
21560;58;0;1;0
21561;167;13;1;0
21562;482;2;2;1
21563;627;7;2;0
21564;60;1;0;0
21565;128;19;1;0
21566;278;7;2;1
21567;436;7;0;0
21568;595;11;1;13
21569;78;2;0;0
21570;185;37;5;0
21571;387;23;6;1
21572;454;10;6;0
21573;615;8;4;0
21574;78;0;0;0
21575;219;24;3;0
21576;425;11;8;1
21577;608;8;10;0
21578;57;2;2;0
21579;131;36;4;0
21580;269;29;0;1
21581;332;18;6;0
21582;537;17;0;0
21583;60;0;2;0
21584;156;9;4;0
21585;324;22;4;1
21586;530;12;6;0
21587;501;27;2;0
21588;52;2;4;0
21589;128;18;2;0
21590;214;22;2;1
21591;281;14;2;0
21592;45;2;4;0
21593;128;23;6;0
21594;200;26;4;1
21595;461;18;4;0
21596;80;1;0;0
21597;154;8;0;0
21598;539;6;1;0
21599;436;7;0;1
21600;57;0;1;0
21601;152;9;0;0
21602;311;7;0;1
21603;359;6;2;0
21604;513;5;3;26
21605;40;0;1;0
21606;122;17;0;0
21607;294;6;1;1
21608;466;10;0;0
21609;61;1;1;0
21610;102;22;0;0
21611;265;9;0;1
21612;326;17;1;0
21613;438;29;1;4
21614;40;0;1;0
21615;122;17;0;0
21616;294;6;1;1
21617;466;10;0;0
21618;61;1;1;0
21619;102;22;0;0
21620;265;9;0;1
21621;326;17;1;0
21622;438;29;1;4
21623;48;0;1;0
21624;223;14;0;0
21625;332;5;3;1
21626;442;52;2;44
21627;64;0;0;0
21628;143;15;2;0
21629;277;17;1;1
21630;401;6;2;30
21631;497;11;1;38
21632;59;0;0;0
21633;147;7;0;0
21634;328;14;0;1
21635;572;1;0;0
21636;59;0;0;0
21637;169;40;1;0
21638;300;20;0;1
21639;415;8;2;0
21640;571;5;3;8
21641;52;0;0;0
21642;122;4;1;0
21643;274;8;1;1
21644;515;0;1;0
21645;53;1;0;0
21646;111;11;0;0
21647;223;13;1;1
21648;300;7;1;0
21649;512;0;2;0
21650;48;0;4;0
21651;104;43;0;0
21652;244;17;6;1
21653;328;12;2;0
21654;444;10;6;40
21655;53;0;4;0
21656;77;11;0;0
21657;228;9;0;1
21658;503;6;8;64
21659;48;0;1;0
21660;136;17;1;0
21661;329;3;1;1
21662;472;6;0;24
21663;55;0;0;0
21664;132;15;1;0
21665;247;7;0;1
21666;338;4;1;0
21667;471;0;2;8
21668;47;0;2;0
21669;108;19;0;0
21670;206;21;2;1
21671;270;11;6;0
21672;417;10;8;74
21673;47;0;2;0
21674;121;19;0;0
21675;286;9;2;1
21676;497;8;10;44
21677;66;0;0;0
21678;119;18;1;0
21679;362;2;1;1
21680;557;5;1;4
21681;61;0;1;0
21682;126;14;0;0
21683;251;18;2;1
21684;418;6;1;0
21685;591;7;2;0
21686;57;2;2;0
21687;602;2;4;48
21688;424;0;8;0
21689;265;12;4;1
21690;133;24;2;0
21691;60;0;2;0
21692;129;17;0;0
21693;338;8;4;1
21694;586;2;0;0
21695;68;0;0;0
21696;144;38;1;0
21697;292;20;4;37
21698;373;9;6;0
21699;563;14;4;6
21700;71;0;0;0
21701;129;3;6;0
21702;315;34;4;1
21703;563;11;2;0
21704;54;1;0;0
21705;115;18;0;0
21706;306;17;2;1
21707;385;12;2;16
21708;47;0;0;0
21709;98;19;0;0
21710;276;25;3;1
21711;343;9;3;0
21712;382;27;0;35
21713;57;0;0;0
21714;81;12;0;0
21715;272;12;1;1
21716;478;10;2;0
21717;54;0;0;0
21718;99;20;0;0
21719;204;25;2;1
21720;335;6;2;0
21721;503;8;2;0
21722;62;0;2;0
21723;116;30;0;0
21724;200;29;0;1
21725;375;17;10;0
21726;524;16;10;0
21727;52;0;4;0
21728;121;13;2;0
21729;261;21;4;1
21730;515;15;6;0
21731;58;2;4;0
21732;154;32;5;0
21733;291;14;8;1
21734;327;43;4;26
21735;538;9;8;0
21736;62;0;0;0
21737;137;20;3;0
21738;310;9;10;1
21739;542;8;2;14
21740;68;0;0;0
21741;629;5;1;7
21742;114;34;2;0
21743;378;4;1;1
21744;577;10;0;7
21745;60;0;0;0
21746;119;21;1;0
21747;224;13;0;1
21748;332;15;0;0
21749;65;0;0;0
21750;589;6;2;17
21751;251;16;4;1
21752;141;35;4;0
21753;389;11;6;0
21754;63;2;4;0
21755;146;17;4;0
21756;352;16;12;1
21757;562;7;6;9
21758;62;0;4;0
21759;177;11;0;0
21760;166;34;4;1
21761;371;13;4;0
21762;626;14;0;0
21763;52;2;4;0
21764;131;22;2;0
21765;372;11;6;1
21766;550;8;4;0
21767;53;1;0;0
21768;97;26;1;0
21769;293;4;2;1
21770;397;3;1;0
21771;53;0;0;0
21772;98;7;0;0
21773;169;8;0;1
21774;249;4;0;0
21775;379;5;0;0
21776;51;0;1;0
21777;525;27;2;0
21778;99;21;2;0
21779;292;17;0;1
21780;531;16;0;0
21781;57;1;1;0
21782;103;23;1;0
21783;179;34;3;1
21784;313;23;1;0
21785;72;2;2;0
21786;145;48;5;0
21787;490;6;6;1
21788;62;2;2;0
21789;160;40;1;0
21790;287;21;8;1
21791;505;7;6;0
21792;714;7;2;80
21793;699;7;6;24
21794;89;1;0;0
21795;176;23;2;0
21796;339;16;1;1
21797;609;7;2;24
21798;66;0;2;0
21799;562;7;2;46
21800;129;22;0;0
21801;279;14;1;1
21802;381;17;1;0
21803;116;8;2;0
21804;145;34;2;0
21805;299;26;4;1
21806;418;5;6;0
21807;551;12;0;0
21808;116;8;2;0
21809;195;21;4;0
21810;322;32;2;1
21811;546;20;4;0
21812;248;29;2;0
21813;50;2;0;0
21814;82;18;0;0
21815;191;21;3;1
21816;37;0;1;0
21817;75;7;2;0
21818;119;19;0;1
21819;206;7;1;0
21820;267;22;2;0
21821;71;2;2;0
21822;150;10;4;0
21823;348;16;2;1
21824;391;13;6;0
21825;514;47;11;29
21826;68;2;0;0
21827;156;16;6;0
21828;343;30;2;1
21829;615;14;6;0
21830;63;0;4;0
21831;175;17;3;0
21832;315;14;4;1
21833;480;13;8;0
21834;551;3;6;0
21835;61;0;2;0
21836;126;21;8;0
21837;371;3;4;1
21838;516;3;4;0
21839;78;4;2;0
21840;136;26;4;0
21841;283;8;6;1
21842;391;16;4;0
21843;507;25;6;0
21844;78;4;2;0
21845;106;19;4;0
21846;286;25;0;1
21847;592;24;2;0
21848;49;0;0;0
21849;124;21;2;0
21850;315;5;1;1
21851;419;4;1;0
21852;55;0;0;0
21853;120;25;1;0
21854;217;5;1;1
21855;330;4;1;0
21856;421;2;0;0
21857;52;0;2;0
21858;102;37;4;0
21859;180;21;2;1
21860;267;12;6;0
21861;421;14;6;0
21862;42;0;2;0
21863;107;5;2;0
21864;279;18;8;1
21865;426;1;4;0
21866;51;2;2;0
21867;139;8;2;0
21868;291;8;2;1
21869;375;7;10;0
21870;537;8;6;0
21871;58;0;4;0
21872;159;8;4;0
21873;251;8;4;1
21874;581;15;4;0
21875;68;1;0;0
21876;111;22;0;0
21877;251;20;0;1
21878;379;13;2;0
21879;64;0;0;0
21880;162;34;3;0
21881;420;4;2;1
21882;563;5;0;0
21883;519;15;1;0
21884;40;2;6;0
21885;96;26;4;0
21886;241;31;4;1
21887;291;27;2;0
21888;407;36;4;0
21889;52;0;4;0
21890;104;18;2;0
21891;227;21;0;1
21892;438;18;6;0
21893;568;26;2;0
21894;95;2;4;0
21895;247;32;3;0
21896;315;12;2;1
21897;549;8;4;0
21898;75;0;4;0
21899;267;39;5;0
21900;420;28;8;1
21901;581;41;4;0
21902;63;0;1;0
21903;109;24;0;0
21904;320;6;4;1
21905;473;6;1;0
21906;511;8;1;6
21907;64;0;1;0
21908;99;25;1;0
21909;212;16;1;1
21910;361;9;0;0
21911;75;0;0;0
21912;278;15;3;0
21913;557;7;1;1
21914;716;3;1;0
21915;73;0;2;0
21916;232;27;1;0
21917;351;11;1;1
21918;513;10;2;0
21919;711;12;2;6
21920;83;0;0;0
21921;144;40;4;0
21922;249;41;6;1
21923;396;15;6;0
21924;579;23;2;2
21925;83;0;0;0
21926;166;39;0;0
21927;362;28;8;1
21928;612;12;2;0
21929;450;7;6;8
21930;68;4;4;0
21931;150;35;0;0
21932;226;19;0;1
21933;313;19;8;0
21934;57;2;4;0
21935;119;25;4;0
21936;323;8;6;1
21937;448;7;10;0
21938;54;2;2;0
21939;101;18;0;0
21940;152;17;2;1
21941;313;10;2;0
21942;455;13;4;0
21943;47;6;4;0
21944;80;19;0;0
21945;330;21;6;1
21946;439;6;6;0
21947;514;15;2;0
21948;61;2;0;0
21949;184;18;6;0
21950;324;27;8;1
21951;473;9;8;0
21952;64;0;2;0
21953;133;33;6;0
21954;234;32;6;1
21955;556;10;2;0
21956;51;0;0;0
21957;121;19;0;0
21958;277;5;1;1
21959;391;22;0;0
21960;399;14;1;0
21961;59;0;0;0
21962;91;15;0;0
21963;251;4;0;1
21964;322;5;5;0
21965;51;0;2;0
21966;117;20;2;0
21967;214;30;2;1
21968;308;19;8;0
21969;496;26;0;0
21970;56;2;4;0
21971;139;16;2;0
21972;262;20;6;1
21973;542;15;0;0
21974;59;2;4;0
21975;130;19;4;0
21976;293;7;4;1
21977;391;1;8;0
21978;543;13;6;0
21979;67;0;2;0
21980;142;4;2;0
21981;324;3;6;1
21982;569;9;2;0
21983;70;0;0;0
21984;160;18;2;0
21985;384;7;3;1
21986;511;13;2;0
21987;58;0;0;0
21988;138;6;0;0
21989;214;23;1;1
21990;359;6;2;0
21991;520;11;1;2
21992;80;2;2;0
21993;159;27;2;0
21994;282;10;4;1
21995;356;11;0;0
21996;606;7;2;3
21997;74;2;0;0
21998;177;13;3;0
21999;338;8;4;1
22000;567;6;10;8
22001;64;0;2;0
22002;201;11;1;0
22003;58;0;4;0
22004;211;10;3;0
22005;253;12;2;1
22006;371;13;2;0
22007;539;5;6;10
22008;308;10;8;1
22009;513;6;4;0
22010;94;2;0;0
22011;220;19;2;0
22012;339;6;1;1
22013;497;5;2;16
22014;62;0;0;0
22015;119;20;1;0
22016;244;9;1;1
22017;332;5;2;0
22018;502;10;1;14
22019;502;19;2;0
22020;50;2;2;0
22021;118;20;0;0
22022;217;28;2;1
22023;412;10;6;0
22024;57;0;2;0
22025;120;15;4;0
22026;354;6;10;1
22027;488;19;2;0
22028;48;0;4;0
22029;98;27;0;0
22030;225;14;6;1
22031;324;8;6;0
22032;448;17;10;0
22033;60;0;2;0
22034;117;15;2;0
22035;312;9;10;1
22036;446;14;6;0
22037;60;1;0;0
22038;100;16;1;0
22039;225;21;1;1
22040;370;54;1;0
22041;249;51;2;0
22042;56;0;1;0
22043;120;6;0;0
22044;190;6;1;1
22045;268;17;3;0
22046;451;18;1;8
22047;69;0;0;0
22048;472;17;3;0
22049;133;31;0;0
22050;248;27;0;1
22051;64;0;0;0
22052;157;20;1;0
22053;273;21;0;1
22054;485;19;0;0
22055;402;6;4;0
22056;59;0;0;0
22057;114;25;2;0
22058;234;18;4;1
22059;305;18;2;0
22060;430;17;6;2
22061;66;0;2;0
22062;118;27;2;0
22063;280;12;0;1
22064;436;10;6;0
22065;59;2;2;0
22066;569;10;6;0
22067;114;22;2;0
22068;200;28;4;1
22069;453;2;6;8
22070;60;0;2;0
22071;152;31;5;0
22072;346;15;0;1
22073;590;6;6;0
22074;55;1;1;0
22075;122;10;0;0
22076;261;11;1;1
22077;468;5;1;4
22078;53;1;1;0
22079;97;25;2;0
22080;154;24;0;1
22081;280;11;2;0
22082;476;3;1;3
22083;54;0;2;0
22084;80;21;0;0
22085;162;29;4;1
22086;231;17;0;0
22087;380;3;10;0
22088;50;0;2;0
22089;111;11;2;0
22090;255;14;6;1
22091;384;3;8;0
22092;71;0;0;0
22093;513;31;4;2
22094;101;33;2;0
22095;228;21;2;1
22096;406;8;8;0
22097;71;0;0;0
22098;117;34;2;0
22099;380;7;4;1
22100;567;10;6;8
22101;57;0;1;0
22102;110;9;2;0
22103;234;11;0;1
22104;547;6;3;0
22105;55;0;1;0
22106;133;20;1;0
22107;194;15;1;1
22108;300;5;2;0
22109;534;4;1;0
22110;67;0;0;0
22111;132;17;1;0
22112;302;24;1;1
22113;570;46;1;0
22114;64;0;1;0
22115;139;17;0;0
22116;180;19;0;1
22117;317;29;1;0
22118;584;17;2;0
22119;31;0;1;0
22120;115;15;0;0
22121;362;3;1;1
22122;404;8;2;0
22123;47;0;1;0
22124;106;12;0;0
22125;274;6;2;1
22126;314;6;1;0
22127;401;16;5;4
22128;617;6;1;0
22129;76;1;0;0
22130;165;24;2;0
22131;488;1;0;1
22132;55;0;0;0
22133;119;14;1;0
22134;262;6;1;1
22135;464;4;0;0
22136;598;9;1;0
22137;60;2;0;0
22138;119;23;0;0
22139;162;26;4;1
22140;296;17;4;0
22141;500;16;2;5
22142;66;2;2;0
22143;130;18;2;0
22144;344;13;10;1
22145;494;15;4;3
22146;66;0;2;0
22147;158;36;0;0
22148;209;32;2;1
22149;444;4;4;0
22150;597;6;4;0
22151;66;0;2;0
22152;147;23;6;0
22153;320;23;4;1
22154;656;4;4;0
22155;62;0;0;0
22156;137;13;1;0
22157;289;12;0;1
22158;564;11;2;0
22159;63;1;0;0
22160;131;34;3;0
22161;234;14;0;1
22162;328;9;1;0
22163;532;17;2;32
22164;64;0;0;0
22165;208;8;1;0
22166;444;11;1;1
22167;750;9;1;0
22168;75;0;0;0
22169;200;11;2;0
22170;391;13;2;1
22171;490;5;2;0
22172;766;2;1;74
22173;53;1;0;0
22174;339;4;1;0
22175;108;5;0;0
22176;280;3;0;1
22177;46;0;1;0
22178;96;13;1;0
22179;170;7;1;1
22180;248;2;2;0
22181;330;11;2;0
22182;121;1;0;0
22183;198;16;2;0
22184;392;1;2;1
22185;606;1;0;0
22186;72;0;0;0
22187;135;16;0;0
22188;274;21;1;1
22189;453;6;2;0
22190;612;1;1;0
22191;49;2;2;0
22192;152;39;4;0
22193;269;28;2;1
22194;385;14;8;0
22195;541;0;2;1
22196;70;6;0;0
22197;170;20;3;0
22198;358;4;4;1
22199;579;0;6;0
22200;64;0;0;0
22201;147;28;4;0
22202;246;21;2;1
22203;346;10;4;0
22204;496;6;2;0
22205;494;6;4;5
22206;83;7;2;0
22207;130;33;2;0
22208;314;20;8;1
22209;50;4;2;0
22210;564;5;2;0
22211;113;11;4;0
22212;254;19;6;1
22213;414;6;8;0
22214;61;0;2;0
22215;149;21;2;0
22216;301;16;4;1
22217;608;10;4;40
22218;73;0;1;0
22219;184;25;1;0
22220;381;21;1;1
22221;527;27;1;6
22222;71;2;0;0
22223;160;18;1;0
22224;227;20;0;1
22225;328;16;1;0
22226;589;5;0;0
22227;49;0;4;0
22228;126;21;0;0
22229;203;19;0;1
22230;292;17;6;0
22231;468;6;8;0
22232;56;0;4;0
22233;149;21;2;0
22234;268;11;6;1
22235;482;4;4;0
22236;548;6;2;0
22237;54;0;0;0
22238;112;28;0;0
22239;263;15;0;1
22240;62;0;0;0
22241;117;35;1;0
22242;197;34;1;1
22243;282;17;2;0
22244;487;9;1;0
22245;61;0;4;0
22246;145;24;4;0
22247;442;9;4;1
22248;62;0;0;0
22249;144;12;6;0
22250;257;15;0;1
22251;396;12;2;0
22252;579;3;4;0
22253;641;4;2;0
22254;53;0;6;0
22255;63;0;4;0
22256;151;15;6;0
22257;393;8;8;1
22258;545;16;8;4
22259;148;23;4;0
22260;210;31;4;1
22261;365;20;10;0
22262;557;19;4;10
22263;44;0;0;0
22264;82;15;6;0
22265;145;18;6;1
22266;251;24;2;0
22267;425;6;8;0
22268;47;0;0;0
22269;86;27;2;0
22270;246;14;2;1
22271;466;10;6;0
22272;63;2;0;0
22273;166;18;4;0
22274;409;19;10;1
22275;594;21;4;4
22276;67;0;2;0
22277;132;35;0;0
22278;240;48;4;1
22279;424;15;6;0
22280;558;25;4;0
22281;68;0;0;0
22282;150;18;1;0
22283;58;0;0;0
22284;188;9;1;0
22285;351;11;2;1
22286;318;9;1;1
22287;392;12;2;0
22288;597;5;3;8
22289;592;4;1;0
22290;74;4;0;0
22291;160;10;2;0
22292;200;12;2;1
22293;327;4;4;0
22294;480;0;4;0
22295;73;0;2;0
22296;160;10;2;0
22297;255;13;2;1
22298;452;6;2;0
22299;61;0;2;0
22300;131;19;2;0
22301;245;21;2;1
22302;301;17;2;0
22303;520;5;0;0
22304;85;0;6;0
22305;159;23;3;0
22306;370;3;4;1
22307;620;7;6;0
22308;63;0;1;0
22309;89;31;0;0
22310;203;23;0;1
22311;311;7;1;0
22312;437;7;1;0
22313;72;0;2;0
22314;108;11;2;0
22315;207;23;2;1
22316;481;14;4;0
22317;59;2;0;0
22318;145;21;4;0
22319;234;31;0;1
22320;408;11;8;0
22321;555;31;4;32
22322;59;2;0;0
22323;184;25;0;0
22324;361;18;6;1
22325;555;16;4;0
22326;74;4;0;0
22327;517;66;6;16
22328;190;35;4;0
22329;297;34;2;1
22330;514;25;6;0
22331;565;37;4;21
22332;77;4;2;0
22333;213;38;3;0
22334;510;9;14;1
22335;82;2;2;0
22336;142;5;0;0
22337;252;12;2;1
22338;351;14;6;0
22339;579;20;0;0
22340;96;2;4;0
22341;156;24;3;0
22342;373;8;8;1
22343;591;20;2;0
22344;51;0;4;0
22345;126;30;3;0
22346;328;19;8;1
22347;524;34;2;0
22348;59;0;0;0
22349;122;16;5;0
22350;183;23;2;1
22351;281;26;6;0
22352;520;12;2;0
22353;51;0;4;0
22354;126;30;3;0
22355;328;19;8;1
22356;524;34;4;0
22357;59;0;0;0
22358;122;16;5;0
22359;183;23;2;1
22360;281;26;6;0
22361;520;12;2;0
22362;57;0;2;0
22363;100;26;0;0
22364;203;33;0;1
22365;254;27;6;0
22366;427;19;6;0
22367;53;4;2;0
22368;108;18;2;0
22369;250;19;4;1
22370;489;9;4;0
22371;60;2;2;0
22372;154;26;2;0
22373;346;1;6;1
22374;504;40;8;16
22375;52;2;2;0
22376;118;20;2;0
22377;248;21;0;1
22378;444;13;10;0
22379;561;10;6;29
22380;77;2;2;0
22381;129;38;2;0
22382;319;16;2;1
22383;669;17;0;6
22384;58;2;2;0
22385;152;41;5;0
22386;252;33;0;1
22387;427;15;8;0
22388;652;26;8;4
22389;48;0;4;0
22390;111;18;2;0
22391;329;12;2;1
22392;440;26;2;0
22393;55;2;2;0
22394;55;41;0;0
22395;136;24;4;1
22396;183;21;0;0
22397;376;35;4;0
22398;51;0;0;0
22399;100;16;0;0
22400;196;33;2;1
22401;379;27;2;22
22402;47;2;0;0
22403;105;14;4;0
22404;142;23;4;1
22405;247;19;6;0
22406;407;18;2;28
22407;63;0;0;0
22408;136;18;2;0
22409;205;32;2;1
22410;349;10;2;0
22411;553;8;4;2
22412;78;2;0;0
22413;128;19;2;0
22414;303;9;2;1
22415;643;1;2;0
22416;72;4;2;0
22417;129;20;4;0
22418;276;15;2;1
22419;588;8;0;5
22420;65;6;2;0
22421;115;17;6;0
22422;201;17;2;1
22423;263;15;2;0
22424;619;8;2;0
22425;110;0;2;0
22426;206;38;5;0
22427;351;23;2;1
22428;493;18;4;10
22429;117;4;0;0
22430;223;22;7;0
22431;461;12;6;1
22432;642;15;6;0
22433;625;15;2;0
22434;75;0;2;0
22435;134;18;0;0
22436;244;20;0;1
22437;391;5;4;0
22438;604;10;4;0
22439;84;2;2;0
22440;173;30;5;0
22441;361;22;4;1
22442;607;13;0;0
22443;52;2;4;0
22444;93;9;4;0
22445;164;17;6;1
22446;259;12;6;0
22447;387;19;2;0
22448;51;2;2;0
22449;121;21;1;0
22450;257;12;0;1
22451;459;8;6;0
22452;68;0;0;0
22453;144;33;3;0
22454;348;9;6;1
22455;516;12;10;0
22456;62;0;2;0
22457;121;48;2;0
22458;202;42;4;1
22459;315;18;6;0
22460;511;9;4;0
22461;55;0;0;0
22462;103;23;0;0
22463;240;21;1;1
22464;49;2;0;0
22465;120;31;0;0
22466;434;6;1;1
22467;601;3;0;87
22468;419;10;1;0
22469;634;8;0;26
22470;58;2;4;0
22471;112;9;4;0
22472;275;13;4;1
22473;57;2;2;0
22474;107;11;2;0
22475;241;33;8;1
22476;447;8;10;0
22477;332;11;2;0
22478;469;15;6;0
22479;87;0;0;0
22480;141;33;0;0
22481;384;24;2;1
22482;718;12;0;20
22483;72;0;0;0
22484;159;26;1;0
22485;248;25;1;1
22486;575;7;1;0
22487;742;11;0;10
22488;54;0;4;0
22489;116;22;4;0
22490;190;13;8;1
22491;49;2;4;0
22492;135;20;1;0
22493;351;6;8;1
22494;535;8;4;0
22495;408;4;6;0
22496;563;4;6;0
22497;67;2;2;0
22498;146;22;0;0
22499;220;23;0;1
22500;419;9;10;0
22501;479;28;10;0
22502;67;2;2;0
22503;155;17;2;0
22504;388;5;10;1
22505;619;10;6;0
22506;57;2;2;0
22507;137;39;4;0
22508;250;20;0;1
22509;411;14;8;0
22510;73;2;0;0
22511;604;17;6;2
22512;146;18;8;0
22513;295;25;2;1
22514;671;15;8;0
22515;48;0;2;0
22516;105;15;2;0
22517;223;14;4;1
22518;293;12;2;0
22519;436;5;8;0
22520;49;0;2;0
22521;105;12;6;0
22522;210;14;2;1
22523;436;5;8;0
22524;56;0;0;0
22525;118;10;1;0
22526;154;28;0;1
22527;60;0;0;0
22528;152;10;0;0
22529;292;19;0;1
22530;587;2;1;0
22531;242;19;0;0
22532;567;6;1;0
22533;62;2;4;0
22534;149;4;0;0
22535;338;22;6;1
22536;53;0;6;0
22537;124;14;6;0
22538;237;30;0;1
22539;345;26;6;0
22540;433;13;6;0
22541;490;4;6;0
22542;81;1;0;0
22543;179;5;2;0
22544;448;0;2;1
22545;550;16;1;0
22546;64;0;1;0
22547;170;17;0;0
22548;294;15;0;1
22549;368;5;0;0
22550;594;2;1;27
22551;69;2;2;0
22552;123;44;4;0
22553;354;22;4;1
22554;466;137;6;0
22555;59;2;2;0
22556;138;52;5;0
22557;333;21;10;1
22558;404;9;10;0
22559;522;76;2;0
22560;50;0;0;0
22561;101;7;2;0
22562;216;14;2;1
22563;368;6;0;0
22564;39;0;1;0
22565;113;3;2;0
22566;178;6;0;1
22567;272;4;1;0
22568;415;4;0;0
22569;54;1;0;0
22570;141;26;1;0
22571;325;6;2;1
22572;48;0;1;0
22573;97;16;1;0
22574;149;27;0;1
22575;281;9;1;0
22576;434;28;2;0
22577;483;11;0;0
22578;628;7;4;1
22579;81;0;2;0
22580;183;24;1;0
22581;420;7;10;1
22582;80;0;0;0
22583;149;37;0;0
22584;375;8;6;1
22585;451;9;10;0
22586;636;7;0;0
22587;59;0;2;0
22588;157;43;3;0
22589;272;13;4;1
22590;372;6;6;0
22591;442;30;4;0
22592;59;2;6;0
22593;151;16;6;0
22594;246;23;2;1
22595;453;17;2;0
22596;511;5;2;53
22597;95;2;0;0
22598;198;26;1;0
22599;363;5;2;1
22600;67;0;1;0
22601;136;18;1;0
22602;238;16;2;1
22603;317;15;3;0
22604;570;1;0;0
22605;102;0;0;0
22606;161;17;7;0
22607;218;23;2;1
22608;390;18;6;0
22609;604;1;4;8
22610;83;0;2;0
22611;147;14;2;0
22612;325;33;4;1
22613;587;7;2;0
22614;55;0;2;0
22615;74;21;0;0
22616;163;31;8;1
22617;235;12;4;0
22618;354;10;2;0
22619;52;2;2;0
22620;73;13;4;0
22621;189;16;0;1
22622;359;7;4;0
22623;63;0;0;0
22624;116;6;4;0
22625;204;25;2;1
22626;254;20;0;0
22627;450;20;8;0
22628;56;0;4;0
22629;104;18;4;0
22630;283;25;4;1
22631;500;32;10;0
22632;71;0;0;0
22633;153;10;1;0
22634;236;22;1;1
22635;355;18;0;0
22636;611;11;1;0
22637;71;0;0;0
22638;172;14;1;0
22639;315;11;1;1
22640;595;7;0;0
22641;91;0;0;0
22642;133;15;4;0
22643;208;28;0;1
22644;333;9;0;0
22645;540;9;2;0
22646;77;0;0;0
22647;97;8;2;0
22648;286;34;2;1
22649;507;12;10;0
22650;47;0;0;0
22651;96;30;2;0
22652;112;45;6;1
22653;227;32;6;0
22654;445;11;6;0
22655;45;0;2;0
22656;112;41;5;0
22657;223;34;2;1
22658;450;7;6;0
22659;48;0;4;0
22660;80;23;2;0
22661;245;10;2;1
22662;470;16;4;0
22663;48;0;0;0
22664;110;9;2;0
22665;148;14;3;1
22666;227;6;2;0
22667;469;8;4;0
22668;46;0;4;0
22669;101;16;0;0
22670;178;20;2;1
22671;268;9;4;0
22672;437;4;4;0
22673;50;0;2;0
22674;89;14;0;0
22675;159;14;0;1
22676;410;6;2;0
22677;71;0;2;0
22678;132;3;0;0
22679;212;8;6;1
22680;286;15;4;0
22681;505;13;2;12
22682;82;4;2;0
22683;145;18;0;0
22684;304;9;6;1
22685;502;10;4;0
22686;83;4;2;0
22687;208;18;5;0
22688;346;18;8;1
22689;614;1;10;0
22690;604;8;6;0
22691;60;2;4;0
22692;120;10;1;0
22693;239;24;0;1
22694;427;14;10;0
22695;72;2;0;0
22696;158;27;0;0
22697;378;10;8;1
22698;537;18;12;0
22699;92;2;2;0
22700;156;10;3;0
22701;235;27;0;1
22702;330;5;2;0
22703;515;15;6;0
22704;48;0;1;0
22705;93;13;1;0
22706;275;9;0;1
22707;60;0;0;0
22708;95;18;1;0
22709;476;5;1;0
22710;180;36;1;1
22711;267;18;1;0
22712;452;6;1;0
22713;50;4;2;0
22714;122;10;2;0
22715;175;18;0;1
22716;43;0;4;0
22717;99;8;2;0
22718;305;16;8;1
22719;500;11;6;0
22720;303;12;6;0
22721;495;15;4;0
22722;82;2;2;0
22723;510;16;8;0
22724;108;21;2;0
22725;210;36;0;1
22726;324;9;4;0
22727;67;0;0;0
22728;122;42;4;0
22729;305;11;0;1
22730;502;10;2;0
22731;82;4;0;0
22732;501;34;4;0
22733;138;29;4;0
22734;266;13;4;1
22735;458;17;6;0
22736;82;4;0;0
22737;149;25;8;0
22738;351;23;2;1
22739;589;26;4;0
22740;62;2;4;0
22741;152;35;3;0
22742;357;22;4;1
22743;66;2;0;0
22744;189;34;3;0
22745;263;35;6;1
22746;379;22;6;0
22747;664;24;6;0
22748;641;12;6;0
22749;61;0;2;0
22750;158;9;2;0
22751;240;11;0;1
22752;366;4;6;0
22753;59;0;2;0
22754;156;21;2;0
22755;383;10;10;1
22756;516;12;6;0
22757;631;4;0;0
22758;67;0;2;0
22759;138;7;7;0
22760;203;28;2;1
22761;281;23;4;0
22762;500;10;6;7
22763;68;0;4;0
22764;137;19;2;0
22765;251;32;0;1
22766;516;19;4;3
22767;68;0;0;0
22768;151;7;8;0
22769;206;16;2;1
22770;327;13;6;0
22771;508;10;8;0
22772;56;0;4;0
22773;99;9;4;0
22774;278;12;2;1
22775;573;13;2;0
22776;56;0;2;0
22777;97;15;2;0
22778;199;15;2;1
22779;281;12;0;0
22780;501;8;10;0
22781;68;0;0;0
22782;88;27;4;0
22783;303;10;6;1
22784;545;9;0;0
22785;65;0;6;0
22786;144;28;3;0
22787;52;2;2;0
22788;153;20;2;0
22789;244;35;6;1
22790;455;17;6;0
22791;233;17;6;1
22792;387;10;6;0
22793;470;12;8;0
22794;75;4;0;0
22795;66;2;2;0
22796;135;45;2;0
22797;349;27;10;1
22798;524;21;4;0
22799;138;20;2;0
22800;197;49;2;1
22801;318;19;2;0
22802;409;46;6;0
22803;75;0;0;0
22804;207;12;1;0
22805;337;15;1;1
22806;457;13;1;0
22807;617;7;1;0
22808;81;0;2;0
22809;114;44;4;0
22810;66;2;0;0
22811;128;34;4;0
22812;233;41;4;1
22813;552;11;2;0
22814;205;35;4;1
22815;268;32;6;0
22816;538;14;8;0
22817;51;4;2;0
22818;109;43;2;0
22819;263;16;8;1
22820;353;36;8;0
22821;45;0;4;0
22822;92;30;4;0
22823;145;39;4;1
22824;232;34;4;0
22825;354;28;8;0
22826;51;0;0;0
22827;120;14;0;0
22828;56;0;1;0
22829;93;22;1;0
22830;248;19;1;1
22831;407;17;0;0
22832;255;7;1;1
22833;297;11;2;0
22834;419;4;1;0
22835;50;2;6;0
22836;138;18;2;0
22837;292;3;2;1
22838;453;22;4;35
22839;47;0;0;0
22840;106;17;2;0
22841;161;23;2;1
22842;321;6;0;0
22843;461;23;2;27
22844;58;0;1;0
22845;114;16;0;0
22846;273;14;1;1
22847;59;0;1;0
22848;101;29;0;0
22849;383;9;2;0
22850;189;33;1;1
22851;298;11;2;0
22852;457;7;2;0
22853;57;0;2;0
22854;118;42;5;0
22855;281;20;2;1
22856;534;8;6;0
22857;54;0;4;0
22858;99;37;0;0
22859;286;20;4;1
22860;352;14;4;0
22861;541;8;2;0
22862;61;0;1;0
22863;136;25;1;0
22864;229;24;1;1
22865;408;8;1;0
22866;59;1;1;0
22867;138;37;1;0
22868;316;17;1;1
22869;502;13;1;0
22870;456;29;1;0
22871;48;0;4;0
22872;118;14;6;0
22873;158;18;2;1
22874;296;7;4;0
22875;499;5;2;27
22876;50;2;2;0
22877;150;11;0;0
22878;353;13;6;1
22879;506;4;6;0
22880;50;0;2;0
22881;98;35;0;0
22882;213;26;2;1
22883;333;6;8;0
22884;460;6;6;0
22885;46;0;4;0
22886;118;25;2;0
22887;327;17;6;1
22888;455;6;4;0
22889;51;4;4;0
22890;144;8;2;0
22891;229;15;2;1
22892;68;2;0;0
22893;337;19;8;0
22894;447;18;10;21
22895;140;21;2;0
22896;170;30;4;1
22897;432;12;2;0
22898;56;2;2;0
22899;117;26;1;0
22900;339;15;6;1
22901;552;21;2;0
22902;51;2;4;0
22903;109;27;2;0
22904;178;27;0;1
22905;353;21;4;0
22906;531;28;2;0
22907;58;1;1;0
22908;163;14;1;0
22909;243;23;0;1
22910;335;8;1;0
22911;754;2;0;0
22912;57;0;2;0
22913;105;21;6;0
22914;214;23;4;1
22915;466;6;4;0
22916;56;0;4;0
22917;103;16;2;0
22918;195;28;4;1
22919;289;17;2;0
22920;472;10;6;0
22921;56;0;2;0
22922;102;12;4;0
22923;210;8;2;1
22924;328;8;4;0
22925;400;27;4;0
22926;55;2;4;0
22927;136;24;0;0
22928;289;8;4;1
22929;426;19;2;0
22930;78;0;0;0
22931;92;45;0;0
22932;201;46;0;1
22933;373;5;2;0
22934;535;29;6;0
22935;71;0;0;0
22936;104;31;4;0
22937;325;20;6;1
22938;619;24;4;0
22939;74;1;0;0
22940;118;19;1;0
22941;233;29;2;1
22942;439;15;0;0
22943;66;1;0;0
22944;121;10;1;0
22945;202;18;0;1
22946;260;22;1;0
22947;510;11;0;0
22948;76;0;2;0
22949;147;25;4;0
22950;268;11;4;1
22951;517;14;6;2
22952;55;0;4;0
22953;184;6;9;0
22954;233;25;2;1
22955;321;12;8;0
22956;530;10;4;0
22957;54;4;4;0
22958;167;26;3;0
22959;383;8;10;1
22960;51;2;6;0
22961;130;21;4;0
22962;335;20;6;1
22963;405;8;8;0
22964;664;9;8;15
22965;656;9;6;10
22966;51;0;2;0
22967;108;39;3;0
22968;160;36;6;1
22969;311;8;8;0
22970;48;2;8;0
22971;142;26;3;0
22972;372;11;4;1
22973;487;13;4;0
22974;513;15;2;0
22975;51;0;2;0
22976;108;39;3;0
22977;160;36;6;1
22978;311;8;8;0
22979;48;2;10;0
22980;142;26;3;0
22981;372;13;4;1
22982;489;11;4;0
22983;513;13;0;0
22984;76;2;0;0
22985;133;11;0;0
22986;262;25;2;1
22987;59;2;0;0
22988;147;11;4;0
22989;226;26;0;1
22990;629;7;6;0
22991;417;11;6;0
22992;665;4;0;0
22993;47;2;4;0
22994;103;42;2;0
22995;236;20;6;1
22996;339;18;4;0
22997;431;26;2;0
22998;61;2;2;0
22999;120;13;0;0
23000;289;24;0;1
23001;410;11;4;0
23002;72;2;2;0
23003;182;23;2;0
23004;76;2;4;0
23005;141;29;1;0
23006;331;11;4;1
23007;430;12;6;0
23008;623;12;2;0
23009;410;8;12;1
23010;620;10;4;0
23011;93;1;0;0
23012;190;31;2;0
23013;328;24;1;1
23014;654;33;3;50
23015;83;1;0;0
23016;144;36;1;0
23017;265;23;1;1
23018;380;21;3;0
23019;673;12;1;22
23020;50;10;2;0
23021;137;46;6;0
23022;223;37;2;1
23023;574;5;2;0
23024;65;4;2;0
23025;71;6;0;0
23026;175;24;4;1
23027;249;22;4;0
23028;609;6;2;0
23029;62;2;0;0
23030;120;39;6;0
23031;248;28;8;1
23032;326;17;6;0
23033;423;16;4;0
23034;72;2;0;0
23035;123;23;2;0
23036;255;26;2;1
23037;461;12;6;0
23038;79;2;2;0
23039;60;0;6;0
23040;136;13;2;0
23041;259;26;6;1
23042;512;13;10;0
23043;127;16;2;0
23044;248;19;4;1
23045;327;11;4;0
23046;568;13;4;0
23047;55;0;2;0
23048;159;4;4;0
23049;251;12;8;1
23050;352;16;10;0
23051;55;0;4;0
23052;166;23;3;0
23053;543;4;8;14
23054;339;6;6;1
23055;540;7;2;15
23056;73;0;0;0
23057;174;24;3;0
23058;222;30;2;1
23059;396;11;4;0
23060;578;6;2;0
23061;72;0;2;0
23062;124;13;2;0
23063;349;21;6;1
23064;511;27;2;0
23065;52;2;4;0
23066;107;11;2;0
23067;231;13;4;1
23068;283;5;0;0
23069;53;0;4;0
23070;166;10;5;0
23071;356;13;4;1
23072;552;7;6;6
23073;492;7;8;0
23074;75;2;2;0
23075;83;22;0;0
23076;153;19;8;1
23077;196;22;4;0
23078;67;0;0;0
23079;118;25;2;0
23080;255;27;6;1
23081;533;13;0;12
23082;577;20;4;11
23083;518;5;3;0
23084;66;0;0;0
23085;149;2;0;0
23086;410;1;2;1
23087;66;0;0;0
23088;152;7;0;0
23089;275;20;1;1
23090;404;5;2;0
23091;545;5;1;0
23092;69;0;2;0
23093;104;42;4;0
23094;355;10;4;1
23095;61;4;0;0
23096;130;25;2;0
23097;263;25;2;1
23098;368;5;6;0
23099;603;7;0;0
23100;536;8;4;0
23101;48;2;0;0
23102;49;0;0;0
23103;112;31;0;0
23104;209;44;0;1
23105;499;34;4;28
23106;116;33;2;0
23107;123;34;9;1
23108;252;38;4;0
23109;463;30;4;0
23110;69;0;0;0
23111;177;23;3;0
23112;596;6;6;0
23113;318;9;0;1
23114;410;7;10;0
23115;71;0;4;0
23116;214;14;5;0
23117;458;8;8;1
23118;617;8;0;0
23119;69;0;0;0
23120;92;1;1;0
23121;244;23;0;1
23122;340;15;1;0
23123;564;0;0;0
23124;72;2;0;0
23125;135;27;4;0
23126;206;39;6;1
23127;410;7;6;0
23128;614;6;2;0
23129;77;0;0;0
23130;161;12;2;0
23131;321;22;0;1
23132;608;6;8;0
23133;79;0;0;0
23134;156;36;3;0
23135;242;22;6;1
23136;367;24;10;0
23137;544;24;2;0
23138;78;0;0;0
23139;188;30;5;0
23140;336;35;10;1
23141;555;20;0;32
23142;43;0;1;0
23143;78;17;2;0
23144;239;5;1;1
23145;377;8;2;0
23146;35;0;1;0
23147;69;17;0;0
23148;114;9;0;1
23149;201;8;0;0
23150;377;11;3;0
23151;69;1;1;0
23152;65;0;0;0
23153;183;23;2;0
23154;264;21;0;1
23155;362;33;3;0
23156;124;18;2;0
23157;232;26;2;1
23158;252;37;0;0
23159;368;27;1;3
23160;67;1;0;0
23161;64;1;1;0
23162;117;25;0;0
23163;346;17;1;1
23164;629;2;0;0
23165;140;30;2;0
23166;277;21;1;1
23167;427;11;0;0
23168;628;2;0;0
23169;61;0;0;0
23170;106;13;0;0
23171;57;0;1;0
23172;114;8;1;0
23173;287;7;0;1
23174;563;6;2;0
23175;186;58;2;1
23176;227;37;1;0
23177;526;4;0;0
23178;91;0;0;0
23179;227;12;5;0
23180;489;8;10;1
23181;713;7;2;0
23182;78;2;0;0
23183;205;15;1;0
23184;304;24;2;1
23185;462;13;8;0
23186;730;9;4;0
23187;63;1;0;0
23188;88;24;2;0
23189;320;14;1;1
23190;579;4;0;0
23191;53;0;0;0
23192;69;37;1;0
23193;181;27;0;1
23194;291;13;0;0
23195;578;4;0;0
23196;599;24;0;0
23197;73;0;2;0
23198;119;21;8;0
23199;223;26;0;1
23200;344;17;6;0
23201;93;2;4;0
23202;145;37;6;0
23203;366;25;2;1
23204;608;25;6;0
23205;58;0;0;0
23206;131;26;1;0
23207;242;17;0;1
23208;437;6;2;0
23209;656;3;1;2
23210;67;3;1;0
23211;143;12;0;0
23212;260;16;2;1
23213;466;34;1;0
23214;55;0;1;0
23215;103;22;0;0
23216;208;22;1;1
23217;320;16;2;0
23218;484;28;2;0
23219;79;0;1;0
23220;153;26;1;0
23221;206;30;0;1
23222;319;28;1;0
23223;483;38;0;0
23224;61;0;2;0
23225;98;25;0;0
23226;179;14;2;1
23227;215;14;0;0
23228;417;19;0;0
23229;72;0;0;0
23230;104;19;2;0
23231;209;14;1;1
23232;291;16;2;0
23233;592;5;1;0
23234;54;0;1;0
23235;87;10;1;0
23236;187;19;1;1
23237;339;11;3;0
23238;482;7;2;4
23239;75;0;1;0
23240;140;37;1;0
23241;248;31;1;1
23242;290;26;1;0
23243;470;37;1;0
23244;40;0;0;0
23245;67;23;0;0
23246;137;16;1;1
23247;211;7;0;0
23248;319;4;1;0
23249;49;0;0;0
23250;101;15;1;0
23251;196;19;1;1
23252;255;28;1;0
23253;412;24;2;0
23254;70;0;0;0
23255;155;7;1;0
23256;271;13;1;1
23257;476;8;2;0
23258;629;11;1;0
23259;77;0;0;0
23260;160;25;1;0
23261;250;17;0;1
23262;456;4;2;0
23263;650;6;1;0
23264;60;0;0;0
23265;114;7;0;0
23266;210;9;0;1
23267;281;9;1;0
23268;428;4;3;0
23269;76;1;1;0
23270;137;12;0;0
23271;254;19;0;1
23272;375;18;4;0
23273;523;21;2;0
23274;63;0;0;0
23275;118;7;3;0
23276;264;7;1;1
23277;343;1;0;0
23278;594;12;0;0
23279;61;0;1;0
23280;146;20;1;0
23281;467;1;2;0
23282;232;16;1;1
23283;351;1;2;0
23284;79;0;1;0
23285;153;26;1;0
23286;206;30;0;1
23287;320;28;2;0
23288;482;38;2;0
23289;95;1;0;0
23290;195;33;1;0
23291;255;23;0;1
23292;511;12;0;4
23293;512;36;3;34
23294;63;0;0;0
23295;148;21;1;0
23296;249;14;1;1
23297;341;31;1;0
23298;521;16;2;0
23299;65;0;1;0
23300;112;16;1;0
23301;138;53;2;1
23302;240;21;0;0
23303;468;17;1;0
23304;63;0;0;0
23305;109;25;0;0
23306;191;25;0;1
23307;356;2;2;0
23308;542;10;1;0
23309;61;1;0;0
23310;99;11;0;0
23311;147;37;1;1
23312;206;11;0;0
23313;439;20;0;4
23314;62;0;0;0
23315;107;4;0;0
23316;178;16;1;1
23317;287;7;1;0
23318;548;10;0;0
23319;62;0;0;0
23320;107;20;1;0
23321;188;22;0;1
23322;287;13;1;0
23323;374;28;1;0
23324;73;0;0;0
23325;126;7;2;0
23326;231;14;0;1
23327;339;4;1;0
23328;524;9;1;1
23329;56;0;0;0
23330;551;16;0;0
23331;162;17;3;0
23332;224;9;1;1
23333;373;12;1;0
23334;70;0;1;0
23335;127;10;0;0
23336;229;13;0;1
23337;343;10;1;0
23338;510;9;1;0
23339;59;0;1;0
23340;122;15;1;0
23341;206;18;0;1
23342;296;18;2;0
23343;523;7;3;0
23344;52;1;0;0
23345;87;16;0;0
23346;129;18;0;1
23347;184;12;0;0
23348;358;17;0;0
23349;50;1;2;0
23350;112;0;0;0
23351;186;8;1;1
23352;331;0;2;0
23353;506;1;2;0
23354;45;0;0;0
23355;95;15;2;0
23356;150;16;0;1
23357;170;24;2;0
23358;337;17;0;0
23359;56;0;1;0
23360;92;15;1;0
23361;182;10;0;1
23362;235;10;1;0
23363;354;5;2;0
23364;89;0;0;0
23365;147;11;1;0
23366;239;28;0;1
23367;317;22;1;0
23368;540;16;2;0
23369;67;0;0;0
23370;157;14;1;0
23371;244;13;0;1
23372;364;4;1;0
23373;563;5;3;32
23374;50;0;1;0
23375;82;16;1;0
23376;172;13;1;1
23377;276;14;1;0
23378;386;32;0;0
23379;47;0;0;0
23380;79;14;1;0
23381;164;11;1;1
23382;453;18;1;2
23383;339;1;1;0
23384;56;0;1;0
23385;129;18;2;0
23386;260;17;0;1
23387;359;12;2;0
23388;535;17;0;0
23389;70;1;0;0
23390;132;24;0;0
23391;226;25;0;1
23392;243;19;2;0
23393;488;16;1;0
23394;74;1;1;0
23395;111;8;2;0
23396;223;40;2;1
23397;422;12;0;0
23398;701;13;0;0
23399;65;0;0;0
23400;145;17;0;0
23401;246;15;0;1
23402;364;9;1;0
23403;471;9;0;12
23404;55;0;1;0
23405;111;5;2;0
23406;164;12;1;1
23407;238;5;2;0
23408;366;20;1;0
23409;92;1;0;0
23410;187;29;3;0
23411;258;20;0;1
23412;368;22;3;0
23413;507;14;2;0
23414;79;1;0;0
23415;132;8;0;0
23416;180;11;0;1
23417;258;16;0;0
23418;391;4;0;0
23419;72;0;0;0
23420;114;33;0;0
23421;217;36;0;1
23422;400;17;3;0
23423;400;37;0;0
23424;68;4;0;0
23425;107;29;0;0
23426;176;33;2;1
23427;289;7;4;0
23428;401;36;4;78
23429;50;1;0;0
23430;105;6;0;0
23431;132;13;1;1
23432;261;14;2;0
23433;365;17;2;0
23434;57;1;0;0
23435;116;17;3;0
23436;254;13;1;1
23437;325;13;3;0
23438;463;17;1;0
23439;59;0;2;0
23440;147;33;0;0
23441;311;12;2;1
23442;432;5;1;0
23443;604;8;1;0
23444;63;0;1;0
23445;142;26;2;0
23446;232;18;0;1
23447;377;19;2;0
23448;598;17;0;0
23449;64;0;1;0
23450;139;12;0;0
23451;217;13;0;1
23452;298;18;0;0
23453;519;9;4;0
23454;70;1;1;0
23455;158;39;1;0
23456;337;25;2;1
23457;377;21;2;0
23458;555;16;1;0
23459;57;0;4;0
23460;124;20;2;0
23461;248;22;2;1
23462;373;4;6;0
23463;520;8;6;0
23464;61;0;2;0
23465;152;10;2;0
23466;223;8;1;1
23467;360;11;0;0
23468;467;13;2;0
23469;98;4;2;0
23470;166;20;5;0
23471;238;14;8;1
23472;311;15;4;0
23473;430;19;4;2
23474;80;0;0;0
23475;110;14;2;0
23476;191;32;0;1
23477;305;26;1;0
23478;500;14;1;0
23479;65;0;1;0
23480;130;22;1;0
23481;211;30;2;1
23482;310;16;2;0
23483;400;26;0;0
23484;62;0;0;0
23485;121;29;1;0
23486;191;27;1;1
23487;260;36;2;0
23488;436;36;2;0
23489;85;0;0;0
23490;209;20;2;0
23491;416;10;1;1
23492;503;16;0;0
23493;732;12;1;0
23494;44;0;2;0
23495;87;34;0;0
23496;311;9;1;1
23497;436;3;1;0
23498;61;0;1;0
23499;102;12;1;0
23500;188;16;2;1
23501;268;9;0;0
23502;556;7;2;0
23503;97;0;0;0
23504;183;17;3;0
23505;344;30;2;1
23506;580;25;1;0
23507;890;20;0;0
23508;56;0;2;0
23509;101;20;0;0
23510;216;16;1;1
23511;271;7;1;0
23512;342;13;1;0
23513;95;0;0;0
23514;548;22;1;28
23515;139;38;2;0
23516;264;22;1;1
23517;477;8;4;0
23518;428;6;25;0
23519;96;0;0;0
23520;120;21;1;0
23521;242;12;0;1
23522;392;20;2;0
23523;49;0;1;0
23524;163;8;1;0
23525;249;4;1;1
23526;372;3;2;0
23527;551;28;1;0
23528;72;0;0;0
23529;152;19;1;0
23530;252;28;2;1
23531;350;47;2;0
23532;456;41;1;0
23533;522;77;2;16
23534;203;4;0;0
23535;258;48;8;0
23536;376;32;6;1
23537;740;13;8;12
23538;73;0;0;0
23539;107;9;0;0
23540;174;26;1;1
23541;259;26;2;0
23542;475;6;5;8
23543;79;0;0;0
23544;145;26;2;0
23545;214;28;0;1
23546;302;21;1;0
23547;506;6;1;0
23548;59;0;1;0
23549;76;20;1;0
23550;196;39;0;1
23551;297;34;2;0
23552;391;32;1;0
23553;51;0;0;0
23554;121;19;0;0
23555;277;5;1;1
23556;391;22;0;0
23557;56;0;0;0
23558;113;10;0;0
23559;213;15;2;1
23560;218;13;0;0
23561;428;15;1;0
23562;65;2;0;0
23563;111;6;0;0
23564;196;12;1;1
23565;327;6;2;0
23566;392;5;2;0
23567;61;1;0;0
23568;114;13;0;0
23569;214;18;0;1
23570;238;31;1;0
23571;419;28;3;0
23572;579;24;0;1
23573;76;2;0;0
23574;208;12;2;0
23575;279;9;0;1
23576;454;11;0;0
23577;39;0;1;0
23578;121;23;1;0
23579;329;11;1;1
23580;484;7;1;0
23581;61;0;0;0
23582;135;16;0;0
23583;214;11;0;1
23584;261;15;2;0
23585;472;10;0;0
23586;77;1;0;0
23587;146;13;0;0
23588;349;9;2;1
23589;376;3;103;38
23590;461;6;1;0
23591;48;0;2;0
23592;135;17;0;0
23593;207;20;0;1
23594;311;14;1;0
23595;436;9;3;0
23596;69;0;1;0
23597;115;18;1;0
23598;226;9;2;1
23599;299;29;2;0
23600;511;17;3;0
23601;55;0;1;0
23602;121;8;1;0
23603;235;16;0;1
23604;306;14;1;0
23605;322;35;1;0
23606;59;1;0;0
23607;146;5;2;0
23608;239;0;2;1
23609;340;2;1;0
23610;446;0;0;0
23611;46;0;1;0
23612;91;12;0;0
23613;140;12;1;1
23614;212;11;1;0
23615;320;6;1;0
23616;75;0;0;0
23617;106;17;2;0
23618;236;22;0;1
23619;324;17;1;0
23620;626;2;0;0
23621;56;0;0;0
23622;133;16;0;0
23623;253;8;0;1
23624;357;33;1;14
23625;333;26;0;0
23626;53;0;0;0
23627;117;18;0;0
23628;184;8;1;1
23629;280;7;1;0
23630;72;0;0;0
23631;134;6;1;0
23632;252;7;2;1
23633;318;12;0;0
23634;513;4;0;0
23635;57;0;0;0
23636;108;8;0;0
23637;174;30;0;1
23638;243;24;1;0
23639;422;3;2;0
23640;76;0;0;0
23641;666;25;0;0
23642;134;19;1;0
23643;231;22;1;1
23644;346;29;2;0
23645;70;0;0;0
23646;130;5;1;0
23647;227;12;1;1
23648;322;16;1;0
23649;531;23;0;0
23650;53;0;0;0
23651;88;11;0;0
23652;175;13;0;1
23653;213;8;3;0
23654;349;25;2;0
23655;52;0;0;0
23656;138;40;1;0
23657;257;5;0;1
23658;345;7;1;0
23659;458;24;1;0
23660;81;0;0;0
23661;592;46;2;15
23662;169;33;1;0
23663;238;34;0;1
23664;454;5;2;0
23665;56;0;1;0
23666;139;16;2;0
23667;244;18;2;1
23668;288;18;1;0
23669;431;15;2;0
23670;54;0;2;0
23671;148;19;1;0
23672;299;16;2;1
23673;365;14;2;0
23674;640;1;0;0
23675;64;0;1;0
23676;137;13;0;0
23677;198;27;0;1
23678;270;26;1;0
23679;431;31;0;0
23680;58;1;1;0
23681;92;8;2;0
23682;173;14;0;1
23683;306;20;1;0
23684;396;21;2;0
23685;70;0;1;0
23686;126;13;0;0
23687;593;16;3;1
23688;246;17;0;1
23689;328;25;4;0
23690;63;1;0;0
23691;110;20;2;0
23692;178;14;1;1
23693;267;18;0;0
23694;559;12;3;0
23695;51;0;0;0
23696;115;6;0;0
23697;257;2;0;1
23698;309;7;3;0
23699;505;3;2;0
23700;55;1;1;0
23701;137;2;1;0
23702;256;6;1;1
23703;389;6;4;0
23704;437;20;2;0
23705;59;0;0;0
23706;489;15;2;1
23707;84;7;1;0
23708;168;29;1;1
23709;245;26;0;0
23710;68;0;0;0
23711;106;11;0;0
23712;178;12;0;1
23713;278;11;1;0
23714;410;11;2;0
23715;69;0;0;0
23716;101;10;1;0
23717;175;35;0;1
23718;259;23;2;0
23719;470;16;0;0
23720;55;0;1;0
23721;151;15;1;0
23722;248;18;1;1
23723;387;18;4;0
23724;502;12;2;0
23725;58;0;1;0
23726;130;6;0;0
23727;247;7;1;1
23728;361;15;2;0
23729;645;6;1;0
23730;72;0;0;0
23731;158;3;1;0
23732;309;21;2;1
23733;384;12;4;0
23734;567;18;0;1
23735;60;0;1;0
23736;96;11;1;0
23737;172;15;2;1
23738;239;14;1;0
23739;496;8;0;0
23740;50;0;0;0
23741;146;33;1;0
23742;225;25;0;1
23743;405;15;2;0
23744;576;22;0;35
23745;57;1;1;0
23746;136;15;1;0
23747;200;5;0;1
23748;309;6;1;0
23749;400;10;6;28
23750;91;0;0;0
23751;118;12;0;0
23752;189;13;0;1
23753;317;16;1;0
23754;533;30;1;0
23755;75;0;0;0
23756;507;40;2;8
23757;159;21;1;0
23758;236;8;1;1
23759;460;3;0;0
23760;67;1;1;0
23761;82;18;0;0
23762;190;18;1;1
23763;225;11;0;0
23764;433;6;3;0
23765;65;1;2;0
23766;105;28;1;0
23767;176;18;0;1
23768;211;20;1;0
23769;423;21;1;0
23770;494;11;2;0
23771;108;0;2;0
23772;194;27;2;0
23773;315;5;2;1
23774;426;3;0;0
23775;49;0;0;0
23776;93;4;0;0
23777;195;10;0;1
23778;248;20;0;0
23779;376;15;1;26
23780;65;0;0;0
23781;153;16;2;0
23782;284;6;1;1
23783;341;12;2;0
23784;536;7;0;0
23785;64;0;0;0
23786;83;23;1;0
23787;138;15;1;1
23788;205;17;0;0
23789;312;26;1;0
23790;77;0;0;0
23791;474;73;2;0
23792;128;40;2;0
23793;276;40;3;1
23794;394;2;0;0
23795;73;0;0;0
23796;122;27;3;0
23797;260;11;1;1
23798;318;18;1;0
23799;491;26;1;3
23800;79;1;0;0
23801;133;41;1;0
23802;253;20;0;1
23803;335;9;0;0
23804;558;1;2;0
23805;61;0;0;0
23806;108;14;0;0
23807;183;12;0;1
23808;216;26;0;0
23809;383;19;0;0
23810;70;0;1;0
23811;129;7;1;0
23812;199;13;1;1
23813;299;22;0;0
23814;557;11;0;0
23815;48;1;0;0
23816;87;16;1;0
23817;147;22;0;1
23818;218;16;1;0
23819;315;15;1;0
23820;56;0;0;0
23821;129;16;1;0
23822;181;9;0;1
23823;287;6;3;0
23824;358;4;2;0
23825;64;0;0;0
23826;137;26;2;0
23827;244;23;0;1
23828;361;4;2;0
23829;450;14;0;0
23830;67;2;0;0
23831;110;20;0;0
23832;232;30;1;1
23833;307;21;2;0
23834;486;12;1;0
23835;66;0;0;0
23836;159;11;3;0
23837;184;16;1;1
23838;244;18;1;0
23839;436;13;1;0
23840;49;0;0;0
23841;75;15;0;0
23842;130;22;0;1
23843;205;20;1;0
23844;433;6;1;0
23845;69;0;1;0
23846;110;26;0;0
23847;219;15;0;1
23848;315;9;1;0
23849;452;14;0;0
23850;66;0;0;0
23851;100;13;1;0
23852;137;21;1;1
23853;217;14;1;0
23854;332;11;4;0
23855;74;0;0;0
23856;118;8;0;0
23857;196;5;0;1
23858;290;6;2;0
23859;477;8;0;0
23860;32;1;1;0
23861;86;13;1;0
23862;134;18;0;1
23863;235;14;0;0
23864;346;25;5;0
23865;69;0;0;0
23866;134;18;2;0
23867;206;19;1;1
23868;289;11;0;0
23869;432;17;1;0
23870;80;0;0;0
23871;154;35;1;0
23872;207;41;1;1
23873;325;13;3;0
23874;430;22;1;0
23875;49;0;1;0
23876;107;10;0;0
23877;221;5;0;1
23878;251;5;0;0
23879;365;14;0;0
23880;87;1;0;0
23881;129;12;0;0
23882;204;14;0;1
23883;272;10;0;0
23884;493;6;1;0
23885;61;0;1;0
23886;145;22;0;0
23887;242;11;1;1
23888;398;18;2;0
23889;473;20;1;0
23890;63;1;0;0
23891;94;17;0;0
23892;165;15;0;1
23893;232;11;0;0
23894;380;6;1;0
23895;55;0;1;0
23896;107;6;0;0
23897;221;24;0;1
23898;340;14;2;0
23899;489;25;0;0
23900;59;1;1;0
23901;103;35;0;0
23902;203;23;3;1
23903;282;16;0;0
23904;356;25;2;0
23905;69;0;0;0
23906;103;14;1;0
23907;225;21;0;1
23908;398;12;3;0
23909;573;5;1;0
23910;418;3;0;0
23911;54;0;2;0
23912;147;10;1;0
23913;201;8;0;1
23914;329;2;1;0
23915;67;0;1;0
23916;117;10;0;0
23917;220;20;0;1
23918;330;13;0;0
23919;531;14;1;0
23920;57;0;2;0
23921;117;17;0;0
23922;174;23;0;1
23923;218;17;0;0
23924;449;3;0;0
23925;45;0;0;0
23926;92;14;0;0
23927;178;27;0;1
23928;285;20;1;0
23929;453;6;1;0
23930;66;0;0;0
23931;147;13;0;0
23932;294;12;1;1
23933;406;7;1;0
23934;605;10;1;0
23935;44;0;0;0
23936;87;14;0;0
23937;144;9;0;1
23938;199;8;0;0
23939;286;7;1;0
23940;77;0;0;0
23941;122;8;2;0
23942;262;25;0;1
23943;313;26;2;0
23944;384;29;2;0
23945;73;1;0;0
23946;152;11;0;0
23947;246;8;0;1
23948;331;10;1;0
23949;530;6;2;0
23950;61;0;1;0
23951;112;12;0;0
23952;193;16;1;1
23953;277;11;0;0
23954;399;16;2;0
23955;77;0;0;0
23956;165;24;1;0
23957;346;2;0;1
23958;337;12;0;0
23959;476;18;1;0
23960;54;0;0;0
23961;106;26;1;0
23962;180;26;0;1
23963;278;17;1;0
23964;424;20;0;0
23965;79;0;1;0
23966;145;25;0;0
23967;251;12;1;1
23968;333;17;2;0
23969;527;11;1;0
23970;57;0;0;0
23971;121;25;1;0
23972;164;24;0;1
23973;238;23;1;0
23974;431;20;2;0
23975;60;1;1;0
23976;71;11;0;0
23977;192;22;0;1
23978;248;24;2;0
23979;494;23;0;0
23980;61;0;1;0
23981;96;15;0;0
23982;149;16;0;1
23983;182;22;3;0
23984;257;13;4;0
23985;64;0;2;0
23986;163;17;1;0
23987;272;3;1;1
23988;368;5;1;0
23989;540;4;0;0
23990;70;0;0;0
23991;137;12;0;0
23992;230;16;0;1
23993;314;24;3;0
23994;594;7;1;0
23995;64;0;0;0
23996;128;18;2;0
23997;225;7;1;1
23998;231;14;3;0
23999;394;13;1;0
24000;62;1;0;0
24001;110;21;0;0
24002;198;38;0;1
24003;272;29;1;0
24004;604;11;1;0
24005;87;0;0;0
24006;139;19;1;0
24007;237;25;0;1
24008;406;6;1;0
24009;556;20;2;8
24010;78;0;0;0
24011;219;10;1;0
24012;341;8;2;1
24013;453;7;0;0
24014;630;59;3;14
24015;57;1;1;0
24016;159;20;2;0
24017;229;16;0;1
24018;268;17;0;0
24019;425;15;2;1
24020;81;0;1;0
24021;142;36;0;0
24022;284;1;0;1
24023;301;5;2;0
24024;360;33;2;0
24025;63;0;0;0
24026;113;19;0;0
24027;228;2;1;1
24028;257;24;0;0
24029;453;18;1;0
24030;70;0;1;0
24031;125;20;1;0
24032;247;18;2;1
24033;349;17;1;0
24034;571;15;2;0
24035;55;1;0;0
24036;122;15;0;0
24037;141;20;0;1
24038;259;22;0;0
24039;378;23;0;0
24040;81;1;0;0
24041;136;8;2;0
24042;282;8;1;1
24043;332;10;2;0
24044;497;6;2;0
24045;57;1;0;0
24046;61;7;0;0
24047;158;18;0;1
24048;227;25;0;0
24049;416;5;1;0
24050;66;0;0;0
24051;136;23;0;0
24052;215;21;1;1
24053;351;2;1;0
24054;480;3;0;0
24055;75;0;1;0
24056;174;16;1;0
24057;285;11;2;1
24058;342;10;0;0
24059;561;9;2;0
24060;85;16;2;0
24061;54;0;0;0
24062;172;13;1;1
24063;258;11;0;0
24064;340;6;3;0
24065;67;0;0;0
24066;139;10;0;0
24067;222;15;1;1
24068;334;6;1;0
24069;540;9;2;0
24070;60;0;1;0
24071;103;25;0;0
24072;187;16;2;1
24073;269;21;0;0
24074;395;25;2;0
24075;69;0;1;0
24076;112;20;2;0
24077;195;17;0;1
24078;288;14;1;0
24079;496;2;0;0
24080;52;0;1;0
24081;101;19;0;0
24082;193;27;0;1
24083;268;25;1;0
24084;454;12;2;0
24085;78;0;0;0
24086;208;13;1;0
24087;321;30;1;1
24088;401;20;1;0
24089;655;16;1;0
24090;56;0;0;0
24091;115;9;0;0
24092;172;10;1;1
24093;244;4;0;0
24094;414;5;1;0
24095;64;0;0;0
24096;113;14;1;0
24097;241;15;0;1
24098;322;23;1;0
24099;455;7;0;0
24100;59;0;0;0
24101;122;16;1;0
24102;179;34;0;1
24103;283;22;1;0
24104;525;4;0;0
24105;63;0;0;0
24106;119;8;2;0
24107;248;12;2;1
24108;378;15;2;0
24109;522;4;0;0
24110;61;0;1;0
24111;69;9;1;0
24112;191;16;0;1
24113;333;0;2;0
24114;503;3;2;10
24115;68;0;0;0
24116;104;16;2;0
24117;210;16;0;1
24118;357;9;1;0
24119;538;20;0;0
24120;73;0;0;0
24121;135;21;1;0
24122;206;14;1;1
24123;314;8;3;0
24124;513;6;0;0
24125;92;4;2;0
24126;196;13;0;0
24127;301;11;0;1
24128;506;13;1;0
24129;411;7;2;0
24130;68;0;2;0
24131;162;9;1;0
24132;253;18;0;1
24133;358;28;2;0
24134;70;0;0;0
24135;102;11;1;0
24136;188;18;0;1
24137;363;4;1;0
24138;470;5;1;0
24139;64;0;0;0
24140;146;0;0;0
24141;262;8;1;1
24142;362;7;3;0
24143;538;25;0;0
24144;86;0;2;0
24145;146;20;2;0
24146;235;21;0;1
24147;372;7;6;0
24148;505;9;10;4
24149;70;0;0;0
24150;147;31;0;0
24151;249;31;0;1
24152;380;8;2;0
24153;566;19;2;0
24154;60;0;0;0
24155;152;20;3;0
24156;193;20;1;1
24157;272;14;0;0
24158;363;16;1;0
24159;55;0;0;0
24160;120;9;0;0
24161;159;13;0;1
24162;215;12;0;0
24163;384;14;0;0
24164;64;1;0;0
24165;138;15;2;0
24166;201;10;0;1
24167;294;9;2;0
24168;431;6;5;0
24169;62;0;0;0
24170;106;12;1;0
24171;179;23;0;1
24172;249;20;2;0
24173;398;31;2;6
24174;69;0;0;0
24175;101;13;1;0
24176;231;17;2;3
24177;357;2;4;0
24178;556;0;2;0
24179;41;0;0;0
24180;86;12;2;0
24181;158;12;0;1
24182;228;15;0;0
24183;470;13;0;0
24184;70;0;1;0
24185;114;12;0;0
24186;163;21;0;1
24187;215;34;1;0
24188;529;19;1;0
24189;51;0;0;0
24190;117;28;1;0
24191;213;15;0;1
24192;288;11;3;0
24193;387;9;3;0
24194;64;0;0;0
24195;119;21;1;0
24196;210;8;1;1
24197;302;13;1;0
24198;473;20;1;0
24199;72;0;1;0
24200;83;1;0;0
24201;192;7;1;1
24202;299;41;1;0
24203;377;46;0;0
24204;44;0;1;0
24205;83;14;1;0
24206;173;16;0;1
24207;258;6;1;0
24208;395;7;1;0
24209;70;0;1;0
24210;183;10;2;0
24211;301;11;0;1
24212;359;7;3;0
24213;609;5;1;0
24214;66;1;0;0
24215;125;11;0;0
24216;182;21;0;1
24217;333;7;4;0
24218;491;2;0;0
24219;51;2;0;0
24220;101;9;1;0
24221;162;8;2;1
24222;257;6;0;0
24223;444;10;2;0
24224;68;4;1;0
24225;154;18;0;0
24226;366;17;2;1
24227;488;11;1;0
24228;493;10;0;2
24229;69;0;0;0
24230;128;17;2;0
24231;244;20;1;1
24232;382;10;1;0
24233;66;0;2;0
24234;123;7;1;0
24235;206;19;2;1
24236;323;27;1;0
24237;448;20;3;0
24238;70;0;1;0
24239;134;6;1;0
24240;262;6;0;1
24241;383;4;3;0
24242;533;42;2;2
24243;80;0;0;0
24244;132;29;0;0
24245;244;12;0;1
24246;339;12;0;0
24247;465;9;1;0
24248;65;0;0;0
24249;127;37;1;0
24250;232;22;0;1
24251;360;15;2;0
24252;570;6;1;0
24253;80;0;2;0
24254;177;13;2;0
24255;281;19;2;1
24256;304;16;2;0
24257;428;29;1;0
24258;63;1;1;0
24259;120;21;1;0
24260;212;20;0;1
24261;332;2;1;0
24262;477;1;1;0
24263;68;0;1;0
24264;122;19;1;0
24265;217;24;0;1
24266;349;7;3;0
24267;562;5;1;0
24268;56;0;0;0
24269;104;8;0;0
24270;139;15;0;1
24271;235;16;0;0
24272;340;16;2;0
24273;70;0;0;0
24274;147;14;0;0
24275;295;12;0;1
24276;374;11;1;0
24277;568;11;0;0
24278;48;0;0;0
24279;150;11;1;0
24280;200;12;1;1
24281;224;13;0;0
24282;376;3;0;0
24283;62;0;1;0
24284;94;32;1;0
24285;196;11;0;1
24286;243;10;0;0
24287;338;21;1;0
24288;84;1;0;0
24289;113;19;1;0
24290;195;16;1;1
24291;350;11;1;0
24292;563;13;1;0
24293;63;0;1;0
24294;76;7;2;0
24295;227;11;1;1
24296;299;13;1;0
24297;411;8;1;0
24298;45;1;0;0
24299;106;9;1;0
24300;165;11;0;1
24301;303;10;1;0
24302;531;8;1;0
24303;77;0;1;0
24304;158;28;1;0
24305;235;34;1;1
24306;353;19;2;0
24307;469;24;3;0
24308;70;1;0;0
24309;100;27;0;0
24310;220;19;1;1
24311;359;11;0;0
24312;502;11;2;8
24313;59;1;1;0
24314;138;10;0;0
24315;206;8;0;1
24316;334;2;1;0
24317;466;8;0;16
24318;78;0;1;0
24319;160;19;0;0
24320;267;11;1;1
24321;376;5;2;0
24322;529;11;1;0
24323;55;1;0;0
24324;89;18;1;0
24325;175;14;0;1
24326;176;11;0;0
24327;308;7;1;0
24328;71;0;0;0
24329;155;14;1;0
24330;284;18;1;1
24331;350;4;0;0
24332;523;0;0;41
24333;65;0;2;0
24334;113;8;0;0
24335;201;21;1;1
24336;276;16;1;0
24337;533;13;2;0
24338;61;0;0;0
24339;122;14;0;0
24340;242;13;1;1
24341;301;10;2;0
24342;417;6;1;22
24343;68;0;0;0
24344;87;20;0;0
24345;185;25;0;1
24346;282;11;0;0
24347;456;14;0;0
24348;63;0;0;0
24349;128;16;1;0
24350;184;29;0;1
24351;268;20;0;0
24352;448;10;0;0
24353;87;0;0;0
24354;157;28;0;0
24355;352;15;2;1
24356;474;14;0;0
24357;625;19;1;0
24358;71;0;1;0
24359;181;6;1;0
24360;290;7;0;1
24361;371;5;4;0
24362;556;19;1;0
24363;63;0;0;0
24364;88;16;0;0
24365;213;20;2;1
24366;396;1;10;0
24367;624;4;8;3
24368;63;0;1;0
24369;100;4;0;0
24370;428;9;1;1
24371;173;17;1;1
24372;219;17;1;0
24373;74;0;0;0
24374;131;10;0;0
24375;252;18;1;1
24376;349;9;1;0
24377;447;10;2;0
24378;44;0;0;0
24379;57;22;2;0
24380;121;26;1;1
24381;252;3;0;0
24382;408;26;0;12
24383;218;1;1;0
24384;751;8;0;76
24385;376;32;0;0
24386;483;18;0;1
24387;551;20;1;0
24388;57;1;0;0
24389;102;13;1;0
24390;151;17;1;1
24391;194;16;0;0
24392;337;19;1;0
24393;52;0;1;0
24394;126;13;0;0
24395;236;11;1;1
24396;305;5;2;0
24397;430;5;1;0
24398;72;1;1;0
24399;94;20;2;0
24400;252;12;0;1
24401;354;12;1;0
24402;441;24;1;0
24403;65;0;1;0
24404;140;17;2;0
24405;205;17;0;1
24406;271;16;1;0
24407;404;23;1;0
24408;43;0;2;0
24409;74;12;0;0
24410;159;21;1;1
24411;185;16;0;0
24412;283;21;1;0
24413;53;0;0;0
24414;112;10;1;0
24415;170;25;0;1
24416;262;7;1;0
24417;471;8;0;0
24418;64;0;0;0
24419;106;5;2;0
24420;211;12;1;1
24421;271;11;0;0
24422;534;7;1;0
24423;621;6;1;0
24424;82;0;0;0
24425;121;14;1;0
24426;256;11;0;1
24427;463;4;0;0
24428;70;0;0;0
24429;138;26;0;0
24430;203;22;0;1
24431;306;9;0;0
24432;408;21;1;0
24433;52;1;0;0
24434;97;14;1;0
24435;251;6;4;1
24436;330;3;3;0
24437;523;2;0;0
24438;47;0;1;0
24439;86;20;0;0
24440;177;16;0;1
24441;263;11;0;0
24442;432;5;2;0
24443;61;0;0;0
24444;118;9;0;0
24445;247;13;0;1
24446;336;11;2;0
24447;495;6;0;0
24448;61;0;1;0
24449;128;10;0;0
24450;206;21;0;1
24451;323;14;1;0
24452;449;13;2;0
24453;74;0;0;0
24454;153;4;0;0
24455;308;10;0;1
24456;396;12;1;0
24457;553;18;2;0
24458;60;0;0;0
24459;99;23;0;0
24460;234;14;0;1
24461;295;7;2;0
24462;459;8;2;0
24463;61;1;1;0
24464;107;19;0;0
24465;212;12;0;1
24466;298;12;1;0
24467;431;11;2;0
24468;55;0;0;0
24469;138;12;1;0
24470;204;6;1;1
24471;287;20;2;0
24472;456;6;2;0
24473;55;1;0;0
24474;147;3;0;0
24475;222;3;1;1
24476;355;0;2;0
24477;474;3;0;0
24478;78;0;1;0
24479;540;16;2;18
24480;155;31;0;0
24481;222;30;1;1
24482;416;7;3;0
24483;77;0;1;0
24484;483;20;2;18
24485;174;19;1;0
24486;291;19;2;1
24487;411;10;1;0
24488;73;0;0;0
24489;99;11;1;0
24490;203;20;1;1
24491;379;12;1;0
24492;673;5;1;24
24493;83;0;0;0
24494;141;11;2;0
24495;250;14;0;1
24496;359;19;3;0
24497;605;32;1;0
24498;55;0;0;0
24499;56;25;2;0
24500;199;16;0;1
24501;306;13;2;0
24502;450;5;1;0
24503;485;30;1;8
24504;74;0;0;0
24505;163;16;1;0
24506;291;11;3;1
24507;366;9;0;0
24508;65;0;0;0
24509;79;32;0;0
24510;222;20;1;1
24511;336;14;2;0
24512;747;1;0;0
24513;59;1;0;0
24514;143;17;0;0
24515;255;6;1;1
24516;311;14;2;0
24517;513;3;1;0
24518;59;1;1;0
24519;97;13;0;0
24520;221;22;2;1
24521;309;9;1;0
24522;562;23;1;0
24523;75;0;0;0
24524;207;17;1;0
24525;338;6;0;1
24526;473;6;0;0
24527;601;8;2;29
24528;62;0;1;0
24529;165;17;2;0
24530;292;13;0;1
24531;359;8;1;0
24532;604;8;1;30
24533;75;0;1;0
24534;137;17;1;0
24535;315;11;1;1
24536;378;22;2;0
24537;503;13;2;0
24538;47;0;1;0
24539;101;8;0;0
24540;176;4;0;1
24541;216;7;1;0
24542;303;8;2;0
24543;61;0;1;0
24544;97;14;2;0
24545;262;19;1;1
24546;341;17;3;0
24547;611;5;2;0
24548;66;0;1;0
24549;145;9;2;0
24550;241;9;2;1
24551;332;5;1;0
24552;513;4;2;0
24553;68;0;1;0
24554;143;23;0;0
24555;201;27;0;1
24556;325;1;1;0
24557;403;6;0;0
24558;1;0;0;0
24559;178;23;0;0
24560;271;8;0;1
24561;441;1;0;0
24562;542;3;0;0
24563;87;1;0;0
24564;119;20;1;0
24565;443;19;1;40
24566;228;9;1;1
24567;337;3;1;0
24568;47;0;1;0
24569;108;25;0;0
24570;232;19;3;1
24571;276;55;5;0
24572;598;6;1;31
24573;53;0;0;0
24574;132;21;2;0
24575;284;13;1;1
24576;326;25;2;0
24577;410;35;0;0
24578;51;1;1;0
24579;74;25;2;0
24580;124;29;0;1
24581;169;33;0;0
24582;267;31;1;0
24583;70;0;0;0
24584;112;5;3;0
24585;285;6;1;1
24586;304;5;2;0
24587;456;5;2;0
24588;70;0;0;0
24589;523;10;0;0
24590;142;24;0;0
24591;227;15;0;0
24592;402;5;0;0
24593;57;0;0;0
24594;102;23;0;0
24595;150;20;0;1
24596;246;7;1;0
24597;417;7;2;0
24598;61;0;0;0
24599;120;18;0;0
24600;222;2;0;1
24601;251;5;0;0
24602;386;9;1;0
24603;57;0;0;0
24604;127;19;1;0
24605;192;11;0;1
24606;262;15;0;0
24607;432;21;0;0
24608;64;0;0;0
24609;124;16;0;0
24610;235;12;1;1
24611;347;15;2;0
24612;520;10;0;0
24613;65;1;1;0
24614;102;22;1;0
24615;210;11;1;1
24616;261;15;0;0
24617;482;18;2;0
24618;60;0;0;0
24619;88;14;1;0
24620;177;19;2;1
24621;254;23;1;0
24622;466;14;1;0
24623;80;0;0;0
24624;173;18;1;0
24625;233;33;1;1
24626;376;15;1;0
24627;597;8;3;0
24628;64;0;0;0
24629;112;19;0;0
24630;194;13;0;1
24631;266;8;1;0
24632;428;2;1;0
24633;75;1;0;0
24634;140;35;4;0
24635;241;29;0;1
24636;331;17;1;0
24637;501;5;0;0
24638;81;0;0;0
24639;151;24;2;0
24640;285;15;1;1
24641;500;0;0;0
24642;651;1;0;0
24643;62;0;0;0
24644;67;3;0;0
24645;155;13;0;1
24646;344;11;1;0
24647;399;14;1;0
24648;72;0;0;0
24649;113;12;1;0
24650;250;11;0;1
24651;312;19;0;0
24652;557;12;3;0
24653;87;0;1;0
24654;183;21;1;0
24655;308;15;0;1
24656;384;17;2;0
24657;619;12;2;0
24658;84;1;0;0
24659;188;21;2;0
24660;266;26;1;1
24661;323;23;2;0
24662;560;28;1;0
24663;54;1;0;0
24664;94;18;0;0
24665;167;16;0;1
24666;240;14;2;0
24667;359;22;1;0
24668;72;0;0;0
24669;173;22;2;0
24670;278;29;0;1
24671;485;17;1;0
24672;642;20;3;0
24673;77;1;1;0
24674;108;11;1;0
24675;211;14;1;1
24676;318;9;2;0
24677;420;2;2;0
24678;50;0;0;0
24679;80;15;2;0
24680;148;18;2;1
24681;199;19;0;0
24682;303;9;3;0
24683;69;0;1;0
24684;120;9;2;0
24685;210;30;0;1
24686;313;16;2;0
24687;429;24;0;0
24688;59;0;1;0
24689;133;1;1;0
24690;188;9;0;1
24691;298;9;3;0
24692;474;4;0;0
24693;77;0;1;0
24694;126;8;0;0
24695;271;17;1;1
24696;376;7;4;0
24697;623;4;0;0
24698;63;0;0;0
24699;109;9;0;0
24700;229;11;1;1
24701;250;31;3;0
24702;457;9;0;0
24703;58;0;0;0
24704;103;3;2;0
24705;161;13;0;1
24706;269;17;2;0
24707;443;8;1;0
24708;68;0;0;0
24709;184;13;1;0
24710;417;5;1;1
24711;519;5;1;0
24712;601;2;1;0
24713;52;0;0;0
24714;95;1;2;0
24715;178;9;0;1
24716;292;10;0;0
24717;405;9;0;0
24718;62;0;0;0
24719;129;9;0;0
24720;173;9;0;1
24721;293;4;1;0
24722;480;0;1;0
24723;40;1;1;0
24724;72;10;3;0
24725;99;24;1;1
24726;158;12;0;0
24727;348;3;0;0
24728;69;0;0;0
24729;134;9;0;0
24730;246;10;0;1
24731;342;10;1;0
24732;518;3;2;0
24733;45;0;1;0
24734;92;12;0;0
24735;174;12;0;1
24736;239;11;0;0
24737;366;25;0;0
24738;63;0;0;0
24739;179;17;0;0
24740;221;19;0;1
24741;417;10;2;0
24742;582;9;1;0
24743;56;2;0;0
24744;99;11;2;0
24745;170;12;0;1
24746;272;12;2;0
24747;556;13;0;0
24748;52;0;0;0
24749;166;19;1;0
24750;246;20;1;1
24751;345;8;2;0
24752;456;8;1;3
24753;59;0;0;0
24754;107;25;1;0
24755;181;39;1;1
24756;265;11;1;0
24757;420;22;1;0
24758;83;0;1;0
24759;193;27;1;0
24760;254;18;1;1
24761;401;9;3;0
24762;596;10;0;0
24763;55;0;0;0
24764;106;14;1;0
24765;201;23;0;1
24766;268;22;3;0
24767;515;18;1;0
24768;39;0;0;0
24769;111;7;0;0
24770;162;10;2;1
24771;221;18;1;0
24772;421;8;2;0
24773;65;0;0;0
24774;137;5;1;0
24775;214;6;0;1
24776;321;11;2;0
24777;443;13;1;0
24778;63;1;1;0
24779;140;30;2;0
24780;291;19;2;1
24781;408;6;1;0
24782;631;5;0;0
24783;44;1;1;0
24784;111;20;0;0
24785;210;14;0;1
24786;306;28;0;0
24787;583;6;3;0
24788;49;0;1;0
24789;141;14;2;0
24790;204;11;1;1
24791;302;12;2;0
24792;497;3;0;0
24793;59;0;0;0
24794;119;5;1;0
24795;199;19;0;1
24796;248;23;1;0
24797;401;15;1;0
24798;52;1;0;0
24799;73;25;0;0
24800;152;12;2;1
24801;274;4;1;0
24802;430;6;1;0
24803;62;1;1;0
24804;187;10;0;0
24805;269;21;1;1
24806;417;7;5;0
24807;573;11;0;0
24808;70;0;1;0
24809;164;13;0;0
24810;259;18;0;1
24811;402;11;2;0
24812;503;9;1;0
24813;63;0;0;0
24814;123;12;2;0
24815;187;20;0;1
24816;292;9;1;0
24817;491;6;2;0
24818;72;0;2;0
24819;181;15;0;0
24820;358;9;0;1
24821;503;9;2;0
24822;709;9;1;0
24823;68;1;0;0
24824;145;8;0;0
24825;282;8;0;1
24826;360;10;2;0
24827;540;10;1;0
24828;74;0;0;0
24829;251;7;4;0
24830;365;0;0;1
24831;516;5;1;0
24832;632;8;2;0
24833;68;0;0;0
24834;105;13;0;0
24835;174;20;0;1
24836;269;14;0;0
24837;440;24;0;0
24838;60;0;0;0
24839;135;8;0;0
24840;200;17;1;1
24841;286;14;0;0
24842;543;8;0;0
24843;53;1;0;0
24844;121;12;2;0
24845;227;11;0;1
24846;324;21;1;0
24847;419;24;1;0
24848;50;0;0;0
24849;130;24;2;0
24850;189;27;1;1
24851;292;23;3;0
24852;453;19;2;0
24853;71;0;1;0
24854;109;6;0;0
24855;234;21;1;1
24856;367;8;3;0
24857;553;9;1;0
24858;61;0;1;0
24859;102;4;2;0
24860;186;6;1;1
24861;270;9;2;0
24862;450;4;2;0
24863;67;0;1;0
24864;127;11;1;0
24865;232;14;3;1
24866;391;18;2;0
24867;597;6;1;0
24868;119;68;3;0
24869;171;66;19;36
24870;471;149;12;150
24871;245;73;25;87
24872;312;73;41;117
24873;199;34;0;0
24874;301;57;2;1
24875;483;65;1;0
24876;740;71;2;0
24877;73;24;0;0
24878;73;30;0;0
24879;104;52;3;16
24880;165;68;14;29
24881;250;78;9;58
24882;339;84;11;95
24883;152;12;4;0
24884;296;8;0;0
24885;381;13;1;1
24886;483;46;0;0
24887;658;76;1;0
24888;183;99;3;0
24889;392;104;3;0
24890;667;74;2;1
24891;1004;90;3;0
24892;1267;107;3;0
24893;308;38;4;18
24894;178;31;2;0
24895;507;22;14;138
24896;719;96;4;257
24897;600;53;7;184
24898;313;47;3;3
24899;73;14;1;0
24900;180;35;2;0
24901;450;73;1;46
24902;368;57;3;38
24903;55;31;0;0
24904;158;47;1;0
24905;277;71;2;50
24906;223;61;2;50
24907;375;69;10;156
24908;74;20;0;0
24909;173;41;0;0
24910;348;29;1;1
24911;657;39;1;0
24912;383;77;3;0
24913;141;43;0;0
24914;266;102;4;4
24915;760;177;0;98
24916;417;133;5;9
24917;554;135;7;30
24918;112;19;1;0
24919;285;69;3;2
24920;363;126;2;5
24921;544;172;1;6
24922;224;41;1;4
24923;676;56;1;1
24924;961;92;6;10
24925;1089;165;3;16
24926;499;32;2;0
24927;239;17;0;0
24928;222;33;0;0
24929;303;105;3;0
24930;537;142;2;1
24931;1016;158;2;0
24932;1600;149;0;42
24933;289;3;4;1
24934;499;3;4;0
24935;950;3;1;73
24936;119;35;0;0
24937;74;12;1;0
24938;992;110;11;661
24939;140;48;1;0
24940;291;112;2;113
24941;611;35;2;237
24942;772;62;9;396
24943;492;25;4;25
24944;784;25;6;56
24945;695;46;0;31
24946;639;31;14;50
24947;636;35;4;27
24948;787;119;11;22
24949;575;33;13;26
24950;530;25;1;17
24951;666;35;4;32
24952;587;32;10;20
24953;458;17;13;18
24954;631;30;0;30
24955;1019;37;1;34
24956;613;30;15;59
24957;591;42;4;23
24958;659;41;0;27
24959;550;65;0;8
24960;581;10;9;23
24961;810;83;4;40
24962;914;37;6;49
24963;1006;10;18;40
24964;1218;89;0;56
24965;428;21;3;12
24966;401;47;4;16
24967;631;19;0;62
24968;687;135;2;28
24969;533;52;6;0
24970;1616;88;11;63
24971;587;11;0;54
24972;645;62;5;13
24973;389;115;3;0
24974;592;83;2;18
24975;616;42;0;31
24976;680;61;1;5
24977;565;17;4;14
24978;598;30;0;14
24979;887;48;3;4
24980;736;51;0;0
24981;528;29;8;20
24982;817;83;34;4
24983;732;27;3;51
24984;637;52;5;5
24985;517;64;1;3
24986;675;51;17;2
24987;527;33;0;5
24988;285;90;2;4
24989;446;81;14;19
24990;667;48;0;21
24991;474;14;0;17
24992;717;47;1;16
24993;451;59;5;37
24994;372;36;0;88
24995;532;9;0;31
24996;124;0;0;0
24997;233;7;0;0
24998;402;15;10;8
24999;456;16;2;56
25000;538;15;4;50
25001;116;0;0;0
25002;298;15;6;2
25003;383;14;7;2
25004;456;16;6;10
25005;512;18;2;10
25006;176;0;0;0
25007;295;16;0;0
25008;504;49;3;3
25009;554;48;3;3
25010;590;55;3;3
25011;127;0;0;4
25012;238;0;0;14
25013;564;81;5;17
25014;658;86;2;17
25015;750;80;4;26
25016;201;0;0;0
25017;360;54;0;7
25018;413;60;0;12
25019;536;65;4;36
25020;592;70;0;47
25021;193;0;0;0
25022;343;1;0;0
25023;538;50;0;0
25024;611;41;15;0
25025;733;46;15;3
25026;217;3;0;0
25027;390;17;28;4
25028;465;22;26;12
25029;529;19;24;11
25030;617;18;24;12
25031;265;6;4;0
25032;319;70;2;0
25033;337;71;2;0
25034;462;63;2;3
25035;642;42;10;3
25036;209;49;6;7
25037;265;55;6;7
25038;359;72;10;18
25039;400;92;2;19
25040;445;103;1;19
25041;168;0;0;0
25042;270;4;0;0
25043;481;6;0;0
25044;738;45;0;9
25045;879;61;0;10
25046;121;1;0;0
25047;240;1;0;0
25048;374;9;15;8
25049;470;57;11;16
25050;515;61;13;16
25051;525;49;17;15
25052;170;13;1;0
25053;221;60;0;15
25054;260;71;0;15
25055;381;54;0;18
25056;413;53;0;24
25057;141;6;0;0
25058;259;11;0;0
25059;546;20;0;10
25060;682;14;0;14
25061;691;14;0;14
25062;215;36;3;28
25063;269;42;5;28
25064;333;43;6;28
25065;433;28;5;28
25066;509;22;1;28
25067;115;1;0;0
25068;203;18;0;0
25069;435;39;3;2
25070;509;42;4;4
25071;594;40;4;9
25072;588;43;4;9
25073;114;2;0;0
25074;208;8;0;0
25075;398;16;7;3
25076;531;34;9;17
25077;635;33;6;34
25078;113;0;0;0
25079;161;7;1;0
25080;265;6;2;1
25081;396;27;4;42
25082;466;17;5;31
25083;177;0;0;0
25084;349;0;0;0
25085;610;23;8;14
25086;750;67;12;30
25087;857;66;11;31
25088;186;2;0;6
25089;432;14;13;0
25090;491;13;13;0
25091;593;12;14;15
25092;695;9;3;15
25093;143;2;0;0
25094;229;13;0;0
25095;261;31;4;3
25096;319;28;4;4
25097;374;12;4;4
25098;374;12;4;4
25099;113;1;0;0
25100;182;6;0;0
25101;314;11;0;0
25102;548;16;0;0
25103;563;17;0;0
25104;161;0;0;0
25105;315;1;0;0
25106;457;30;1;0
25107;794;50;16;60
25108;870;44;16;34
25109;108;5;0;0
25110;154;4;1;0
25111;204;6;1;0
25112;371;12;0;10
25113;456;7;0;17
25114;138;0;0;0
25115;271;7;0;0
25116;447;9;3;22
25117;577;11;6;24
25118;616;15;9;46
25119;60;0;0;0
25120;199;8;0;0
25121;301;17;4;3
25122;378;13;16;17
25123;514;5;20;28
25124;347;17;8;17
25125;510;5;20;28
25126;117;3;0;0
25127;234;4;0;0
25128;425;11;9;0
25129;524;9;15;16
25130;550;20;8;18
25131;101;3;0;0
25132;194;2;0;0
25133;242;12;2;0
25134;542;32;2;0
25135;590;28;2;1
25136;98;0;0;0
25137;215;0;0;0
25138;350;10;0;0
25139;439;18;0;3
25140;479;11;0;3
25141;75;0;0;0
25142;127;0;0;0
25143;252;11;0;0
25144;489;22;1;29
25145;664;14;0;35
25146;644;34;0;16
25147;139;0;0;0
25148;271;0;0;0
25149;490;5;9;0
25150;668;22;4;24
25151;814;24;3;22
25152;812;26;3;22
25153;160;9;0;0
25154;278;9;0;0
25155;360;38;5;12
25156;454;39;8;32
25157;532;16;5;39
25158;100;0;0;0
25159;186;8;0;0
25160;341;0;14;18
25161;488;2;14;40
25162;573;0;8;39
25163;106;0;0;0
25164;193;8;0;0
25165;338;13;1;0
25166;506;29;1;8
25167;580;18;2;13
25168;101;4;0;0
25169;208;10;1;0
25170;289;14;7;16
25171;447;17;6;27
25172;530;17;1;26
25173;120;1;0;0
25174;179;3;0;0
25175;375;5;13;6
25176;430;44;6;7
25177;567;52;6;13
25178;121;3;0;0
25179;213;3;1;0
25180;444;9;3;10
25181;535;15;5;31
25182;572;13;5;22
25183;572;13;5;22
25184;137;6;0;0
25185;225;8;0;0
25186;331;11;0;0
25187;499;36;12;0
25188;699;12;2;24
25189;445;34;0;12
25190;636;29;2;19
25191;138;6;0;0
25192;305;22;9;2
25193;497;25;15;28
25194;577;25;16;27
25195;648;44;4;29
25196;132;1;0;0
25197;238;3;0;0
25198;345;8;1;0
25199;427;40;1;6
25200;548;33;1;21
25201;109;1;0;0
25202;206;1;0;0
25203;272;4;1;0
25204;449;5;1;19
25205;530;6;1;25
25206;76;13;0;0
25207;133;15;0;0
25208;271;29;0;0
25209;352;27;0;20
25210;401;27;0;15
25211;88;34;2;68
25212;151;44;2;64
25213;221;32;4;172
25214;345;20;4;117
25215;491;8;2;891
25216;324;13;4;168
25217;457;9;4;623
25218;140;0;0;0
25219;214;17;1;0
25220;434;14;8;17
25221;576;26;4;31
25222;630;18;4;31
25223;92;1;0;0
25224;194;1;0;0
25225;334;7;0;7
25226;422;4;1;10
25227;464;11;2;7
25228;133;0;0;0
25229;274;6;0;0
25230;473;15;2;3
25231;660;13;5;26
25232;847;49;4;44
25233;144;1;0;0
25234;272;1;0;0
25235;465;26;1;0
25236;585;35;1;4
25237;635;38;5;13
25238;132;12;0;0
25239;271;11;0;0
25240;328;19;0;0
25241;489;35;0;16
25242;534;52;0;18
25243;159;5;0;0
25244;304;5;0;0
25245;355;10;0;0
25246;568;52;2;7
25247;657;31;2;23
25248;153;5;0;0
25249;272;6;3;0
25250;412;31;13;9
25251;530;31;5;11
25252;704;29;1;43
25253;126;2;0;0
25254;231;5;0;0
25255;491;18;0;36
25256;738;16;1;48
25257;735;44;0;72
25258;138;6;0;0
25259;279;1;4;0
25260;440;33;9;0
25261;526;23;18;16
25262;651;24;16;17
25263;137;0;0;0
25264;223;2;0;0
25265;316;1;1;0
25266;436;9;3;9
25267;609;46;8;41
25268;143;0;0;0
25269;252;10;1;0
25270;576;16;2;4
25271;697;50;9;16
25272;867;25;9;29
25273;132;4;0;0
25274;260;7;0;0
25275;440;20;0;7
25276;716;37;0;21
25277;810;24;0;33
25278;133;2;0;0
25279;244;1;0;0
25280;265;21;0;0
25281;424;19;0;0
25282;502;54;2;25
25283;124;0;0;0
25284;243;0;0;0
25285;506;5;0;16
25286;562;9;0;18
25287;659;26;0;43
25288;146;0;0;0
25289;288;2;4;0
25290;562;27;10;15
25291;608;33;2;15
25292;619;52;42;31
25293;122;5;0;0
25294;247;7;0;0
25295;402;28;10;3
25296;535;24;2;9
25297;663;22;0;14
25298;1582;170;63;37
25299;86;2;0;0
25300;145;12;0;0
25301;307;12;17;9
25302;417;26;13;11
25303;569;10;13;11
25304;127;3;0;0
25305;257;5;0;0
25306;393;26;5;0
25307;466;53;5;20
25308;553;55;9;17
25309;168;7;0;0
25310;318;11;1;0
25311;627;51;3;30
25312;691;74;4;48
25313;780;92;0;40
25314;93;10;0;0
25315;153;42;0;0
25316;383;48;0;13
25317;456;51;0;13
25318;589;51;0;19
25319;102;1;0;0
25320;202;3;0;0
25321;390;6;0;0
25322;481;7;2;27
25323;616;33;0;31
25324;123;4;0;0
25325;248;8;0;0
25326;376;47;0;0
25327;490;53;4;17
25328;624;44;4;26
25329;133;2;0;0
25330;259;2;0;0
25331;512;20;0;12
25332;668;41;0;19
25333;701;42;2;19
25334;525;68;0;79
25335;429;66;4;8
25336;347;62;5;4
25337;266;35;5;1
25338;84;7;0;0
25339;571;33;0;66
25340;512;24;0;42
25341;389;22;0;21
25342;305;21;0;8
25343;71;7;0;0
25344;419;152;2;54
25345;379;118;2;34
25346;351;94;0;13
25347;257;61;0;38
25348;50;10;0;0
25349;586;85;2;52
25350;506;85;2;38
25351;392;87;4;14
25352;290;61;4;2
25353;54;6;0;0
25354;683;18;1;29
25355;619;21;3;28
25356;494;31;7;20
25357;376;41;7;0
25358;101;5;0;0
25359;61;18;0;0
25360;122;46;0;0
25361;281;45;0;0
25362;411;28;4;3
25363;597;26;4;13
25364;681;45;0;63
25365;675;4;0;27
25366;580;27;0;22
25367;393;9;0;0
25368;66;11;0;0
25369;543;33;2;19
25370;465;32;14;10
25371;388;38;20;12
25372;286;30;12;8
25373;71;10;0;0
25374;440;38;3;15
25375;387;38;3;16
25376;342;44;5;1
25377;201;38;4;0
25378;48;0;0;0
25379;464;11;0;0
25380;1045;102;0;17
25381;557;11;0;0
25382;428;7;0;440
25383;430;9;0;0
25384;1388;65;0;41
25385;913;12;0;0
25386;1100;25;0;0
25387;951;123;11;24
25388;37;19;0;0
25389;776;24;0;62
25390;799;134;12;28
25391;1028;11;0;0
25392;301;101;0;0
25393;479;83;3;25
25394;583;142;11;5
25395;325;84;21;0
25396;616;46;23;0
25397;685;150;21;25
25398;224;98;6;0
25399;389;70;4;2
25400;592;51;0;25
25401;369;70;0;0
25402;514;33;0;0
25403;476;86;2;8
25404;380;2;0;0
25405;537;18;0;8
25406;527;82;0;0
25407;684;84;0;21
25408;595;82;0;1
25409;452;79;0;0
25410;1180;197;0;35
25411;1033;127;0;1
25412;726;120;0;0
25413;433;38;0;0
25414;639;42;0;0
25415;794;30;0;41
25416;419;51;4;0
25417;640;41;1;15
25418;735;44;11;29
25419;570;56;0;0
25420;844;58;0;0
25421;936;79;0;64
25422;394;134;0;1
25423;361;70;3;0
25424;244;78;2;0
25425;220;189;0;0
25426;404;129;8;0
25427;500;144;6;14
25428;218;51;0;0
25429;325;35;22;3
25430;410;37;17;28
25431;328;23;74;0
25432;569;30;11;0
25433;705;21;3;0
25434;418;73;0;0
25435;638;59;0;0
25436;750;63;7;67
25437;295;113;3;1
25438;387;110;0;0
25439;386;169;19;15
25440;588;32;6;44
25441;480;54;0;0
25442;349;38;0;0
25443;732;100;40;49
25444;659;93;1;0
25445;496;101;0;0
25446;475;25;34;0
25447;729;36;8;2
25448;999;30;0;24
25449;396;51;6;0
25450;500;75;5;6
25451;542;78;5;37
25452;531;37;0;0
25453;694;48;0;0
25454;789;115;3;52
25455;418;64;7;79
25456;657;73;11;79
25457;1001;61;9;201
25458;252;45;0;12
25459;417;16;0;0
25460;455;51;0;16
25461;117;5;0;0
25462;206;17;0;0
25463;309;8;0;0
25464;470;8;0;0
25465;496;152;2;18
25466;675;16;3;18
25467;408;95;2;0
25468;365;97;0;0
25469;579;56;6;0
25470;477;127;0;14
25471;286;61;24;3
25472;437;86;0;17
25473;449;111;1;72
25474;375;86;0;0
25475;488;94;9;0
25476;622;92;6;17
25477;391;91;0;2
25478;482;100;5;0
25479;531;109;0;45
25480;459;54;0;18
25481;594;69;0;10
25482;760;87;0;86
25483;423;104;46;22
25484;499;25;0;0
25485;302;54;0;0
25486;470;71;0;0
25487;634;55;16;17
25488;686;120;16;18
25489;357;72;2;0
25490;660;49;6;11
25491;681;104;6;37
25492;709;11;30;0
25493;992;11;5;7
25494;1248;19;7;14
25495;235;46;2;12
25496;371;56;8;12
25497;438;84;8;14
25498;628;46;0;80
25499;726;64;1;218
25500;872;63;3;197
25501;655;22;1;2
25502;884;30;7;12
25503;1055;43;13;47
25504;229;18;0;0
25505;441;60;0;37
25506;378;3;0;0
25507;273;1;0;0
25508;447;33;0;22
25509;523;33;0;16
25510;602;47;7;21
25511;460;27;1;1
25512;622;36;0;3
25513;645;119;1;45
25514;320;27;10;0
25515;454;33;24;0
25516;615;26;8;13
25517;463;30;6;0
25518;609;49;7;1
25519;660;110;12;37
25520;422;58;4;0
25521;556;51;10;11
25522;657;58;1;54
25523;499;13;0;4
25524;576;32;1;20
25525;629;78;4;53
25526;373;68;0;0
25527;491;62;0;0
25528;703;64;0;8
25529;244;94;0;0
25530;400;65;0;0
25531;484;99;0;2
25532;402;64;1;0
25533;505;105;1;0
25534;563;95;8;36
25535;302;58;0;0
25536;401;52;3;1
25537;386;94;8;21
25538;436;36;1;0
25539;594;50;0;28
25540;745;53;1;54
25541;733;56;2;53
25542;558;64;12;9
25543;707;98;2;73
25544;757;92;8;44
25545;285;68;0;0
25546;371;97;0;15
25547;371;163;0;43
25548;457;10;1;0
25549;613;25;5;8
25550;719;20;4;26
25551;638;31;0;77
25552;548;0;0;47
25553;417;1;0;0
25554;277;63;0;9
25555;351;60;0;9
25556;348;142;1;33
25557;394;80;0;0
25558;583;72;7;20
25559;692;131;0;37
25560;335;12;2;0
25561;365;12;2;2
25562;396;16;2;2
25563;504;29;0;0
25564;602;33;0;41
25565;825;26;0;72
25566;544;36;1;0
25567;710;35;1;0
25568;762;45;0;84
25569;385;45;0;0
25570;441;76;0;2
25571;576;79;1;32
25572;206;10;0;0
25573;314;5;0;0
25574;407;7;0;0
25575;396;34;0;0
25576;554;39;0;0
25577;641;48;0;16
25578;335;75;18;6
25579;592;71;2;13
25580;684;90;2;17
25581;810;22;0;11
25582;587;25;11;1
25583;438;11;2;0
25584;603;52;0;2
25585;435;67;0;0
25586;292;56;0;0
25587;534;38;1;46
25588;462;35;4;46
25589;343;33;0;13
25590;902;63;0;45
25591;774;61;0;49
25592;595;46;0;0
25593;402;26;0;0
25594;559;17;0;22
25595;735;53;0;8
25596;360;43;0;12
25597;481;37;0;23
25598;656;27;0;16
25599;515;35;0;15
25600;441;41;6;0
25601;293;56;6;0
25602;534;64;0;49
25603;572;63;0;19
25604;432;67;2;2
25605;620;20;1;6
25606;579;12;0;29
25607;379;18;0;0
25608;702;55;1;25
25609;615;25;0;0
25610;373;30;0;0
25611;605;57;0;7
25612;541;1;0;0
25613;380;0;0;0
25614;766;32;1;26
25615;635;37;0;0
25616;411;16;6;0
25617;690;14;0;13
25618;584;14;1;5
25619;355;21;0;0
25620;854;59;0;0
25621;659;86;2;38
25622;477;32;0;0
25623;533;83;5;14
25624;490;70;0;18
25625;285;63;0;0
25626;686;81;0;17
25627;595;23;0;0
25628;330;25;0;0
25629;716;26;2;36
25630;610;23;4;21
25631;452;20;0;0
25632;586;79;1;23
25633;480;51;2;0
25634;395;47;0;0
25635;1050;56;4;48
25636;912;55;4;50
25637;773;39;4;8
25638;457;68;0;83
25639;445;51;0;5
25640;310;47;0;2
25641;717;113;2;0
25642;601;47;2;0
25643;407;76;2;0
25644;543;98;8;3
25645;712;98;8;81
25646;428;95;0;0
25647;463;64;0;17
25648;358;84;0;0
25649;311;46;0;0
25650;848;36;0;16
25651;685;26;0;0
25652;525;24;0;0
25653;720;61;8;14
25654;631;82;7;10
25655;588;49;1;0
25656;599;50;1;7
25657;549;34;0;0
25658;322;35;0;0
25659;539;60;5;22
25660;467;31;15;8
25661;386;14;22;0
25662;863;55;0;0
25663;833;55;0;0
25664;621;34;0;0
25665;478;39;2;116
25666;434;49;2;84
25667;343;45;0;8
25668;450;75;17;31
25669;435;78;17;13
25670;472;68;1;4
25671;396;67;0;0
25672;590;51;7;36
25673;527;40;0;8
25674;329;72;0;0
25675;625;60;6;22
25676;579;31;4;0
25677;347;53;0;0
25678;639;33;4;21
25679;525;61;0;11
25680;376;62;0;0
25681;165;106;0;0
25682;554;82;0;22
25683;588;36;0;27
25684;448;50;0;0
25685;610;79;3;14
25686;520;57;0;9
25687;367;68;0;1
25688;604;45;0;50
25689;538;33;0;0
25690;368;65;0;0
25691;469;70;2;14
25692;431;42;0;1
25693;283;51;0;0
25694;567;68;0;42
25695;534;54;0;19
25696;329;59;0;0
25697;610;26;0;0
25698;479;38;0;0
25699;346;34;0;0
25700;613;23;0;0
25701;219;29;0;0
25702;325;39;0;2
25703;357;46;2;9
25704;556;70;1;77
25705;466;60;1;16
25706;260;53;0;1
25707;427;65;1;62
25708;429;39;0;17
25709;290;34;0;0
25710;703;70;7;71
25711;597;61;1;2
25712;363;48;14;0
25713;717;42;2;133
25714;597;39;0;72
25715;432;32;0;34
25716;530;43;0;0
25717;432;14;0;0
25718;284;13;0;0
25719;742;73;12;73
25720;664;20;0;0
25721;406;33;0;0
25722;222;36;0;0
25723;434;21;0;0
25724;528;46;0;0
25725;685;34;0;0
25726;811;30;0;32
25727;390;50;12;14
25728;358;36;0;16
25729;253;44;0;0
25730;475;86;0;17
25731;479;35;0;0
25732;309;26;0;0
25733;572;32;0;159
25734;505;13;6;40
25735;404;7;0;47
25736;447;101;0;11
25737;346;91;0;0
25738;226;83;0;0
25739;521;79;0;34
25740;373;75;0;0
25741;286;50;0;0
25742;534;106;0;3
25743;534;106;0;4
25744;520;60;0;0
25745;251;36;12;34
25746;269;42;0;0
25747;154;20;0;0
25748;645;68;3;62
25749;517;57;0;0
25750;428;43;0;0
25751;795;14;0;30
25752;566;20;0;0
25753;421;22;0;0
25754;399;26;0;4
25755;400;51;0;0
25756;304;10;0;0
25757;546;57;1;19
25758;446;22;0;0
25759;295;31;0;0
25760;1068;24;0;49
25761;808;12;12;53
25762;531;9;0;0
25763;327;47;0;0
25764;196;23;0;0
25765;74;16;0;0
25766;35;5;0;0
25767;446;40;0;1
25768;680;1;0;21
25769;78;11;0;0
25770;198;17;0;8
25771;366;0;0;4
25772;561;0;0;28
25773;48;4;0;0
25774;322;9;0;5
25775;237;33;0;0
25776;182;35;0;0
25777;106;15;0;0
25778;239;5;0;0
25779;495;0;0;0
25780;133;4;0;0
25781;95;5;0;0
25782;38;0;0;0
25783;320;38;0;0
25784;201;16;0;0
25785;58;3;0;0
25786;143;9;0;0
25787;510;0;0;18
25788;399;18;0;0
25789;292;16;0;0
25790;54;3;0;0
25791;204;17;0;0
25792;104;13;0;0
25793;642;20;0;6
25794;465;13;0;16
25795;339;16;0;0
25796;56;6;0;0
25797;119;20;0;0
25798;267;10;0;0
25799;160;7;0;0
25800;98;6;0;0
25801;54;4;0;0
25802;369;11;0;0
25803;308;37;0;0
25804;258;7;0;0
25805;44;18;0;0
25806;116;19;0;0
25807;413;7;0;36
25808;254;21;0;7
25809;40;8;0;0
25810;58;22;0;0
25811;181;13;0;0
25812;370;9;4;0
25813;793;25;18;14
25814;110;35;0;0
25815;180;42;0;0
25816;510;35;0;0
25817;986;31;16;0
25818;655;28;16;2
25819;51;5;0;0
25820;136;23;0;0
25821;489;79;7;13
25822;400;65;0;10
25823;313;41;0;0
25824;186;29;0;0
25825;45;4;0;0
25826;78;14;0;0
25827;487;14;0;17
25828;467;11;0;0
25829;306;2;0;24
25830;36;16;0;0
25831;163;1;0;0
25832;619;30;0;20
25833;159;18;0;0
25834;77;33;0;0
25835;31;16;0;0
25836;321;29;0;0
25837;421;23;1;0
25838;45;8;0;0
25839;117;14;0;0
25840;195;16;0;0
25841;343;14;0;0
25842;606;3;0;44
25843;396;4;0;0
25844;44;0;0;0
25845;76;8;0;0
25846;181;15;0;0
25847;532;18;0;35
25848;353;10;0;21
25849;225;0;0;1
25850;55;0;0;0
25851;196;0;0;0
25852;460;5;0;3
25853;324;33;2;0
25854;236;14;0;0
25855;60;12;0;0
25856;145;6;0;0
25857;402;45;2;0
25858;411;6;0;0
25859;326;3;0;0
25860;114;16;0;0
25861;53;7;0;0
25862;499;5;0;0
25863;336;11;0;0
25864;230;0;0;0
25865;55;0;0;0
25866;121;0;0;0
25867;419;3;0;0
25868;280;2;0;0
25869;160;22;0;0
25870;41;17;0;0
25871;98;5;0;0
25872;398;4;0;32
25873;360;5;0;0
25874;494;9;0;0
25875;52;1;0;0
25876;183;10;0;0
25877;88;9;0;0
25878;307;7;0;19
25879;213;3;0;0
25880;128;24;0;0
25881;46;0;0;0
25882;618;2;0;41
25883;420;4;0;0
25884;272;14;0;0
25885;46;14;0;0
25886;114;16;0;0
25887;754;15;0;0
25888;606;40;0;0
25889;58;14;0;0
25890;141;17;0;0
25891;255;40;0;0
25892;419;40;0;0
25893;220;1;0;0
25894;39;0;0;0
25895;125;0;0;0
25896;80;0;0;0
25897;344;6;0;0
25898;369;5;0;0
25899;44;8;0;0
25900;265;6;0;0
25901;86;16;0;0
25902;621;12;0;48
25903;67;13;0;0
25904;198;6;0;0
25905;275;4;0;0
25906;480;2;3;0
25907;795;2;0;0
25908;31;15;0;0
25909;88;15;0;0
25910;285;11;0;18
25911;482;5;0;18
25912;642;2;0;16
25913;50;6;0;0
25914;349;6;0;0
25915;258;6;0;0
25916;152;10;0;0
25917;462;4;0;0
25918;356;8;1;12
25919;206;23;1;0
25920;89;18;0;0
25921;38;12;0;0
25922;472;4;0;5
25923;258;5;0;0
25924;190;4;0;0
25925;74;3;0;0
25926;97;2;0;0
25927;393;2;0;0
25928;232;23;0;0
25929;171;11;0;0
25930;122;24;0;0
25931;44;2;0;0
25932;445;4;0;11
25933;361;18;0;0
25934;39;5;0;0
25935;102;12;0;0
25936;253;12;0;0
25937;170;13;0;0
25938;462;10;0;0
25939;311;2;0;0
25940;47;0;0;0
25941;154;1;0;0
25942;541;6;0;3
25943;313;12;0;32
25944;191;2;0;0
25945;47;4;0;0
25946;59;13;0;0
25947;426;7;0;0
25948;367;21;2;32
25949;241;28;0;44
25950;133;10;11;96
25951;39;5;0;0
25952;489;2;0;34
25953;324;25;0;0
25954;263;4;0;16
25955;126;4;0;0
25956;43;4;0;0
25957;451;5;0;1
25958;308;41;0;0
25959;211;11;0;0
25960;38;5;0;0
25961;98;9;0;0
25962;436;24;0;16
25963;323;13;0;0
25964;23;26;0;0
25965;231;9;0;0
25966;72;44;0;0
25967;607;7;0;0
25968;310;43;0;0
25969;160;33;0;0
25970;96;10;0;0
25971;27;16;0;0
25972;412;13;0;0
25973;325;29;0;59
25974;35;2;0;0
25975;99;15;0;6
25976;197;16;0;14
25977;501;37;0;85
25978;318;6;0;0
25979;60;0;0;0
25980;211;10;0;0
25981;122;0;0;0
25982;432;40;0;0
25983;407;27;11;10
25984;255;25;6;0
25985;47;18;0;0
25986;133;46;0;0
25987;80;37;0;0
25988;386;3;0;0
25989;34;14;0;0
25990;85;23;0;0
25991;218;21;0;0
25992;505;7;0;8
25993;391;24;0;0
25994;633;7;0;24
25995;277;5;0;0
25996;82;7;0;0
25997;165;8;0;0
25998;360;12;0;0
25999;246;12;0;0
26000;93;0;0;0
26001;41;2;0;0
26002;442;10;0;60
26003;62;12;0;0
26004;125;18;0;0
26005;221;9;0;14
26006;322;27;0;14
26007;279;16;0;0
26008;207;46;0;20
26009;167;22;0;16
26010;68;9;0;0
26011;34;4;0;0
26012;331;6;0;13
26013;418;42;0;0
26014;222;27;0;0
26015;48;20;0;0
26016;144;31;0;0
26017;663;25;0;28
26018;413;0;0;0
26019;63;0;0;0
26020;153;0;0;0
26021;262;6;0;0
26022;540;0;1;23
26023;262;13;0;10
26024;191;14;0;8
26025;97;8;0;0
26026;42;2;0;0
26027;319;21;0;9
26028;46;5;0;0
26029;478;23;1;0
26030;358;8;4;0
26031;105;8;0;0
26032;249;36;1;0
26033;333;12;0;2
26034;29;6;0;0
26035;103;8;0;0
26036;234;15;0;0
26037;150;22;0;0
26038;416;11;0;0
26039;192;14;0;0
26040;56;12;0;0
26041;111;9;0;0
26042;276;8;0;0
26043;258;2;0;0
26044;153;2;0;0
26045;43;0;0;0
26046;82;0;0;0
26047;481;0;0;0
26048;448;13;0;0
26049;39;11;0;0
26050;233;20;0;0
26051;113;9;0;0
26052;560;10;0;27
26053;445;2;0;0
26054;67;0;0;0
26055;78;35;0;0
26056;254;25;0;0
26057;511;19;0;4
26058;33;13;0;0
26059;59;19;0;0
26060;94;23;0;0
26061;266;32;0;0
26062;151;42;0;0
26063;446;38;0;0
26064;194;21;0;0
26065;42;6;0;0
26066;80;28;0;0
26067;797;3;0;10
26068;303;7;0;2
26069;165;15;0;0
26070;39;1;0;0
26071;75;4;0;0
26072;639;5;3;9
26073;189;20;0;0
26074;43;3;0;0
26075;135;7;0;0
26076;444;17;0;0
26077;276;12;0;0
26078;54;0;0;0
26079;89;3;0;0
26080;165;2;2;0
26081;278;2;0;0
26082;332;0;0;17
26083;62;0;0;0
26084;147;0;0;0
26085;311;1;1;0
26086;509;4;0;11
26087;754;6;3;8
26088;382;29;0;0
26089;62;0;0;0
26090;283;16;0;0
26091;117;12;0;0
26092;484;6;0;66
26093;415;8;1;0
26094;191;10;0;0
26095;91;4;0;0
26096;64;3;0;0
26097;730;10;0;28
26098;432;4;0;4
26099;60;6;0;0
26100;329;2;0;0
26101;135;4;0;0
26102;548;4;1;8
26103;50;8;0;0
26104;391;41;0;4
26105;265;39;0;0
26106;84;21;0;0
26107;1090;6;0;85
26108;382;19;0;0
26109;34;5;0;0
26110;83;14;0;0
26111;256;20;0;0
26112;486;14;0;22
26113;437;9;0;0
26114;191;38;0;0
26115;104;11;0;0
26116;55;2;0;0
26117;242;40;0;0
26118;546;9;0;0
26119;367;15;0;0
26120;184;20;0;0
26121;59;0;0;0
26122;699;0;0;19
26123;465;8;0;0
26124;357;8;0;0
26125;58;0;0;0
26126;163;35;0;0
26127;1094;5;0;40
26128;131;21;0;0
26129;304;24;0;0
26130;421;21;4;0
26131;61;16;0;0
26132;610;31;0;46
26133;76;1;0;0
26134;117;6;0;0
26135;268;16;0;0
26136;406;25;2;0
26137;703;7;0;20
26138;70;0;0;0
26139;164;3;0;0
26140;270;7;0;0
26141;438;10;0;0
26142;861;6;0;0
26143;413;4;0;0
26144;277;8;0;2
26145;588;0;0;14
26146;62;1;0;0
26147;108;14;0;0
26148;14;26;0;0
26149;82;11;0;0
26150;157;0;0;0
26151;299;4;0;0
26152;257;0;0;0
26153;392;14;0;0
26154;281;6;0;0
26155;154;11;0;0
26156;38;0;0;0
26157;501;7;0;14
26158;286;32;0;0
26159;30;6;0;0
26160;174;28;0;0
26161;106;20;0;0
26162;385;42;0;4
26163;338;22;1;0
26164;151;55;0;0
26165;28;13;0;0
26166;68;35;0;0
26167;507;23;2;0
26168;565;40;2;0
26169;363;33;0;0
26170;56;18;0;0
26171;107;40;0;0
26172;834;69;2;12
26173;379;12;0;0
26174;290;9;0;0
26175;58;15;0;0
26176;187;18;0;0
26177;501;0;0;41
26178;384;29;0;0
26179;254;39;0;0
26180;203;28;0;0
26181;50;8;0;0
26182;490;10;2;60
26183;349;34;2;17
26184;50;9;0;0
26185;241;20;0;0
26186;125;7;0;0
26187;609;18;0;0
26188;386;21;0;0
26189;28;16;0;0
26190;118;6;0;0
26191;213;36;0;0
26192;555;7;4;0
26193;56;0;0;0
26194;88;8;0;0
26195;141;40;0;0
26196;286;15;0;0
26197;536;2;0;0
26198;329;16;0;0
26199;49;8;0;0
26200;111;4;0;0
26201;203;10;0;0
26202;446;3;0;19
26203;315;26;0;0
26204;213;41;0;0
26205;39;2;0;0
26206;112;11;0;0
26207;467;6;1;8
26208;96;20;0;0
26209;48;4;0;0
26210;439;1;0;52
26211;254;8;0;0
26212;189;12;0;0
26213;163;16;0;0
26214;26;5;0;0
26215;84;4;0;0
26216;265;8;0;0
26217;327;9;0;0
26218;845;0;0;39
26219;428;9;0;0
26220;82;0;0;0
26221;171;19;0;0
26222;249;29;1;0
26223;282;26;0;0
26224;174;25;0;0
26225;72;0;0;0
26226;143;8;0;0
26227;392;24;0;33
26228;20;6;0;0
26229;239;24;0;2
26230;101;19;0;0
26231;67;16;0;0
26232;469;2;0;6
26233;215;18;12;0
26234;134;35;0;0
26235;53;4;0;0
26236;325;21;0;0
26237;483;18;0;0
26238;292;77;0;21
26239;277;28;0;0
26240;238;13;0;0
26241;65;0;0;0
26242;88;15;0;0
26243;314;36;0;0
26244;260;32;0;0
26245;123;7;0;0
26246;36;4;0;0
26247;739;3;0;56
26248;579;3;9;4
26249;420;3;10;14
26250;60;11;0;0
26251;278;7;0;4
26252;920;10;0;52
26253;395;7;0;0
26254;37;28;0;0
26255;213;27;0;0
26256;122;3;0;0
26257;508;7;0;0
26258;276;13;0;0
26259;26;4;0;0
26260;57;14;0;0
26261;168;15;0;0
26262;363;1;0;8
26263;286;19;0;0
26264;44;4;0;0
26265;156;23;0;0
26266;90;11;0;0
26267;778;4;0;0
26268;240;17;0;0
26269;25;6;0;0
26270;394;13;0;0
26271;64;14;0;0
26272;137;17;0;0
26273;259;2;0;16
26274;145;23;0;0
26275;35;0;0;8
26276;78;36;0;0
26277;354;1;0;12
26278;39;8;0;0
26279;75;21;0;0
26280;469;4;0;30
26281;237;23;0;0
26282;173;7;2;0
26283;348;6;0;0
26284;52;0;0;0
26285;207;1;0;0
26286;93;0;0;0
26287;533;2;0;99
26288;359;9;0;0
26289;201;24;0;0
26290;71;1;0;0
26291;109;5;0;0
26292;661;0;0;48
26293;52;2;0;0
26294;90;7;0;0
26295;289;8;0;0
26296;405;2;0;0
26297;601;0;0;0
26298;447;17;0;0
26299;304;68;0;0
26300;148;75;0;0
26301;47;10;0;0
26302;668;8;0;27
26303;324;36;9;0
26304;213;44;0;0
26305;116;20;0;0
26306;64;8;0;0
26307;531;4;0;47
26308;316;26;0;0
26309;217;23;0;0
26310;58;22;0;0
26311;36;2;0;0
26312;396;17;0;23
26313;285;17;0;0
26314;168;5;0;0
26315;45;0;0;0
26316;86;12;0;0
26317;547;1;0;10
26318;414;28;0;0
26319;309;23;0;0
26320;71;18;0;0
26321;126;13;0;0
26322;843;6;0;5
26323;266;11;0;0
26324;105;37;0;0
26325;60;7;0;0
26326;32;0;0;0
26327;150;41;0;0
26328;187;35;0;0
26329;112;44;2;0
26330;22;13;0;0
26331;48;38;0;0
26332;479;7;0;10
26333;333;1;0;0
26334;182;5;0;0
26335;99;0;0;0
26336;50;2;0;0
26337;685;1;0;27
26338;317;33;1;0
26339;178;43;0;0
26340;35;6;0;0
26341;90;37;0;0
26342;522;0;0;23
26343;389;0;0;0
26344;232;31;0;0
26345;38;8;0;0
26346;90;25;0;0
26347;779;0;0;19
26348;340;31;0;0
26349;46;6;0;0
26350;67;29;0;9
26351;220;17;0;0
26352;380;20;0;24
26353;343;37;0;0
26354;60;4;0;0
26355;200;17;0;0
26356;113;11;0;0
26357;497;5;0;30
26358;336;34;0;0
26359;190;17;0;0
26360;44;18;0;0
26361;62;39;0;0
26362;439;33;0;19
26363;231;54;0;0
26364;180;3;0;0
26365;80;25;0;0
26366;41;13;0;0
26367;524;13;0;0
26368;467;30;0;0
26369;232;35;0;0
26370;354;11;0;24
26371;133;2;0;0
26372;53;1;0;0
26373;402;10;0;0
26374;34;0;0;0
26375;62;9;0;0
26376;225;12;0;0
26377;324;13;0;0
26378;349;20;0;4
26379;259;18;0;0
26380;87;18;0;0
26381;38;9;0;0
26382;435;0;0;65
26383;281;48;0;0
26384;229;12;0;0
26385;50;4;0;0
26386;102;14;0;0
26387;631;0;0;37
26388;129;0;0;0
26389;228;0;0;0
26390;361;0;0;0
26391;766;0;0;76
26392;868;0;0;36
26393;46;4;0;0
26394;121;0;0;0
26395;191;32;0;0
26396;269;32;0;0
26397;484;20;0;0
26398;146;11;0;12
26399;222;6;0;0
26400;420;3;0;0
26401;507;4;0;0
26402;669;6;0;67
26403;79;12;0;0
26404;175;14;0;0
26405;358;0;0;7
26406;662;6;0;19
26407;793;5;0;35
26408;105;1;0;0
26409;108;26;0;2
26410;248;26;0;0
26411;426;29;0;51
26412;367;91;0;10
26413;86;1;0;0
26414;165;22;0;0
26415;421;5;0;0
26416;761;5;1;0
26417;842;6;0;0
26418;78;0;0;0
26419;142;25;0;0
26420;288;2;0;0
26421;420;0;0;0
26422;597;0;0;41
26423;46;5;0;8
26424;126;10;0;0
26425;334;8;0;0
26426;419;2;0;0
26427;552;25;0;0
26428;64;0;0;0
26429;177;15;2;0
26430;355;3;2;17
26431;577;8;0;105
26432;729;7;0;133
26433;76;8;0;0
26434;218;37;2;4
26435;264;39;2;0
26436;471;29;4;33
26437;624;29;4;37
26438;52;0;0;0
26439;142;5;0;0
26440;210;30;0;0
26441;282;10;0;0
26442;461;10;0;61
26443;48;5;0;0
26444;120;8;0;0
26445;247;16;0;0
26446;331;8;0;3
26447;404;10;0;16
26448;46;0;0;0
26449;128;5;0;0
26450;285;5;2;7
26451;328;7;2;21
26452;379;15;2;33
26453;114;0;0;0
26454;226;25;0;0
26455;446;8;0;9
26456;576;7;0;9
26457;597;16;0;0
26458;109;7;0;0
26459;233;0;0;0
26460;347;12;0;0
26461;471;6;0;14
26462;766;0;0;42
26463;600;52;0;21
26464;301;67;8;14
26465;255;56;4;1
26466;163;23;2;0
26467;68;5;0;0
26468;526;110;1;0
26469;372;53;4;0
26470;284;27;2;1
26471;149;19;0;0
26472;73;0;0;0
26473;369;58;2;0
26474;374;57;0;0
26475;210;70;5;0
26476;164;74;1;1
26477;129;30;3;0
26478;55;1;0;0
26479;781;10;7;73
26480;545;16;3;0
26481;386;31;0;1
26482;200;25;1;0
26483;70;14;0;0
26484;578;71;1;0
26485;427;77;5;0
26486;329;13;1;1
26487;220;5;2;0
26488;68;0;0;0
26489;346;98;1;8
26490;263;70;3;0
26491;187;46;0;1
26492;119;41;0;0
26493;64;4;1;0
26494;547;114;0;9
26495;464;49;2;0
26496;372;17;3;1
26497;317;9;3;0
26498;104;1;1;0
26499;419;45;3;5
26500;245;40;6;1
26501;222;13;1;1
26502;132;10;0;0
26503;45;3;0;0
26504;798;70;7;2
26505;538;104;5;0
26506;372;94;7;1
26507;303;90;0;0
26508;75;2;0;0
26509;867;29;1;0
26510;592;34;2;0
26511;438;55;1;1
26512;309;36;1;0
26513;74;1;0;0
26514;426;123;0;4
26515;373;62;1;0
26516;266;33;2;1
26517;61;2;0;0
26518;132;13;0;0
26519;868;54;2;34
26520;695;21;3;0
26521;532;15;0;1
26522;379;17;2;0
26523;117;4;2;0
26524;741;43;2;0
26525;726;41;3;0
26526;486;40;2;0
26527;329;20;2;1
26528;204;18;0;0
26529;1;0;0;0
26530;348;137;3;4
26531;258;59;1;0
26532;220;27;1;1
26533;129;21;0;0
26534;61;0;0;0
26535;680;108;5;23
26536;742;107;2;49
26537;558;90;1;11
26538;431;49;1;1
26539;316;13;1;0
26540;128;7;0;0
26541;572;65;2;7
26542;599;80;4;13
26543;808;92;24;18
26544;546;78;12;46
26545;513;65;1;0
26546;855;61;18;19
26547;554;51;0;8
26548;477;53;0;10
26549;538;61;0;8
26550;537;61;0;8
26551;582;62;0;45
26552;544;40;2;14
26553;794;90;23;27
26554;423;106;0;19
26555;379;81;3;22
26556;566;72;0;150
26557;378;56;0;25
26558;575;81;0;0
26559;425;83;0;0
26560;82;0;0;0
26561;305;0;0;2
26562;464;0;0;8
26563;636;0;0;20
26564;746;44;18;30
26565;151;1;0;0
26566;208;0;0;0
26567;453;0;0;1
26568;541;55;0;9
26569;593;81;4;9
26570;85;0;0;0
26571;190;0;0;0
26572;358;18;6;1
26573;430;18;6;14
26574;564;18;13;34
26575;95;0;0;0
26576;211;0;0;0
26577;351;0;0;1
26578;551;43;0;0
26579;653;49;1;1
26580;676;18;0;0
26581;700;18;0;40
26582;809;0;0;82
26583;875;2;0;44
26584;1074;1;3;9
26585;113;1;0;0
26586;342;3;4;0
26587;418;4;3;1
26588;562;35;0;16
26589;827;29;2;29
26590;91;0;0;0
26591;231;0;1;0
26592;321;0;0;2
26593;480;0;0;13
26594;539;7;4;69
26595;110;0;0;1
26596;311;0;0;1
26597;361;0;0;1
26598;628;1;0;1
26599;716;2;0;1
26600;94;0;0;0
26601;226;0;0;0
26602;332;0;0;0
26603;421;4;0;0
26604;577;6;0;0
26605;906;8;1;1
26606;1081;9;0;1
26607;1082;9;0;1
26608;77;0;0;0
26609;139;1;0;0
26610;212;0;1;1
26611;438;0;0;0
26612;462;12;0;79
26613;74;0;0;0
26614;153;0;0;0
26615;224;0;0;1
26616;437;0;0;0
26617;517;0;4;67
26618;73;0;0;0
26619;115;1;0;0
26620;237;11;0;1
26621;397;5;4;0
26622;513;10;3;63
26623;69;0;0;0
26624;181;0;0;0
26625;229;0;1;2
26626;389;0;0;27
26627;511;13;0;20
26628;92;0;0;0
26629;166;1;0;0
26630;234;0;1;1
26631;440;26;0;0
26632;537;27;0;25
26633;72;0;0;0
26634;243;0;1;1
26635;319;9;0;4
26636;431;12;0;22
26637;580;33;0;0
26638;80;0;0;0
26639;189;0;0;0
26640;268;1;0;0
26641;501;7;0;6
26642;591;12;2;13
26643;967;8;0;0
26644;1078;7;0;0
26645;1079;7;0;0
26646;1503;50;5;40
26647;2047;50;5;42
26648;2038;50;5;47
26649;442;0;0;6
26650;724;1;1;73
26651;1025;3;3;83
26652;117;1;0;0
26653;248;0;1;0
26654;357;0;0;1
26655;516;2;1;0
26656;515;25;5;12
26657;128;1;0;0
26658;189;0;0;0
26659;358;0;0;1
26660;647;0;4;16
26661;719;16;4;31
26662;94;0;0;0
26663;189;0;0;0
26664;232;0;0;0
26665;402;6;11;38
26666;546;9;11;40
26667;102;0;0;0
26668;213;0;0;0
26669;458;0;0;0
26670;559;28;0;0
26671;848;40;15;38
26672;126;0;0;0
26673;255;0;0;0
26674;361;0;0;0
26675;563;10;4;1
26676;531;59;4;37
26677;69;0;0;0
26678;222;0;0;0
26679;259;0;1;2
26680;431;30;0;1
26681;544;14;7;10
26682;72;0;0;0
26683;268;0;0;2
26684;432;6;1;0
26685;589;4;0;30
26686;831;0;0;51
26687;814;25;1;41
26688;55;0;0;0
26689;264;3;0;0
26690;442;7;0;0
26691;482;45;0;0
26692;603;58;0;7
26693;139;2;0;0
26694;214;2;0;0
26695;390;6;0;0
26696;587;14;2;3
26697;719;66;27;36
26698;734;57;30;25
26699;99;0;0;0
26700;214;0;0;0
26701;385;3;0;6
26702;487;4;0;130
26703;572;3;0;147
26704;74;0;0;0
26705;324;0;0;0
26706;426;3;0;0
26707;644;8;7;18
26708;847;17;6;55
26709;87;0;0;1
26710;204;2;0;1
26711;541;6;0;2
26712;802;12;0;0
26713;852;19;0;24
26714;115;1;0;0
26715;205;11;1;0
26716;300;49;0;1
26717;377;51;0;4
26718;474;48;0;19
26719;473;49;0;12
26720;145;0;0;0
26721;320;0;0;0
26722;425;2;10;0
26723;625;10;5;24
26724;1000;8;1;27
26725;66;0;0;0
26726;155;0;0;0
26727;290;8;0;0
26728;442;8;0;7
26729;574;41;4;31
26730;561;20;0;41
26731;212;3;0;0
26732;470;10;0;10
26733;651;9;0;37
26734;791;37;0;22
26735;843;134;0;10
26736;136;0;0;1
26737;334;8;0;0
26738;668;21;0;9
26739;820;49;0;16
26740;1159;31;5;43
26741;73;0;0;0
26742;353;2;0;0
26743;437;27;0;0
26744;649;56;1;0
26745;904;34;0;62
26746;962;29;1;57
26747;100;2;0;0
26748;249;1;1;0
26749;330;1;0;1
26750;438;57;0;2
26751;640;34;0;3
26752;92;0;0;0
26753;218;1;0;0
26754;324;0;0;0
26755;425;7;0;0
26756;544;2;1;1
26757;107;0;0;0
26758;242;11;0;0
26759;298;7;0;0
26760;391;15;0;8
26761;523;8;0;0
26762;66;0;0;0
26763;237;0;0;2
26764;343;6;0;2
26765;586;2;0;10
26766;615;4;4;29
26767;153;0;0;0
26768;475;20;0;0
26769;633;25;2;11
26770;949;61;0;8
26771;1205;41;1;26
26772;73;0;0;5
26773;227;1;0;0
26774;365;0;1;5
26775;508;19;1;3
26776;512;62;1;0
26777;624;34;1;5
26778;66;0;0;0
26779;146;0;0;0
26780;279;0;0;1
26781;520;2;0;0
26782;656;4;0;34
26783;1114;1;1;0
26784;2340;0;3;0
26785;600;2;0;0
26786;1444;133;2;0
26787;2395;13;2;0
26788;1032;22;0;0
26789;2232;2;1;0
26790;2374;46;2;0
26791;2498;209;16;22
26792;3515;4;0;0
26793;2817;32;5;2
26794;3896;17;0;2
26795;2115;135;8;36
26796;2228;116;1;0
26797;1076;21;3;7
26798;829;11;1;0
26799;2602;155;0;54
26800;1550;64;0;0
26801;2121;43;1;0
26802;2179;105;0;0
26803;3555;7;0;0
26804;597;87;0;11
26805;707;79;1;20
26806;2490;21;17;0
26807;868;40;0;0
26808;1059;3;0;0
26809;762;4;0;0
26810;589;70;18;36
26811;793;42;16;36
26812;970;2;0;0
26813;1236;28;6;3
26814;1354;25;4;2
26815;1565;26;4;2
26816;1461;85;0;1
26817;1736;85;0;0
26818;1999;71;1;0
26819;2502;53;1;0
26820;1976;209;1;8
26821;1686;5;0;0
26822;783;5;1;0
26823;3247;16;9;0
26824;3780;15;5;0
26825;930;2;0;0
26826;1190;1;0;0
26827;1189;0;1;0
26828;1189;0;1;0
26829;734;46;6;34
26830;903;47;9;35
26831;891;8;1;0
26832;1055;18;2;4
26833;1222;18;4;4
26834;761;24;20;28
26835;956;14;9;28
26836;1710;35;0;0
26837;917;52;2;4
26838;767;1;2;2
26839;2417;38;1;0
26840;945;48;6;0
26841;1072;145;1;0
26842;622;60;8;49
26843;795;66;3;57
26844;3301;21;5;12
26845;732;382;0;0
26846;3780;7;4;2
26847;2894;24;5;0
26848;3129;49;5;8
26849;676;142;8;30
26850;835;136;5;26
26851;1392;66;1;0
26852;1050;136;0;0
26853;2397;89;3;2
26854;2812;81;1;2
26855;997;429;6;0
26856;2457;25;2;0
26857;1420;95;1;9
26858;2471;24;1;0
26859;1359;13;0;0
26860;1586;190;2;53
26861;1707;188;2;53
26862;524;61;6;14
26863;701;58;1;10
26864;889;22;6;8
26865;1134;17;1;4
26866;787;45;11;56
26867;926;41;8;56
26868;2666;123;5;4
26869;1023;35;0;4
26870;1042;39;2;0
26871;1158;2;0;0
26872;1980;10;1;0
26873;2059;3;1;0
26874;2368;30;2;0
26875;1407;28;0;0
26876;1196;32;0;0
26877;2264;87;3;22
26878;2038;131;1;1
26879;1209;16;0;0
26880;1944;14;4;0
26881;962;18;1;0
26882;1475;2;0;0
26883;1226;77;0;54
26884;1655;17;2;0
26885;1569;45;0;0
26886;2149;39;1;2
26887;2170;91;0;4
26888;1639;12;2;0
26889;675;107;0;65
26890;1001;28;0;20
26891;1260;27;1;14
26892;1139;9;2;4
26893;1509;8;1;4
26894;1450;2;2;4
26895;665;88;9;47
26896;140;19;0;1
26897;210;23;0;1
26898;319;43;0;1
26899;582;83;7;51
26900;771;55;10;30
26901;682;56;8;17
26902;487;54;6;0
26903;264;23;6;0
26904;121;20;0;0
26905;866;34;0;58
26906;635;54;0;11
26907;446;59;0;0
26908;268;41;0;0
26909;140;7;0;0
26910;768;35;1;41
26911;154;7;0;7
26912;209;16;0;7
26913;309;9;0;0
26914;638;27;3;10
26915;744;110;7;26
26916;575;83;6;17
26917;392;77;4;9
26918;230;10;0;0
26919;120;4;0;0
26920;743;34;2;0
26921;619;33;2;0
26922;389;35;0;0
26923;212;29;0;0
26924;114;8;0;0
26925;523;38;6;31
26926;448;39;6;28
26927;375;23;4;20
26928;195;12;0;4
26929;107;9;0;0
26930;1014;51;3;16
26931;837;58;3;12
26932;465;31;1;1
26933;278;10;0;0
26934;146;5;0;0
26935;471;120;3;0
26936;138;2;0;0
26937;375;122;0;0
26938;269;2;0;0
26939;233;108;0;0
26940;876;36;0;49
26941;139;1;0;0
26942;718;22;11;21
26943;476;8;10;0
26944;268;5;0;0
26945;816;73;2;39
26946;615;77;2;10
26947;316;117;0;2
26948;313;35;0;0
26949;165;22;0;0
26950;877;18;2;0
26951;103;27;0;0
26952;159;27;0;0
26953;258;8;16;0
26954;486;19;3;0
26955;633;78;4;17
26956;128;1;0;0
26957;240;7;0;0
26958;477;75;8;4
26959;353;54;4;0
26960;840;96;4;34
26961;621;88;5;20
26962;409;118;6;0
26963;148;8;0;0
26964;262;12;0;0
26965;882;30;0;22
26966;684;20;0;22
26967;440;28;0;22
26968;234;28;0;0
26969;118;6;0;0
26970;558;42;4;12
26971;352;62;20;8
26972;106;11;0;0
26973;203;11;0;0
26974;291;39;8;0
26975;736;38;0;34
26976;620;73;0;0
26977;119;9;0;0
26978;196;30;0;0
26979;449;23;0;0
26980;892;25;0;0
26981;731;22;4;0
26982;427;32;8;8
26983;210;19;8;0
26984;119;9;0;0
26985;1068;27;12;37
26986;885;32;36;4
26987;683;45;26;0
26988;173;1;0;0
26989;326;13;0;0
26990;699;61;3;30
26991;558;63;7;2
26992;422;46;2;2
26993;140;2;0;0
26994;248;3;0;0
26995;627;38;1;38
26996;520;40;1;0
26997;453;37;0;0
26998;222;14;0;0
26999;131;3;0;0
27000;1019;49;3;11
27001;930;67;5;11
27002;546;97;21;0
27003;448;106;3;0
27004;237;15;0;0
27005;646;52;0;16
27006;539;35;0;16
27007;385;66;0;0
27008;283;22;0;0
27009;170;4;0;0
27010;745;84;0;14
27011;654;95;0;0
27012;484;83;2;0
27013;346;92;0;0
27014;224;48;0;0
27015;796;47;4;0
27016;762;59;4;0
27017;481;65;4;0
27018;362;76;2;0
27019;237;35;0;0
27020;513;88;16;0
27021;394;92;16;0
27022;306;95;14;0
27023;229;65;0;0
27024;138;6;0;0
27025;121;24;0;0
27026;229;38;4;0
27027;380;62;4;0
27028;453;71;4;0
27029;768;51;0;3
27030;1062;76;4;18
27031;990;94;4;18
27032;944;96;4;18
27033;596;99;3;0
27034;300;16;0;0
27035;516;106;0;2
27036;468;104;0;0
27037;383;96;7;0
27038;212;29;0;0
27039;104;16;0;0
27040;597;52;0;0
27041;548;24;0;0
27042;443;24;1;0
27043;234;20;0;0
27044;124;4;0;0
27045;705;97;3;0
27046;568;119;6;0
27047;453;118;5;0
27048;421;76;3;0
27049;125;0;0;0
27050;677;34;0;26
27051;621;0;2;0
27052;457;27;2;0
27053;254;5;0;0
27054;156;0;0;0
27055;625;52;7;0
27056;530;34;5;0
27057;380;42;2;0
27058;230;3;2;0
27059;116;3;2;0
27060;521;71;0;0
27061;419;66;0;0
27062;263;40;0;0
27063;224;24;4;0
27064;124;2;0;0
27065;468;148;0;10
27066;430;125;0;0
27067;286;146;0;0
27068;223;28;0;0
27069;110;21;0;0
27070;537;37;0;14
27071;443;32;0;0
27072;418;14;0;0
27073;352;36;0;0
27074;94;22;0;0
27075;837;97;0;0
27076;628;111;0;0
27077;486;107;0;0
27078;403;132;0;0
27079;159;95;0;0
27080;442;160;6;14
27081;411;153;7;12
27082;301;94;25;0
27083;190;38;6;0
27084;111;9;0;0
27085;485;26;0;0
27086;412;34;0;0
27087;319;32;0;0
27088;143;20;0;0
27089;67;18;0;0
27090;673;66;12;24
27091;544;57;12;28
27092;396;72;13;8
27093;246;25;0;0
27094;131;6;0;0
27095;3393;238;29;81
27096;3444;339;0;0
27097;2155;14;7;110
27098;2955;16;9;157
27099;3080;26;2;210
27100;3007;17;2;12
27101;3084;26;2;206
27102;1908;5;1;29
27103;2523;6;2;12
27104;2545;6;2;36
27105;2517;7;2;12
27106;2507;12;2;16
27107;2362;20;0;87
27108;3223;22;0;161
27109;3388;23;0;163
27110;2751;23;0;154
27111;3390;25;0;104
27112;2731;9;0;169
27113;3249;9;0;182
27114;3517;31;0;378
27115;3091;14;0;172
27116;3512;31;0;331
27117;1279;25;0;29
27118;1647;0;0;102
27119;1786;42;0;90
27120;1737;0;0;58
27121;1788;42;0;4
27122;1277;36;10;46
27123;1516;36;0;77
27124;1601;33;2;97
27125;1472;35;0;68
27126;1599;33;2;109
27127;1307;36;8;54
27128;1827;28;0;114
27129;2068;21;0;119
27130;1517;42;0;87
27131;2060;23;0;120
27132;1241;66;0;54
27133;1706;73;0;116
27134;1736;79;0;118
27135;1553;73;0;92
27136;1734;75;0;129
27137;2656;5;1;122
27138;3546;11;1;111
27139;3602;11;0;196
27140;2858;6;1;111
27141;3562;12;0;36
27142;1235;9;0;10
27143;1374;14;0;81
27144;1523;16;0;91
27145;1358;12;0;53
27146;1512;17;0;58
27147;1252;91;0;64
27148;1467;82;0;67
27149;1598;185;0;94
27150;1465;82;0;57
27151;1568;64;0;28
27152;1164;11;0;99
27153;1570;4;0;52
27154;1633;9;0;130
27155;1370;11;0;62
27156;1620;9;0;107
27157;1165;2;4;47
27158;1450;2;4;45
27159;1579;11;4;81
27160;1419;10;4;44
27161;1488;11;4;71
27162;1083;5;0;18
27163;1351;9;0;45
27164;1507;5;0;60
27165;1335;5;0;44
27166;1496;5;0;64
27167;855;21;4;1
27168;1337;24;0;19
27169;1608;25;0;126
27170;1185;21;0;23
27171;1555;25;0;105
27172;107;0;0;0
27173;176;17;0;0
27174;286;19;0;0
27175;398;26;6;1
27176;721;34;0;0
27177;170;16;0;0
27178;320;17;0;0
27179;376;19;6;0
27180;679;36;0;4
27181;840;58;0;0
27182;105;0;0;0
27183;193;6;0;0
27184;329;14;0;0
27185;406;25;4;0
27186;605;18;0;9
27187;265;15;0;0
27188;361;26;2;0
27189;526;25;0;0
27190;649;25;0;34
27191;82;0;0;0
27192;127;10;0;0
27193;191;20;2;9
27194;303;33;8;16
27195;472;46;6;54
27196;128;10;0;0
27197;192;17;2;8
27198;279;32;8;18
27199;459;27;6;42
27200;75;0;0;0
27201;258;34;0;0
27202;318;43;6;8
27203;563;40;0;0
27204;684;44;0;28
27205;185;35;0;0
27206;314;38;2;0
27207;498;39;0;0
27208;614;47;0;31
27209;80;0;0;0
27210;216;6;0;0
27211;355;6;2;28
27212;411;5;2;32
27213;560;66;0;51
27214;261;6;0;0
27215;354;5;2;28
27216;402;6;2;31
27217;486;46;0;20
27218;136;0;0;0
27219;239;10;0;15
27220;395;7;2;4
27221;571;12;2;37
27222;887;14;0;69
27223;240;10;0;15
27224;402;11;0;4
27225;571;12;2;37
27226;892;11;0;71
27227;152;0;0;0
27228;303;2;0;18
27229;402;9;0;26
27230;576;10;8;22
27231;1001;14;2;16
27232;302;2;0;0
27233;411;8;0;48
27234;660;14;2;0
27235;1005;15;0;0
27236;234;0;0;0
27237;301;46;5;0
27238;481;36;2;11
27239;705;29;7;23
27240;814;44;8;20
27241;317;32;2;0
27242;477;43;0;0
27243;658;24;2;23
27244;724;142;11;8
27245;141;0;0;0
27246;345;23;0;0
27247;507;30;9;46
27248;752;39;9;101
27249;932;67;9;34
27250;334;25;0;0
27251;499;31;9;38
27252;752;38;9;0
27253;901;79;9;1
27254;116;0;0;0
27255;171;2;0;0
27256;270;7;0;0
27257;417;15;0;0
27258;445;51;0;8
27259;213;2;0;0
27260;297;37;0;0
27261;396;57;0;0
27262;372;92;0;0
27263;126;0;0;0
27264;269;24;0;0
27265;401;17;6;5
27266;670;18;6;16
27267;834;19;2;36
27268;248;23;0;0
27269;392;16;2;16
27270;709;18;2;0
27271;832;29;2;84
27272;82;0;0;0
27273;140;18;0;4
27274;243;10;2;2
27275;336;18;2;0
27276;549;11;2;26
27277;134;17;0;0
27278;211;24;0;0
27279;352;21;0;7
27280;539;25;2;11
27281;111;0;0;0
27282;199;17;0;25
27283;332;56;0;3
27284;582;69;6;17
27285;886;94;0;11
27286;945;32;0;5
27287;197;17;0;23
27288;364;24;0;0
27289;747;46;0;12
27290;941;62;0;25
27291;126;0;0;0
27292;207;14;0;0
27293;277;26;0;30
27294;446;23;2;64
27295;545;24;0;25
27296;206;12;0;0
27297;262;30;0;0
27298;441;19;2;0
27299;522;21;2;13
27300;86;0;0;0
27301;145;9;0;0
27302;205;45;0;0
27303;267;62;4;33
27304;534;157;0;5
27305;129;4;0;0
27306;201;46;0;0
27307;250;66;4;33
27308;494;146;0;6
27309;502;6;1;0
27310;213;1;0;0
27311;429;9;1;0
27312;327;1;2;1
27313;607;9;1;0
27314;388;3;1;0
27315;249;5;2;1
27316;241;0;1;0
27317;352;17;1;0
27318;228;21;1;1
27319;131;26;1;0
27320;352;11;0;0
27321;493;27;3;0
27322;428;7;0;0
27323;290;0;1;1
27324;203;4;0;0
27325;436;1;3;0
27326;528;8;0;0
27327;280;4;2;1
27328;221;0;1;0
27329;347;27;1;0
27330;202;8;1;1
27331;201;4;0;0
27332;648;6;0;0
27333;596;2;0;0
27334;402;2;1;1
27335;374;9;0;0
27336;583;41;0;0
27337;380;18;0;0
27338;248;17;2;1
27339;178;18;0;0
27340;352;46;1;0
27341;380;18;1;0
27342;238;1;1;1
27343;185;1;0;0
27344;726;19;0;0
27345;621;8;1;0
27346;384;1;0;1
27347;294;0;0;0
27348;445;6;0;0
27349;306;0;0;1
27350;214;12;2;0
27351;565;29;0;8
27352;457;12;0;0
27353;237;9;1;0
27354;334;7;1;1
27355;548;5;0;0
27356;516;42;1;0
27357;402;2;0;0
27358;306;2;1;1
27359;274;4;1;0
27360;314;69;0;0
27361;361;18;0;0
27362;264;14;3;1
27363;213;7;2;0
27364;334;9;3;0
27365;177;2;2;1
27366;128;1;0;0
27367;613;8;0;0
27368;410;5;1;0
27369;242;3;0;1
27370;169;1;0;0
27371;420;11;2;0
27372;323;5;3;0
27373;219;8;3;1
27374;160;8;0;0
27375;447;4;1;181
27376;270;1;2;1
27377;152;20;1;0
27378;350;35;0;0
27379;397;58;0;0
27380;168;37;1;0
27381;359;35;1;0
27382;280;44;2;1
27383;481;0;0;0
27384;341;2;2;1
27385;290;0;1;0
27386;471;1;1;0
27387;325;2;3;1
27388;258;2;1;0
27389;634;1;2;0
27390;393;5;0;0
27391;292;0;3;1
27392;207;4;0;0
27393;647;5;0;0
27394;150;21;1;0
27395;214;18;1;1
27396;253;52;6;0
27397;581;16;1;0
27398;468;12;0;0
27399;318;4;1;1
27400;236;2;1;0
27401;539;0;1;0
27402;379;2;2;1
27403;754;54;0;98
27404;236;36;1;0
27405;526;16;1;0
27406;399;7;2;0
27407;298;7;2;1
27408;249;5;0;0
27409;549;1;3;0
27410;319;3;0;1
27411;320;0;2;0
27412;634;3;1;0
27413;266;8;2;1
27414;164;2;1;0
27415;376;7;1;0
27416;343;7;0;0
27417;257;141;1;0
27418;189;1;1;1
27419;167;1;0;0
27420;281;58;2;0
27421;206;3;1;1
27422;152;8;0;0
27423;293;33;0;40
27424;90;1;0;0
27425;148;2;0;1
27426;496;7;0;27
27427;406;2;0;0
27428;292;1;2;1
27429;236;0;3;0
27430;785;16;1;0
27431;493;5;3;0
27432;285;2;3;1
27433;241;6;1;0
27434;407;10;0;31
27435;290;4;3;1
27436;232;7;1;0
27437;495;4;1;0
27438;709;9;1;9
27439;387;42;2;0
27440;200;17;3;0
27441;223;16;0;1
27442;428;28;0;0
27443;358;24;2;0
27444;307;3;2;1
27445;233;4;1;0
27446;316;9;2;0
27447;238;2;2;1
27448;179;2;1;0
27449;312;29;0;37
27450;605;11;1;0
27451;400;34;0;0
27452;310;6;3;1
27453;292;2;1;0
27454;444;32;0;11
27455;377;21;1;0
27456;237;7;0;1
27457;216;10;3;0
27458;639;32;0;0
27459;441;1;2;0
27460;296;0;3;1
27461;209;4;1;0
27462;537;17;0;0
27463;504;31;2;0
27464;368;0;2;1
27465;258;6;1;0
27466;645;6;1;0
27467;513;4;1;0
27468;265;21;3;1
27469;233;0;0;0
27470;706;42;2;0
27471;418;7;1;0
27472;324;1;2;0
27473;242;5;2;1
27474;160;6;0;0
27475;466;30;2;0
27476;407;6;0;0
27477;253;5;1;1
27478;161;2;0;0
27479;334;33;1;0
27480;289;1;0;1
27481;240;0;1;0
27482;401;56;1;0
27483;289;12;1;1
27484;177;30;1;0
27485;677;18;0;10
27486;354;24;3;0
27487;245;2;3;1
27488;529;0;0;66
27489;215;7;3;0
27490;613;27;0;0
27491;757;41;1;0
27492;465;41;1;1
27493;245;47;0;0
27494;355;9;0;0
27495;251;3;0;1
27496;82;14;1;0
27497;463;7;0;0
27498;387;43;3;0
27499;206;15;1;0
27500;288;27;1;1
27501;401;18;0;0
27502;648;23;1;0
27503;230;46;4;1
27504;220;4;0;0
27505;729;15;2;0
27506;467;4;1;0
27507;159;45;3;1
27508;110;35;0;0
27509;435;8;0;0
27510;554;12;1;0
27511;266;37;1;1
27512;170;2;0;0
27513;606;10;0;75
27514;567;15;0;0
27515;351;1;2;1
27516;350;0;2;0
27517;560;0;0;0
27518;402;15;2;0
27519;271;3;2;1
27520;231;0;0;0
27521;440;10;1;0
27522;292;2;3;1
27523;231;0;0;0
27524;481;32;2;0
27525;413;6;0;0
27526;271;3;3;1
27527;202;0;0;0
27528;380;54;0;0
27529;553;25;0;0
27530;258;12;1;1
27531;118;21;0;0
27532;489;25;3;0
27533;343;6;1;0
27534;203;4;2;1
27535;141;4;0;0
27536;388;16;2;0
27537;270;0;2;1
27538;189;1;1;0
27539;486;20;0;0
27540;475;6;0;0
27541;344;2;1;0
27542;245;5;2;1
27543;190;0;0;0
27544;350;10;1;0
27545;239;1;2;1
27546;161;3;0;0
27547;376;20;2;0
27548;153;4;0;0
27549;243;1;0;1
27550;274;0;0;0
27551;520;73;0;0
27552;177;2;2;0
27553;345;33;0;1
27554;479;31;0;0
27555;526;2;1;0
27556;460;1;1;0
27557;352;1;2;1
27558;282;0;0;0
27559;380;30;1;0
27560;462;18;0;49
27561;314;7;0;1
27562;298;0;1;0
27563;345;5;1;0
27564;216;2;3;0
27565;273;0;0;1
27566;555;46;3;0
27567;405;4;1;0
27568;230;7;3;1
27569;224;7;1;0
27570;382;8;0;0
27571;263;0;2;1
27572;198;1;1;0
27573;429;28;0;0
27574;428;15;2;0
27575;263;12;1;1
27576;227;2;0;0
27577;646;19;0;0
27578;465;17;1;0
27579;335;1;2;1
27580;290;0;1;0
27581;338;34;3;0
27582;172;24;1;0
27583;237;25;2;1
27584;504;45;0;0
27585;477;6;2;0
27586;335;16;3;1
27587;154;15;0;0
27588;363;109;2;0
27589;298;15;2;1
27590;231;10;1;0
27591;186;74;1;0
27592;182;11;3;1
27593;158;4;0;0
27594;294;31;1;0
27595;291;40;2;0
27596;238;0;0;1
27597;169;0;0;0
27598;523;8;1;0
27599;423;9;0;0
27600;284;3;1;1
27601;243;2;1;0
27602;484;25;1;0
27603;281;20;3;0
27604;195;17;1;1
27605;193;14;0;0
27606;389;1;0;0
27607;219;2;2;1
27608;182;1;0;0
27609;462;9;0;0
27610;486;17;2;0
27611;335;3;2;1
27612;243;4;1;0
27613;606;20;0;10
27614;191;144;1;0
27615;279;30;1;0
27616;218;9;0;1
27617;58;4;1;0
27618;389;10;0;0
27619;240;9;1;1
27620;201;9;2;0
27621;448;25;0;0
27622;626;16;0;0
27623;257;24;1;1
27624;256;10;1;0
27625;694;35;2;0
27626;583;3;0;0
27627;468;2;0;1
27628;360;0;0;0
27629;111;25;0;0
27630;305;49;1;0
27631;474;24;1;0
27632;248;10;1;1
27633;395;12;0;0
27634;250;20;1;1
27635;173;33;0;0
27636;502;3;3;0
27637;389;1;1;1
27638;263;4;2;0
27639;535;52;0;0
27640;381;28;1;0
27641;534;14;1;0
27642;241;13;2;1
27643;165;9;0;0
27644;891;2;2;0
27645;477;28;0;0
27646;491;65;0;0
27647;265;5;2;1
27648;265;3;0;0
27649;367;7;1;0
27650;242;7;1;1
27651;175;5;2;0
27652;570;35;0;0
27653;303;64;1;0
27654;290;4;3;0
27655;191;2;0;1
27656;45;39;0;0
27657;479;21;1;0
27658;386;18;2;0
27659;275;6;3;1
27660;78;7;0;0
27661;322;70;2;0
27662;280;1;3;1
27663;232;0;1;0
27664;468;8;1;0
27665;601;7;0;0
27666;273;25;2;1
27667;133;21;2;0
27668;678;4;0;0
27669;513;0;0;0
27670;339;3;1;1
27671;239;7;0;0
27672;506;17;0;0
27673;336;4;4;0
27674;218;5;0;1
27675;178;1;0;0
27676;520;7;2;0
27677;299;1;1;1
27678;249;0;0;0
27679;473;33;1;0
27680;325;10;2;0
27681;291;6;3;1
27682;198;0;1;0
27683;464;4;0;0
27684;504;30;4;0
27685;278;0;2;1
27686;206;5;0;0
27687;349;34;0;0
27688;219;13;1;1
27689;130;5;0;0
27690;390;5;1;0
27691;524;1;0;0
27692;255;0;1;1
27693;116;29;0;0
27694;484;15;2;0
27695;244;2;0;1
27696;200;4;1;0
27697;328;32;1;0
27698;372;8;2;0
27699;287;2;1;1
27700;225;2;0;0
27701;460;15;0;0
27702;363;10;2;0
27703;236;5;5;1
27704;188;4;0;0
27705;738;19;1;0
27706;268;13;1;0
27707;183;2;1;1
27708;113;2;0;0
27709;599;31;1;0
27710;453;15;1;0
27711;249;13;1;0
27712;331;6;3;1
27713;676;5;2;0
27714;549;16;0;0
27715;396;5;0;1
27716;313;4;0;0
27717;512;2;2;0
27718;417;3;0;0
27719;162;63;0;1
27720;152;19;0;0
27721;422;5;0;0
27722;307;3;2;0
27723;223;1;0;1
27724;160;5;1;0
27725;268;40;2;0
27726;113;6;0;0
27727;183;18;2;1
27728;500;3;1;0
27729;362;4;0;0
27730;214;7;1;1
27731;170;13;0;0
27732;453;48;3;0
27733;376;18;1;0
27734;242;23;3;1
27735;181;16;0;0
27736;429;1;4;0
27737;261;10;2;1
27738;242;4;0;0
27739;416;72;0;0
27740;416;3;0;0
27741;139;52;2;1
27742;191;2;1;0
27743;564;34;0;0
27744;780;34;1;127
27745;327;36;1;0
27746;454;16;2;0
27747;217;15;1;1
27748;218;8;0;0
27749;437;33;0;0
27750;402;1;0;0
27751;290;0;4;1
27752;275;0;1;0
27753;555;54;1;0
27754;542;2;1;0
27755;303;1;2;1
27756;231;0;1;0
27757;381;11;2;0
27758;294;12;3;0
27759;192;6;1;1
27760;183;6;0;0
27761;526;11;0;0
27762;437;12;0;0
27763;312;5;3;1
27764;313;0;1;0
27765;548;8;0;0
27766;371;38;0;0
27767;142;32;0;0
27768;267;38;1;1
27769;509;9;0;0
27770;400;7;1;0
27771;303;1;1;1
27772;194;0;0;0
27773;354;7;4;0
27774;274;5;2;1
27775;220;3;1;0
27776;401;44;0;9
27777;518;1;0;0
27778;394;1;0;0
27779;271;0;2;1
27780;209;0;1;0
27781;602;14;0;0
27782;446;9;0;0
27783;298;9;1;1
27784;242;5;3;0
27785;362;48;2;0
27786;244;1;1;1
27787;228;1;1;0
27788;309;45;0;0
27789;568;24;0;0
27790;444;2;1;0
27791;328;1;3;1
27792;208;3;0;0
27793;302;5;3;0
27794;221;5;1;1
27795;162;6;0;0
27796;109;5;0;0
27797;202;27;1;0
27798;136;23;2;1
27799;204;39;0;0
27800;486;29;0;0
27801;332;10;1;1
27802;217;1;0;0
27803;593;85;0;0
27804;425;17;1;0
27805;221;8;1;0
27806;326;67;0;0
27807;307;3;0;1
27808;462;8;1;0
27809;520;3;1;0
27810;309;4;2;1
27811;205;13;0;0
27812;595;17;3;0
27813;89;2;0;0
27814;138;1;1;1
27815;363;2;0;0
27816;517;5;0;0
27817;414;1;3;0
27818;258;0;2;1
27819;258;0;0;0
27820;401;40;0;0
27821;341;7;1;0
27822;231;12;1;1
27823;228;9;0;0
27824;476;16;2;0
27825;637;28;1;0
27826;153;18;1;0
27827;359;12;0;1
27828;455;60;1;0
27829;380;11;2;0
27830;250;6;1;1
27831;187;1;0;0
27832;536;46;1;0
27833;424;41;3;0
27834;201;25;1;0
27835;287;29;2;1
27836;831;0;1;0
27837;573;19;0;0
27838;414;1;0;0
27839;278;1;2;1
27840;195;6;0;0
27841;449;2;1;0
27842;294;11;4;1
27843;199;5;1;0
27844;430;5;1;0
27845;280;1;1;1
27846;193;2;0;0
27847;493;29;2;0
27848;560;17;0;0
27849;167;15;2;0
27850;189;7;1;1
27851;322;27;1;0
27852;484;35;2;0
27853;456;0;0;0
27854;294;1;1;1
27855;291;0;0;0
27856;421;0;2;0
27857;262;7;2;1
27858;222;0;0;0
27859;309;35;2;0
27860;417;35;1;0
27861;258;11;1;1
27862;171;12;0;0
27863;559;88;0;0
27864;166;5;0;0
27865;412;8;0;0
27866;276;2;2;1
27867;764;7;0;0
27868;602;0;1;0
27869;512;0;2;1
27870;434;2;0;0
27871;130;39;1;0
27872;506;43;3;0
27873;435;18;1;0
27874;250;18;2;1
27875;593;1;0;0
27876;364;1;2;0
27877;272;3;2;1
27878;138;12;0;0
27879;553;20;1;0
27880;461;11;1;0
27881;210;27;2;1
27882;230;0;0;0
27883;301;14;4;0
27884;119;21;0;0
27885;217;3;1;1
27886;437;16;0;0
27887;583;5;3;0
27888;350;58;0;0
27889;305;25;1;1
27890;155;32;3;0
27891;414;9;0;0
27892;290;6;2;1
27893;159;2;0;0
27894;559;30;3;0
27895;466;5;3;0
27896;316;5;1;1
27897;194;25;0;0
27898;611;75;0;0
27899;479;19;0;0
27900;231;1;3;0
27901;299;6;1;1
27902;110;3;0;0
27903;186;3;1;1
27904;389;2;0;0
27905;448;22;0;0
27906;689;35;0;0
27907;557;31;1;0
27908;197;3;1;0
27909;440;15;1;1
27910;569;34;2;0
27911;464;15;3;0
27912;333;9;2;1
27913;263;0;0;0
27914;555;0;1;0
27915;320;2;1;1
27916;300;0;1;0
27917;633;5;2;0
27918;357;6;0;1
27919;308;6;1;0
27920;559;16;1;0
27921;675;2;1;0
27922;501;1;0;0
27923;353;1;0;1
27924;160;10;0;0
27925;378;8;2;0
27926;255;11;3;1
27927;150;8;2;0
27928;493;4;0;0
27929;464;10;0;7
27930;285;2;1;1
27931;188;6;1;0
27932;404;3;0;0
27933;350;1;0;0
27934;287;1;2;1
27935;246;0;1;0
27936;365;18;0;0
27937;521;1;2;0
27938;279;6;3;1
27939;185;0;0;0
27940;607;2;1;0
27941;417;5;3;0
27942;188;27;0;1
27943;160;13;0;0
27944;373;0;0;0
27945;273;3;1;0
27946;192;2;2;1
27947;102;8;0;0
27948;486;38;0;0
27949;730;22;0;0
27950;363;4;5;1
27951;227;0;0;0
27952;716;28;1;164
27953;387;5;0;0
27954;225;2;0;1
27955;137;20;0;0
27956;407;3;1;0
27957;363;1;3;0
27958;259;6;2;1
27959;124;8;0;0
27960;1000;0;0;131
27961;504;14;1;6
27962;366;1;2;0
27963;236;1;0;1
27964;103;7;0;0
27965;606;1;1;0
27966;466;0;0;0
27967;296;3;3;1
27968;178;15;0;0
27969;477;4;2;0
27970;312;1;1;1
27971;158;9;1;0
27972;527;7;0;0
27973;678;10;0;0
27974;468;0;2;0
27975;307;9;2;1
27976;133;0;0;0
27977;429;8;1;0
27978;416;5;0;0
27979;264;1;2;1
27980;242;0;0;0
27981;449;1;0;0
27982;311;8;3;0
27983;236;6;2;1
27984;113;19;1;0
27985;269;1;1;0
27986;166;4;1;0
27987;113;6;0;1
27988;57;2;0;0
27989;549;4;1;2
27990;489;44;1;0
27991;258;13;0;1
27992;166;3;0;0
27993;421;3;2;0
27994;135;5;3;1
27995;72;10;0;0
27996;367;16;1;0
27997;409;37;0;0
27998;191;13;1;1
27999;84;22;0;0
28000;465;29;2;0
28001;422;3;1;0
28002;234;14;0;1
28003;101;26;0;0
28004;623;21;0;0
28005;487;0;2;0
28006;276;1;1;1
28007;207;10;0;0
28008;354;28;0;140
28009;272;1;3;1
28010;157;3;0;0
28011;459;12;0;0
28012;333;7;4;1
28013;194;10;0;0
28014;580;30;2;46
28015;530;3;2;0
28016;298;7;0;1
28017;165;15;0;0
28018;485;15;1;0
28019;250;7;0;1
28020;174;16;2;0
28021;563;0;0;0
28022;313;43;4;0
28023;477;11;1;0
28024;268;15;3;1
28025;156;7;0;0
28026;404;6;2;0
28027;252;4;2;1
28028;166;3;0;0
28029;401;24;0;0
28030;416;4;1;0
28031;215;1;1;1
28032;149;6;0;0
28033;457;15;4;0
28034;601;7;1;5
28035;257;1;2;1
28036;170;1;0;0
28037;696;15;3;0
28038;448;5;0;0
28039;329;8;3;1
28040;179;12;0;0
28041;430;46;1;0
28042;343;8;3;1
28043;433;21;0;0
28044;200;7;0;0
28045;434;27;0;0
28046;364;4;0;0
28047;186;3;0;0
28048;254;2;0;1
28049;467;1;2;0
28050;606;1;2;0
28051;313;0;0;1
28052;272;1;1;0
28053;478;0;0;0
28054;304;10;2;1
28055;311;0;1;0
28056;589;0;0;0
28057;578;12;1;4
28058;414;3;2;0
28059;304;13;1;1
28060;215;4;1;0
28061;612;2;0;0
28062;472;2;0;0
28063;316;2;1;1
28064;222;3;0;0
28065;643;6;0;0
28066;477;3;0;0
28067;268;2;1;1
28068;162;2;0;0
28069;634;25;1;0
28070;424;3;0;0
28071;238;1;2;1
28072;148;6;0;0
28073;348;26;1;0
28074;211;17;2;1
28075;93;36;0;0
28076;352;27;1;0
28077;292;1;1;1
28078;179;3;0;0
28079;465;0;1;0
28080;319;1;2;1
28081;185;4;0;0
28082;630;0;0;0
28083;629;13;1;0
28084;434;4;0;0
28085;273;4;2;1
28086;167;8;0;0
28087;389;16;3;0
28088;259;12;0;1
28089;185;2;0;0
28090;426;19;1;0
28091;306;5;4;1
28092;214;2;0;0
28093;488;2;0;0
28094;343;5;0;0
28095;250;6;2;1
28096;171;5;0;0
28097;380;25;0;0
28098;284;4;0;1
28099;181;9;0;0
28100;672;5;2;0
28101;555;0;1;0
28102;331;5;2;1
28103;85;32;1;0
28104;389;11;1;0
28105;247;5;1;1
28106;72;5;0;0
28107;372;5;2;0
28108;590;4;0;0
28109;176;4;2;1
28110;43;0;0;0
28111;592;2;0;0
28112;395;1;0;0
28113;262;1;2;1
28114;157;1;0;0
28115;425;5;0;0
28116;274;4;1;1
28117;161;3;0;0
28118;526;4;3;4
28119;376;6;1;0
28120;233;0;3;1
28121;145;1;0;0
28122;497;0;1;0
28123;315;2;2;1
28124;189;10;0;0
28125;469;1;0;0
28126;296;2;3;1
28127;145;25;0;0
28128;587;5;1;93
28129;456;4;2;0
28130;278;14;3;1
28131;213;14;0;0
28132;512;0;1;0
28133;431;2;1;0
28134;258;1;1;1
28135;180;0;0;0
28136;424;1;1;0
28137;368;4;0;0
28138;239;4;1;1
28139;171;2;0;0
28140;525;20;0;0
28141;346;0;1;1
28142;514;19;3;0
28143;228;1;0;0
28144;541;15;0;40
28145;416;12;0;0
28146;266;10;2;1
28147;188;19;0;0
28148;383;12;2;0
28149;297;4;2;0
28150;146;15;2;1
28151;114;9;0;0
28152;789;11;0;0
28153;496;5;0;0
28154;303;4;3;1
28155;239;2;0;0
28156;435;14;1;0
28157;285;2;1;1
28158;194;9;0;0
28159;428;6;1;0
28160;276;8;2;1
28161;153;7;0;0
28162;545;3;1;39
28163;411;1;0;0
28164;237;12;0;1
28165;127;17;0;0
28166;575;0;0;2
28167;412;2;0;73
28168;270;1;1;1
28169;223;0;0;0
28170;608;6;0;0
28171;376;1;3;0
28172;226;6;0;1
28173;149;15;0;0
28174;801;2;0;9
28175;464;5;1;0
28176;279;2;0;1
28177;160;5;1;0
28178;583;0;0;0
28179;560;1;0;0
28180;440;4;1;0
28181;251;3;1;1
28182;251;16;1;0
28183;277;33;2;0
28184;220;65;2;0
28185;135;21;1;1
28186;69;30;0;0
28187;543;10;2;0
28188;583;100;1;55
28189;347;2;3;1
28190;277;3;0;0
28191;448;12;3;0
28192;350;0;3;0
28193;219;6;1;1
28194;142;23;0;0
28195;449;0;1;0
28196;571;3;1;0
28197;276;0;1;1
28198;162;30;0;0
28199;667;8;1;44
28200;551;0;0;0
28201;270;18;0;1
28202;171;16;0;0
28203;504;4;0;0
28204;248;0;0;1
28205;146;4;0;0
28206;694;1;1;4
28207;486;5;3;0
28208;197;48;2;1
28209;143;13;0;0
28210;331;35;1;0
28211;320;21;1;0
28212;263;20;1;1
28213;142;25;0;0
28214;536;9;2;0
28215;444;2;2;0
28216;275;2;2;1
28217;145;1;0;0
28218;452;8;2;5
28219;260;3;2;1
28220;146;17;0;0
28221;552;1;0;0
28222;367;13;0;27
28223;237;6;0;1
28224;126;22;0;0
28225;391;18;0;0
28226;215;15;0;1
28227;141;14;0;0
28228;390;2;0;0
28229;219;0;3;1
28230;165;1;0;0
28231;876;0;0;103
28232;437;5;1;6
28233;321;5;4;0
28234;238;0;1;1
28235;132;8;0;0
28236;396;5;0;15
28237;345;4;1;0
28238;184;7;0;1
28239;104;14;0;0
28240;399;19;0;0
28241;199;8;1;1
28242;123;8;0;0
28243;442;0;2;52
28244;328;0;6;0
28245;195;2;0;1
28246;102;23;0;0
28247;556;0;0;47
28248;400;1;1;0
28249;272;1;4;1
28250;199;1;0;0
28251;571;15;2;0
28252;429;8;1;0
28253;251;3;1;1
28254;117;6;0;0
28255;614;4;0;0
28256;467;0;2;0
28257;312;3;1;1
28258;164;1;0;0
28259;304;11;3;0
28260;252;24;4;0
28261;191;20;2;1
28262;35;34;0;0
28263;642;8;0;0
28264;386;18;2;0
28265;237;9;1;1
28266;172;9;0;0
28267;550;5;0;0
28268;515;1;1;0
28269;326;1;2;1
28270;200;6;0;0
28271;517;1;1;0
28272;395;2;1;0
28273;309;1;2;1
28274;179;1;0;0
28275;412;6;0;0
28276;225;3;1;1
28277;114;16;0;0
28278;518;2;0;0
28279;648;1;3;0
28280;317;1;3;1
28281;182;1;0;0
28282;440;16;1;72
28283;271;2;1;1
28284;163;9;0;0
28285;676;16;1;4
28286;534;2;0;0
28287;307;1;1;1
28288;173;28;0;0
28289;501;16;2;2
28290;372;5;2;0
28291;239;6;2;1
28292;234;10;1;0
28293;501;6;1;26
28294;410;5;2;0
28295;220;5;1;1
28296;140;5;0;0
28297;527;2;1;0
28298;201;26;3;1
28299;169;17;1;0
28300;592;5;1;0
28301;396;3;2;0
28302;244;5;1;1
28303;169;12;0;0
28304;627;4;1;0
28305;440;5;0;0
28306;174;12;1;1
28307;99;26;0;0
28308;516;5;3;0
28309;419;13;2;0
28310;247;3;1;1
28311;97;22;0;0
28312;448;5;1;0
28313;345;0;1;0
28314;200;2;1;1
28315;92;23;0;0
28316;496;4;3;0
28317;622;6;1;0
28318;247;4;1;1
28319;150;3;0;0
28320;515;3;2;27
28321;251;1;1;1
28322;151;33;0;0
28323;531;0;1;0
28324;427;0;0;0
28325;277;4;1;1
28326;180;6;0;0
28327;361;7;2;0
28328;396;6;0;0
28329;199;2;0;1
28330;144;4;0;0
28331;455;29;1;0
28332;279;1;2;1
28333;214;0;0;0
28334;574;6;1;0
28335;345;6;2;0
28336;203;7;0;1
28337;142;6;0;0
28338;547;13;1;0
28339;431;4;0;0
28340;318;4;2;1
28341;182;16;0;0
28342;491;0;0;2
28343;394;1;0;0
28344;265;0;1;1
28345;147;26;0;0
28346;601;0;3;0
28347;450;0;1;0
28348;316;3;1;1
28349;157;3;0;0
28350;673;7;2;0
28351;475;7;1;0
28352;293;13;1;1
28353;206;18;0;0
28354;558;3;0;0
28355;395;1;2;0
28356;256;1;1;1
28357;166;9;0;0
28358;431;5;1;0
28359;318;4;2;1
28360;137;3;0;0
28361;575;12;1;0
28362;468;11;0;0
28363;245;8;1;1
28364;161;6;0;0
28365;413;8;1;0
28366;265;0;1;1
28367;188;2;0;0
28368;484;22;3;0
28369;590;16;1;0
28370;260;4;1;1
28371;206;10;0;0
28372;623;3;2;64
28373;492;1;1;0
28374;258;8;0;1
28375;72;60;0;0
28376;962;5;1;0
28377;467;4;2;0
28378;279;5;1;1
28379;203;3;0;0
28380;899;11;1;0
28381;568;1;0;0
28382;343;0;1;1
28383;208;21;0;0
28384;496;9;0;13
28385;351;6;0;0
28386;224;0;1;1
28387;177;6;0;0
28388;490;12;2;0
28389;426;9;2;0
28390;260;10;0;1
28391;137;19;0;0
28392;788;3;1;0
28393;286;2;0;1
28394;582;2;0;0
28395;186;0;0;0
28396;773;3;0;0
28397;557;2;1;0
28398;284;1;1;1
28399;201;13;0;0
28400;486;31;1;0
28401;443;0;2;0
28402;263;1;1;1
28403;162;8;0;0
28404;490;6;1;0
28405;272;6;0;1
28406;194;3;0;0
28407;425;14;3;13
28408;301;36;1;0
28409;220;32;2;1
28410;111;15;0;0
28411;405;9;1;0
28412;235;1;0;1
28413;143;5;0;0
28414;436;2;3;0
28415;518;11;0;10
28416;254;7;1;1
28417;148;6;0;0
28418;490;4;1;0
28419;368;1;1;0
28420;222;5;1;1
28421;165;1;0;0
28422;522;5;2;0
28423;374;4;0;0
28424;289;3;2;1
28425;147;26;0;0
28426;392;24;1;0
28427;280;7;1;1
28428;215;2;0;0
28429;272;67;1;0
28430;197;24;0;1
28431;200;0;0;0
28432;421;12;3;44
28433;242;5;1;1
28434;141;32;0;0
28435;493;16;1;33
28436;295;8;1;1
28437;224;9;0;0
28438;325;9;1;0
28439;208;8;0;1
28440;152;17;0;0
28441;586;22;3;0
28442;437;5;0;0
28443;263;11;2;1
28444;178;28;0;0
28445;295;5;5;0
28446;447;5;1;0
28447;182;6;0;1
28448;123;15;0;0
28449;691;0;1;0
28450;551;0;2;0
28451;365;2;1;1
28452;187;19;1;0
28453;543;5;1;0
28454;215;1;1;1
28455;227;0;0;0
28456;290;76;4;0
28457;227;32;2;1
28458;171;13;1;0
28459;475;15;0;0
28460;507;1;1;0
28461;295;4;2;1
28462;230;4;0;0
28463;455;17;1;0
28464;354;12;1;0
28465;221;13;1;1
28466;173;39;0;0
28467;578;8;0;19
28468;467;9;1;0
28469;331;2;2;5
28470;188;7;1;0
28471;583;0;0;0
28472;487;0;1;0
28473;272;1;2;1
28474;217;8;0;0
28475;492;6;2;0
28476;361;1;4;0
28477;270;1;1;1
28478;162;12;0;0
28479;569;6;0;0
28480;428;6;1;0
28481;287;6;5;1
28482;132;22;0;0
28483;677;0;1;0
28484;493;1;1;0
28485;260;8;0;1
28486;190;17;0;0
28487;431;1;1;0
28488;285;1;3;1
28489;170;2;0;0
28490;653;5;1;0
28491;410;3;1;0
28492;288;26;4;1
28493;210;5;0;0
28494;491;12;1;146
28495;416;11;2;0
28496;289;1;1;1
28497;175;5;0;0
28498;478;15;1;0
28499;388;26;0;0
28500;244;8;2;1
28501;241;17;0;0
28502;518;0;0;0
28503;371;3;0;0
28504;258;3;0;1
28505;179;4;1;0
28506;623;5;1;0
28507;333;4;2;1
28508;270;3;0;0
28509;327;71;3;0
28510;277;42;3;0
28511;230;39;2;1
28512;168;49;0;0
28513;497;9;2;0
28514;498;6;3;0
28515;283;13;2;1
28516;215;1;0;0
28517;482;10;0;0
28518;294;1;1;1
28519;227;0;2;0
28520;622;1;0;0
28521;516;9;0;0
28522;419;55;1;0
28523;247;50;5;1
28524;188;15;0;0
28525;490;4;0;0
28526;293;4;2;0
28527;223;4;1;1
28528;161;10;0;0
28529;424;5;3;0
28530;361;3;0;0
28531;190;1;1;1
28532;130;1;0;0
28533;577;2;0;0
28534;617;5;0;0
28535;733;12;0;0
28536;480;8;0;0
28537;591;6;0;0
28538;464;0;0;0
28539;582;2;0;0
28540;519;32;0;0
28541;525;6;0;0
28542;572;2;0;0
28543;480;12;1;0
28544;408;6;1;0
28545;256;2;0;1
28546;176;12;0;0
28547;433;2;1;0
28548;237;3;1;1
28549;165;1;0;0
28550;479;2;3;0
28551;373;2;2;0
28552;264;0;1;1
28553;133;8;0;0
28554;383;28;2;117
28555;212;22;2;1
28556;160;18;0;0
28557;498;3;1;0
28558;336;3;1;0
28559;249;2;2;1
28560;156;2;0;0
28561;620;9;2;0
28562;418;5;0;0
28563;236;15;2;1
28564;209;2;0;0
28565;600;4;0;0
28566;363;0;0;1
28567;263;0;3;1
28568;169;39;0;0
28569;603;4;2;0
28570;495;3;0;0
28571;335;3;1;1
28572;217;2;1;0
28573;380;16;1;2
28574;240;1;3;1
28575;173;10;0;0
28576;585;3;0;0
28577;495;2;1;0
28578;244;5;4;1
28579;153;31;0;0
28580;737;0;1;0
28581;712;3;0;0
28582;478;1;0;0
28583;282;2;0;1
28584;206;2;1;0
28585;416;6;1;0
28586;271;5;3;1
28587;194;12;0;0
28588;420;13;2;0
28589;382;2;1;0
28590;246;3;0;1
28591;200;6;0;0
28592;318;4;0;0
28593;249;2;0;0
28594;157;7;2;1
28595;130;8;1;0
28596;523;8;1;0
28597;454;2;0;0
28598;293;7;2;1
28599;206;12;0;0
28600;468;1;2;0
28601;286;11;2;1
28602;241;1;0;0
28603;546;44;3;0
28604;506;6;1;0
28605;290;0;2;1
28606;240;20;0;0
28607;456;15;1;0
28608;548;9;1;0
28609;258;2;1;1
28610;189;4;0;0
28611;447;1;0;0
28612;245;14;2;1
28613;154;21;0;0
28614;441;2;2;0
28615;621;1;1;0
28616;280;2;0;1
28617;179;35;0;0
28618;490;0;1;0
28619;580;3;2;0
28620;259;5;3;1
28621;135;37;0;0
28622;455;5;1;0
28623;377;3;1;0
28624;227;17;1;1
28625;196;39;0;0
28626;433;9;2;0
28627;307;6;1;1
28628;188;5;0;0
28629;362;2;0;0
28630;162;16;1;1
28631;91;22;0;0
28632;497;12;1;0
28633;364;5;2;0
28634;216;10;0;1
28635;148;19;0;0
28636;312;25;1;0
28637;110;32;1;1
28638;54;32;0;0
28639;599;10;2;0
28640;548;1;0;0
28641;247;56;5;1
28642;198;14;0;0
28643;480;1;0;0
28644;399;27;1;0
28645;245;5;1;1
28646;120;37;0;0
28647;389;30;1;51
28648;510;0;2;24
28649;293;1;1;1
28650;206;2;0;0
28651;134;58;3;0
28652;227;53;2;1
28653;726;11;0;0
28654;562;32;0;0
28655;471;6;1;0
28656;282;6;0;1
28657;167;21;0;0
28658;502;1;1;0
28659;301;2;1;1
28660;250;2;0;0
28661;404;2;0;0
28662;286;2;2;0
28663;168;17;3;1
28664;100;10;0;0
28665;470;21;2;127
28666;363;7;2;2
28667;242;1;1;1
28668;150;1;0;0
28669;471;4;1;0
28670;327;1;1;1
28671;196;13;1;0
28672;626;0;1;0
28673;440;0;0;0
28674;344;1;2;1
28675;287;4;1;0
28676;883;8;1;0
28677;289;43;2;0
28678;163;48;2;1
28679;127;7;0;0
28680;456;5;1;0
28681;262;5;0;1
28682;201;0;0;0
28683;411;36;0;1
28684;424;2;1;0
28685;246;2;2;1
28686;171;3;0;0
28687;530;18;1;0
28688;353;9;1;0
28689;233;10;1;1
28690;152;1;0;0
28691;502;5;3;0
28692;265;4;1;1
28693;188;4;1;0
28694;651;3;0;0
28695;503;0;2;0
28696;274;1;2;1
28697;167;17;0;0
28698;444;26;0;0
28699;373;5;0;0
28700;232;5;1;1
28701;146;2;0;0
28702;588;10;0;0
28703;441;2;2;0
28704;292;1;0;1
28705;227;1;0;0
28706;889;6;1;62
28707;412;13;1;0
28708;229;2;0;1
28709;165;2;0;0
28710;569;7;1;0
28711;475;27;1;0
28712;364;12;1;1
28713;250;6;0;0
28714;353;43;1;0
28715;240;0;2;1
28716;202;1;0;0
28717;445;57;1;0
28718;419;2;1;0
28719;217;2;0;1
28720;144;1;0;0
28721;498;6;1;0
28722;310;0;2;1
28723;190;6;0;0
28724;582;2;3;0
28725;438;2;0;0
28726;293;1;1;1
28727;114;7;0;0
28728;409;11;2;0
28729;406;3;0;0
28730;292;1;3;1
28731;179;3;0;0
28732;846;18;1;0
28733;459;33;0;97
28734;261;2;2;1
28735;246;1;0;0
28736;455;31;0;0
28737;402;4;0;0
28738;272;3;1;1
28739;161;3;0;0
28740;487;1;3;0
28741;534;4;3;48
28742;336;0;1;1
28743;233;0;0;0
28744;512;4;1;0
28745;343;4;2;0
28746;201;2;2;1
28747;199;0;0;0
28748;253;12;2;0
28749;342;10;0;12
28750;181;2;1;1
28751;73;20;0;0
28752;550;29;1;0
28753;415;32;1;0
28754;232;3;0;1
28755;117;25;0;0
28756;435;3;1;0
28757;257;2;1;1
28758;189;1;0;0
28759;384;8;0;0
28760;425;10;0;0
28761;246;18;0;3
28762;156;19;0;0
28763;337;8;2;0
28764;228;3;1;1
28765;168;5;0;0
28766;535;16;2;0
28767;336;11;1;0
28768;196;8;0;1
28769;133;6;1;0
28770;632;9;0;0
28771;519;5;2;0
28772;281;26;2;1
28773;195;6;0;0
28774;323;51;2;0
28775;362;5;1;0
28776;239;7;0;1
28777;151;19;1;0
28778;438;28;1;0
28779;294;11;2;0
28780;191;10;0;1
28781;115;10;0;0
28782;486;6;1;0
28783;253;2;1;1
28784;188;2;0;0
28785;551;3;2;0
28786;440;4;0;0
28787;247;2;2;1
28788;167;1;0;0
28789;419;9;0;0
28790;227;5;2;1
28791;95;27;0;0
28792;505;26;1;0
28793;308;16;1;0
28794;209;23;0;1
28795;176;1;1;0
28796;413;1;0;0
28797;219;36;3;1
28798;100;20;1;0
28799;564;1;3;0
28800;657;0;1;0
28801;322;4;2;1
28802;253;2;0;0
28803;682;69;0;0
28804;518;70;0;0
28805;325;37;2;1
28806;223;10;3;0
28807;371;26;1;0
28808;241;13;1;1
28809;143;31;1;0
28810;679;36;3;181
28811;466;14;3;96
28812;372;14;2;1
28813;244;7;2;0
28814;619;1;1;0
28815;413;0;0;1
28816;309;0;2;0
28817;404;4;0;0
28818;244;7;2;1
28819;140;7;2;0
28820;428;24;1;0
28821;411;24;0;0
28822;293;10;2;1
28823;200;8;0;0
28824;426;43;3;0
28825;316;43;2;1
28826;241;10;2;0
28828;301;22;2;0
28829;315;16;3;37
28830;202;16;0;1
28831;117;18;1;0
28833;511;3;1;0
28834;701;0;2;0
28835;308;1;1;1
28836;234;2;0;0
28837;345;3;1;0
28838;524;6;0;0
28839;282;5;2;1
28840;154;10;1;0
28841;273;29;3;0
28842;226;23;2;0
28843;149;19;1;1
28844;89;34;1;0
28845;488;1;2;0
28846;349;3;0;0
28847;244;2;2;1
28848;140;11;0;0
28849;498;52;4;135
28850;370;23;0;0
28851;190;30;2;1
28852;2;141;1;0
28853;536;32;2;16
28854;391;5;0;0
28855;196;14;1;1
28856;105;31;3;0
28857;448;0;0;0
28858;216;14;2;1
28859;152;18;1;0
28860;628;9;3;0
28861;492;1;3;0
28862;274;0;1;1
28863;216;18;2;0
28864;632;7;0;0
28865;578;9;0;0
28866;422;4;1;1
28867;296;22;3;0
28868;409;19;1;0
28869;241;1;0;1
28870;164;10;2;0
28871;527;12;1;11
28872;354;6;0;1
28873;185;5;0;0
28874;437;9;1;0
28875;331;15;0;0
28876;196;7;1;1
28877;111;2;0;0
28878;511;3;2;0
28879;460;2;1;0
28880;291;0;1;1
28881;201;10;2;0
28882;671;5;1;0
28883;499;0;1;0
28884;340;5;1;1
28885;271;10;2;0
28887;531;32;1;0
28888;332;31;2;1
28889;198;29;2;0
28890;487;47;3;0
28891;318;27;1;0
28892;293;2;1;1
28893;216;4;1;0
28894;399;18;3;4
28895;247;5;1;1
28896;171;12;2;1
28897;503;3;1;12
28898;539;3;1;12
28899;341;0;1;1
28900;246;1;1;0
28901;450;14;3;0
28902;359;14;2;0
28903;179;17;0;1
28904;128;19;0;0
28905;401;1;1;0
28906;472;1;1;0
28907;266;1;3;1
28908;131;10;0;0
28909;484;5;1;0
28910;505;5;1;0
28911;291;4;2;1
28912;175;19;0;0
28913;464;39;2;16
28914;375;37;0;0
28915;274;8;1;1
28916;187;21;0;0
28917;471;4;2;0
28918;546;6;0;0
28919;252;2;0;1
28920;174;10;1;0
28921;465;33;2;49
28922;584;27;3;44
28923;319;18;1;1
28924;206;19;3;0
28925;497;3;2;0
28926;341;1;1;1
28927;210;13;1;0
28928;538;14;1;0
28929;401;5;0;0
28930;210;17;2;1
28931;140;11;1;0
28933;320;9;1;0
28934;230;14;2;1
28935;169;16;1;0
28936;550;15;2;0
28937;606;14;1;0
28938;302;15;2;1
28939;189;10;0;0
28940;580;30;1;32
28941;671;31;1;16
28942;406;8;0;1
28943;315;11;3;0
28944;585;40;0;24
28945;422;20;0;0
28946;256;3;0;1
28947;114;1;0;0
28948;531;89;3;0
28949;816;24;1;5
28950;77;144;2;1
28951;156;21;1;0
28952;678;5;0;0
28953;437;5;1;0
28954;344;24;0;1
28955;253;12;2;0
28956;543;4;0;0
28957;534;0;0;0
28958;333;0;1;1
28959;208;1;1;0
28960;814;4;0;0
28961;661;5;0;0
28962;381;2;1;1
28963;202;27;1;0
28964;461;8;0;242
28965;490;10;1;0
28966;293;5;4;1
28967;198;4;0;0
28968;553;6;1;0
28969;362;3;2;1
28970;357;8;2;0
28971;261;55;0;185
28972;432;10;0;0
28973;292;5;2;1
28974;186;11;1;0
28975;385;19;2;0
28976;387;0;4;0
28977;242;0;1;1
28978;176;39;5;0
28979;586;54;3;0
28980;509;4;1;0
28981;321;5;3;1
28982;201;13;4;0
28983;468;2;0;0
28984;325;14;3;0
28985;261;7;3;0
28986;184;9;0;1
28987;139;16;1;0
28988;1000;1;0;0
28989;847;2;1;0
28990;482;19;1;0
28991;397;19;2;0
28992;226;7;0;1
28993;108;18;1;0
28994;631;15;1;0
28995;437;2;1;0
28996;313;0;3;1
28997;177;1;1;0
28998;557;21;0;0
28999;491;0;2;0
29000;309;3;3;1
29001;219;2;1;0
29002;860;6;3;358
29003;606;1;0;0
29004;489;3;1;1
29005;376;1;1;0
29006;478;14;1;58
29007;374;12;0;1
29008;329;27;0;0
29009;747;6;1;151
29010;430;3;1;0
29011;313;0;2;1
29012;71;14;1;0
29013;647;7;1;0
29014;527;46;2;29
29015;470;12;1;27
29016;312;4;4;1
29017;219;12;0;0
29018;688;0;1;0
29019;510;7;1;0
29020;336;21;0;1
29021;302;10;1;0
29022;723;9;1;0
29023;654;2;0;0
29024;412;2;0;0
29025;238;0;1;1
29026;181;14;2;0
29027;345;42;3;178
29028;316;34;0;104
29029;268;16;2;1
29030;195;7;1;0
29031;530;5;4;0
29032;400;5;1;0
29033;266;34;2;1
29034;146;45;1;0
29035;557;10;0;0
29036;452;12;1;0
29037;260;2;0;1
29038;193;2;2;0
29039;364;48;3;0
29040;253;16;0;1
29041;174;19;1;0
29042;474;10;0;0
29043;300;1;4;0
29044;158;17;0;1
29045;71;27;0;0
29046;338;2;0;0
29047;158;28;1;1
29048;135;35;1;0
29049;237;77;0;51
29050;504;0;1;164
29051;470;4;0;1
29052;421;4;0;0
29053;758;0;1;226
29054;336;75;0;0
29055;332;19;0;0
29056;214;5;3;1
29057;171;23;0;0
29058;377;5;1;0
29059;556;8;1;23
29060;251;3;4;1
29061;158;29;2;0
29062;444;12;4;0
29063;486;2;0;0
29064;591;3;0;0
29065;253;13;2;1
29066;154;10;0;0
29067;456;4;4;0
29068;224;5;0;1
29069;156;15;2;0
29070;342;13;2;0
29071;95;2;1;0
29072;180;2;0;1
29073;282;6;2;0
29074;385;64;3;11
29075;253;40;0;1
29076;685;56;2;0
29077;127;32;3;0
29078;332;12;2;0
29079;243;4;4;0
29080;159;20;1;1
29081;118;33;2;0
29082;287;54;2;0
29083;170;19;1;1
29084;95;23;1;0
29085;452;57;1;0
29086;314;35;3;1
29087;122;44;1;0
29088;702;45;1;0
29089;612;27;0;0
29090;596;10;3;0
29091;535;15;0;0
29092;354;4;2;1
29093;171;33;1;0
29094;553;0;1;52
29095;421;1;0;0
29096;244;1;0;1
29097;151;12;0;0
29098;401;14;0;0
29099;201;9;1;1
29100;146;12;0;0
29101;511;13;1;0
29102;306;19;2;1
29103;161;39;3;0
29104;721;6;2;141
29105;544;3;1;0
29106;444;6;0;0
29107;314;6;2;1
29108;281;3;1;0
29109;321;79;0;0
29110;253;1;1;1
29111;146;25;2;0
29112;350;38;1;96
29113;531;1;2;0
29114;401;10;2;0
29115;276;23;3;1
29116;167;25;2;0
29117;546;101;0;28
29118;540;4;3;0
29119;331;11;2;0
29120;136;37;3;1
29121;76;15;2;0
29122;338;15;4;5
29123;385;12;0;0
29124;196;1;1;0
29125;380;82;1;90
29126;500;72;1;158
29127;262;8;1;1
29128;183;8;0;0
29129;483;14;0;5
29130;381;3;3;0
29131;230;2;3;1
29132;133;26;1;0
29133;774;2;0;0
29134;404;12;2;0
29135;236;11;2;1
29136;128;17;2;0
29137;487;35;1;72
29138;359;25;1;1
29139;160;46;2;1
29140;1;120;1;0
29141;416;79;0;239
29142;379;63;0;8
29143;336;18;0;1
29144;207;27;0;0
29145;503;4;1;0
29146;369;9;1;0
29147;254;5;2;1
29148;158;7;0;0
29149;395;18;2;0
29150;263;17;2;1
29151;195;20;1;0
29152;395;17;0;577
29153;491;32;3;0
29154;359;37;3;0
29155;213;6;2;1
29156;115;31;0;0
29157;448;18;0;0
29158;260;0;1;1
29159;226;0;2;0
29160;375;32;0;124
29161;352;14;0;0
29162;196;12;1;1
29163;125;12;0;0
29164;403;8;2;0
29165;270;9;2;1
29166;209;4;2;0
29167;482;22;0;0
29168;501;23;3;0
29169;278;6;3;1
29170;150;18;0;0
29171;352;111;2;0
29172;346;0;0;0
29173;225;25;2;1
29174;149;18;2;0
29175;389;24;0;0
29176;305;24;3;1
29177;147;22;1;0
29178;484;32;1;0
29179;405;19;0;0
29180;231;6;1;1
29181;133;9;0;0
29182;368;20;0;0
29183;248;14;2;1
29184;178;27;3;0
29185;465;9;2;0
29186;493;9;2;71
29187;302;5;1;1
29188;196;11;2;0
29189;479;18;0;0
29190;353;11;1;0
29191;226;8;3;1
29192;162;15;1;0
29193;630;62;0;4
29194;613;8;0;0
29195;268;44;0;1
29196;193;28;2;0
29197;417;18;1;0
29198;254;13;1;1
29199;126;19;2;0
29200;407;132;1;0
29201;405;79;0;0
29202;417;51;3;47
29203;282;20;2;1
29204;146;34;0;0
29205;512;57;0;114
29206;506;10;1;2
29207;385;10;1;0
29208;225;13;1;1
29209;110;17;1;0
29210;443;0;0;0
29211;196;2;2;1
29212;117;0;0;0
29213;661;9;1;0
29214;527;2;1;0
29215;352;2;3;1
29216;283;9;3;0
29217;474;2;1;0
29218;229;14;1;1
29219;49;15;3;0
29220;664;27;2;0
29221;356;0;3;1
29222;172;6;1;0
29223;663;26;2;0
29224;210;106;0;134
29225;202;46;2;48
29226;173;2;2;1
29227;146;39;3;0
29228;513;36;0;0
29229;426;24;1;0
29230;250;14;1;1
29231;197;5;2;0
29232;384;1;2;0
29233;188;3;0;1
29234;127;1;0;0
29235;473;22;3;0
29236;352;25;1;0
29237;259;13;0;1
29238;178;13;1;0
29239;528;11;1;0
29240;376;1;1;0
29241;162;27;1;1
29242;96;32;2;0
29243;493;17;2;0
29244;626;6;1;0
29245;277;15;0;1
29246;171;49;1;0
29248;466;18;2;8
29249;135;9;1;12
29250;317;7;1;1
29251;531;32;0;16
29252;714;17;0;0
29253;753;15;0;0
29254;430;16;2;1
29255;332;27;3;0
29256;415;5;1;0
29257;168;28;1;1
29258;121;7;0;0
29259;325;173;1;424
29260;518;18;0;51
29261;336;3;3;1
29262;236;2;1;0
29263;877;1;1;0
29264;669;2;1;48
29265;440;1;1;0
29266;289;5;4;1
29267;191;8;2;0
29268;513;4;1;76
29269;497;22;1;76
29270;341;5;3;37
29271;222;6;1;14
29272;622;22;0;16
29273;458;4;1;0
29274;264;5;2;1
29275;222;6;0;0
29276;548;9;1;0
29277;319;10;2;1
29278;246;10;2;0
29279;363;23;3;0
29280;158;39;1;1
29281;127;22;1;0
29282;569;19;0;0
29283;283;16;1;1
29284;155;48;4;0
29285;407;2;2;0
29286;233;1;3;1
29287;156;3;1;0
29288;297;47;1;267
29289;248;3;2;3
29290;112;29;1;0
29291;389;5;0;0
29292;261;7;0;1
29293;124;2;0;0
29294;529;1;0;0
29295;377;24;2;0
29296;242;0;1;1
29297;186;4;0;0
29298;545;59;1;0
29299;392;38;0;0
29300;282;28;2;1
29301;203;63;3;0
29302;815;7;1;0
29303;439;44;3;212
29304;338;10;2;1
29305;205;19;2;0
29306;621;3;1;0
29307;302;7;1;1
29308;152;1;0;0
29309;426;36;0;45
29310;267;22;0;1
29311;134;24;1;0
29312;444;33;0;0
29313;311;43;6;1
29314;163;39;0;0
29315;660;41;1;49
29316;657;0;0;0
29317;454;4;4;72
29318;340;5;1;1
29319;239;6;0;0
29320;391;28;0;67
29321;318;27;3;32
29322;161;22;1;1
29323;135;28;0;0
29324;620;11;2;0
29325;512;10;1;0
29326;352;10;1;1
29327;239;13;1;0
29328;452;30;0;0
29329;567;30;1;0
29330;270;41;2;1
29331;173;33;0;0
29332;725;12;0;127
29333;608;12;0;0
29334;413;3;1;1
29335;267;4;2;0
29336;422;61;0;0
29337;501;63;1;0
29338;299;24;2;1
29339;198;18;2;0
29340;608;14;2;0
29341;533;3;1;0
29342;330;7;2;1
29343;268;4;2;0
29344;449;9;0;73
29345;332;5;2;0
29346;218;6;2;1
29347;133;21;2;0
29348;494;11;2;0
29349;341;10;2;1
29350;181;12;3;0
29351;439;32;0;192
29352;410;36;2;0
29353;290;8;2;0
29354;227;1;1;1
29355;132;6;1;0
29356;561;28;3;0
29357;446;5;2;1
29358;361;6;0;0
29359;499;10;0;0
29360;205;4;1;1
29361;96;7;1;0
29362;533;0;2;0
29363;242;10;0;1
29364;183;13;2;0
29365;448;1;2;0
29366;338;2;0;0
29367;288;1;3;1
29368;155;2;0;0
29369;450;0;0;0
29370;373;1;1;0
29371;464;11;0;0
29372;275;5;1;1
29373;156;3;1;0
29374;409;39;1;101
29375;256;10;1;1
29376;179;8;0;0
29377;548;10;0;1
29378;373;44;1;0
29379;192;43;2;1
29380;153;21;3;0
29381;578;17;2;0
29382;421;4;0;1
29383;291;0;1;0
29384;477;16;1;0
29385;285;25;2;1
29386;216;8;1;0
29387;375;19;2;0
29388;248;18;2;1
29389;191;10;3;0
29390;678;44;1;497
29391;680;1;2;0
29392;592;8;3;0
29393;366;13;1;1
29394;174;42;1;0
29395;371;32;3;12
29396;207;12;1;1
29397;122;12;0;0
29398;551;1;2;0
29399;457;5;2;0
29400;366;6;4;1
29401;290;2;3;0
29402;400;37;2;22
29403;416;105;2;0
29404;518;110;2;0
29405;382;38;2;1
29406;252;34;2;0
29407;431;1;2;0
29408;518;1;0;0
29409;276;0;1;1
29410;209;3;2;0
29411;454;2;0;0
29412;235;11;1;1
29413;533;1;0;0
29414;183;21;0;0
29415;576;52;1;373
29416;477;9;2;4
29417;346;19;2;5
29418;198;21;4;1
29419;388;17;1;2
29420;277;10;3;2
29421;171;29;1;0
29422;412;28;1;20
29423;613;8;2;0
29424;504;3;1;0
29425;316;9;3;1
29426;175;12;0;0
29427;489;0;3;1
29428;426;0;1;1
29429;314;4;1;11
29430;170;3;1;0
29431;508;10;1;0
29432;429;12;2;0
29433;252;14;4;1
29434;198;14;1;0
29435;256;44;0;0
29436;454;32;0;0
29437;331;36;3;0
29438;293;30;3;1
29439;174;13;2;0
29440;468;12;1;0
29441;377;6;0;0
29442;235;15;0;1
29443;130;20;1;0
29444;442;2;0;0
29445;522;1;2;0
29446;311;1;2;1
29447;239;26;1;0
29448;420;4;1;0
29449;531;23;1;21
29450;283;3;1;1
29451;199;34;1;0
29452;333;8;2;0
29453;201;1;0;1
29454;89;20;0;0
29455;490;58;1;0
29456;257;52;2;0
29457;208;56;2;0
29458;144;14;0;1
29459;111;14;1;0
29460;293;34;0;0
29461;629;0;2;0
29462;224;26;0;1
29463;170;20;1;0
29464;951;12;1;0
29465;196;53;1;20
29466;125;32;0;11
29467;87;32;0;0
29468;237;63;0;12
29469;504;63;0;0
29470;418;67;1;8
29471;250;76;0;1
29472;191;33;1;0
29473;611;2;0;0
29474;438;1;0;0
29475;307;6;1;1
29476;220;13;3;0
29477;530;5;3;0
29478;353;16;1;1
29479;232;21;1;0
29480;793;16;1;2
29481;462;36;2;0
29482;395;26;2;0
29483;255;13;1;1
29484;169;30;2;0
29485;560;8;0;0
29486;575;30;2;50
29487;329;43;1;29
29488;237;34;3;11
29489;120;44;2;0
29490;678;15;1;0
29491;601;2;1;0
29492;430;6;0;1
29493;341;7;1;0
29494;307;27;0;129
29495;141;10;2;1
29496;67;6;1;0
29497;413;37;1;104
29498;660;5;1;0
29499;299;3;2;1
29500;170;8;2;0
29501;916;1;1;68
29502;716;19;1;82
29503;487;13;0;0
29504;346;10;1;1
29505;224;3;1;0
29506;502;18;2;0
29507;405;8;1;1
29508;295;48;3;0
29509;629;3;0;0
29510;449;23;2;0
29511;322;7;1;0
29512;221;12;2;1
29513;144;19;0;0
29514;510;41;1;7
29515;423;41;0;10
29516;259;11;1;1
29517;194;14;2;0
29518;485;10;0;66
29519;317;7;3;0
29520;212;7;1;1
29521;110;18;1;0
29522;444;4;0;0
29523;396;4;1;0
29524;234;12;0;1
29525;107;6;0;0
29526;412;4;0;0
29527;262;5;2;1
29528;171;10;0;0
29529;637;14;1;0
29530;418;13;1;1
29531;280;4;1;0
29532;615;20;0;0
29533;393;26;3;1
29534;199;34;1;0
29535;378;10;0;0
29536;273;18;1;1
29537;188;1;1;0
29538;467;12;1;0
29539;516;10;0;0
29540;296;9;3;1
29541;175;12;1;0
29542;692;10;0;0
29543;475;3;2;12
29544;617;3;0;0
29545;263;27;1;1
29546;143;6;2;0
29547;540;3;0;0
29548;400;5;0;0
29549;181;6;2;1
29550;178;4;2;0
29551;443;51;2;9
29552;374;26;1;63
29553;188;19;0;1
29554;119;34;0;0
29555;297;42;0;0
29556;231;18;2;0
29557;296;14;3;1
29558;223;69;1;0
29559;259;70;1;0
29560;169;4;1;1
29561;82;5;0;0
29562;757;14;2;16
29563;573;9;2;15
29564;390;2;1;1
29565;236;4;0;0
29566;453;43;0;0
29567;359;44;4;4
29568;295;44;4;4
29569;160;8;0;0
29570;248;19;2;1
29571;589;16;0;0
29572;458;7;1;0
29573;298;6;1;1
29574;195;6;0;0
29575;419;42;1;22
29576;276;45;2;0
29577;169;38;1;1
29578;125;23;1;0
29579;369;3;5;0
29580;227;3;0;1
29581;154;11;0;0
29582;446;8;3;0
29583;463;7;2;0
29584;324;4;2;1
29585;188;4;2;0
29586;375;2;1;0
29587;216;3;1;1
29588;160;8;0;0
29589;602;11;1;0
29590;495;3;1;0
29591;299;0;1;1
29592;237;0;1;0
29593;517;25;2;4
29594;300;2;0;1
29595;226;5;1;0
29596;325;33;1;0
29597;141;13;1;1
29598;118;8;1;0
29599;427;32;0;0
29600;185;32;2;9
29601;97;53;2;0
29602;738;9;0;4
29603;591;1;1;47
29604;441;8;1;48
29605;417;3;1;0
29606;635;2;1;65
29607;395;19;2;0
29608;232;1;1;1
29609;171;2;0;0
29610;579;0;3;0
29611;481;3;0;1
29612;367;0;0;0
29613;757;5;1;0
29614;451;13;0;17
29615;299;6;1;1
29616;174;1;2;0
29617;491;13;1;66
29618;490;23;0;187
29619;344;11;3;1
29620;221;12;1;0
29621;309;91;3;0
29622;200;9;1;5
29623;146;16;1;0
29624;393;59;0;40
29625;539;1;1;0
29626;413;2;1;0
29627;255;10;2;1
29628;165;9;0;0
29629;708;0;0;0
29630;306;1;2;0
29631;192;3;1;1
29632;126;1;0;0
29633;1197;25;1;0
29634;462;2;1;0
29635;314;5;1;1
29636;178;24;0;0
29637;658;2;1;47
29638;522;1;1;0
29639;385;3;1;0
29640;260;5;1;1
29641;169;1;0;0
29642;557;4;2;0
29643;467;8;0;0
29644;295;0;0;1
29645;181;17;0;0
29646;372;32;1;0
29647;204;28;0;1
29648;41;35;1;0
29649;511;58;1;0
29650;80;41;0;0
29651;197;51;0;1
29652;470;37;1;0
29653;606;26;0;0
29654;422;12;1;1
29655;265;11;1;0
29656;218;18;1;0
29657;102;32;1;1
29658;60;25;1;0
29659;533;42;3;0
29660;741;46;1;42
29661;268;24;1;1
29662;243;2;0;0
29663;330;39;1;28
29664;166;36;2;12
29665;132;36;0;1
29666;58;29;2;0
29667;439;15;3;8
29668;278;7;2;1
29669;172;8;0;0
29670;390;21;1;0
29671;265;0;1;1
29672;149;17;2;0
29673;2279;44;1;28
29674;536;11;0;98
29675;464;8;4;4
29676;332;4;3;1
29677;206;15;1;0
29678;529;12;0;0
29679;381;11;0;0
29680;415;8;2;6
29681;277;11;3;1
29682;165;14;1;0
29683;468;1;2;2
29684;280;6;2;1
29685;211;0;0;0
29686;400;3;0;0
29687;449;5;1;0
29688;308;4;1;1
29689;202;23;4;0
29690;785;2;0;0
29691;402;50;4;0
29692;399;3;3;0
29693;239;20;1;1
29694;118;43;1;0
29695;438;39;0;0
29696;302;8;2;1
29697;170;10;1;0
29698;473;3;1;0
29699;415;30;0;0
29700;221;9;1;1
29701;184;15;1;0
29702;443;35;2;0
29703;399;31;0;0
29704;247;8;0;1
29705;146;14;3;0
29706;357;24;1;0
29707;431;3;2;0
29708;270;3;0;1
29709;145;8;0;0
29710;620;4;0;0
29711;485;6;1;0
29712;310;2;0;1
29713;252;8;3;0
29714;559;16;2;0
29715;279;13;0;1
29716;234;21;1;0
29717;472;3;4;0
29718;318;11;1;1
29719;182;10;1;0
29720;465;5;1;2
29721;576;3;0;56
29722;330;3;1;1
29723;231;7;3;0
29724;427;14;2;12
29725;260;0;0;60
29726;167;3;0;38
29727;409;43;4;0
29728;351;44;4;0
29729;199;34;1;1
29730;187;36;5;0
29731;620;28;1;0
29732;511;0;2;0
29733;351;2;1;1
29734;250;2;3;0
29735;355;19;6;0
29736;492;1;0;0
29737;239;1;0;1
29738;160;1;1;0
29739;537;4;0;46
29740;435;1;3;46
29741;244;15;3;1
29742;166;17;2;113
29743;437;18;0;5
29744;312;5;1;1
29745;213;7;0;0
29746;442;25;2;0
29747;547;19;2;54
29748;478;8;1;1
29749;304;11;2;0
29750;312;14;0;0
29751;405;37;3;0
29752;163;16;2;1
29753;91;27;0;0
29754;412;8;2;0
29755;258;21;1;1
29756;239;10;1;0
29757;429;12;2;0
29758;473;6;1;0
29759;318;1;3;1
29760;236;9;1;0
29761;545;2;0;0
29762;397;4;0;0
29763;293;1;2;1
29764;164;11;1;0
29765;408;4;1;0
29766;446;3;1;0
29767;279;2;1;1
29768;205;17;1;0
29769;509;15;0;0
29770;420;13;2;0
29771;273;10;1;1
29772;218;14;3;0
29773;409;5;0;0
29774;254;2;1;1
29775;166;14;2;0
29776;602;30;3;38
29777;471;24;0;0
29778;301;11;0;1
29779;195;38;1;0
29780;434;15;3;0
29781;177;7;2;1
29782;106;8;0;0
29783;414;25;1;0
29784;360;19;0;0
29785;275;4;1;1
29786;189;2;0;0
29787;359;38;1;0
29788;301;42;1;0
29789;183;36;1;1
29790;98;46;1;0
29791;464;17;0;0
29792;358;4;1;18
29793;188;23;1;19
29794;162;23;1;18
29795;443;7;1;0
29796;257;4;1;1
29797;187;2;0;0
29798;463;6;1;0
29799;275;4;2;1
29800;247;5;2;0
29801;520;5;2;0
29802;569;2;1;0
29803;363;1;1;1
29804;234;0;2;0
29805;401;11;2;0
29806;300;0;2;1
29807;210;5;0;0
29808;608;37;0;20
29809;416;12;1;4
29810;250;8;0;1
29811;188;6;0;0
29812;700;11;1;0
29813;644;4;0;0
29814;484;2;2;0
29815;298;21;0;1
29816;175;23;1;0
29817;313;23;2;67
29818;156;28;1;1
29819;127;26;0;0
29820;431;4;2;0
29821;521;3;1;0
29822;275;2;3;1
29823;230;3;3;0
29824;314;10;3;48
29825;117;32;2;1
29826;100;26;0;0
29827;324;9;0;48
29828;487;33;1;0
29829;253;39;2;1
29830;165;36;1;0
29831;527;24;0;0
29832;356;25;0;14
29833;507;24;1;80
29834;592;31;0;0
29835;668;38;1;0
29836;419;56;1;0
29837;694;10;1;0
29838;445;52;0;24
29839;584;4;0;0
29840;627;38;0;0
29841;591;15;0;22
29842;713;19;2;6
29843;569;22;27;0
29844;340;53;5;0
29845;394;38;0;0
29846;622;14;2;0
29847;228;34;2;0
29848;701;26;1;0
29849;507;30;15;16
29850;662;13;2;5
29851;428;9;1;0
29852;296;86;1;0
29853;486;43;1;0
29854;644;11;1;8
29855;635;53;2;0
29856;723;0;0;24
29857;470;1;1;0
29858;408;11;1;16
29859;600;1;2;0
29860;392;36;7;0
29861;672;32;1;16
29862;726;19;4;0
29863;291;46;1;0
29864;461;18;3;8
29865;658;10;0;0
29866;448;15;8;77
29867;549;14;10;51
29868;685;41;14;4
29869;391;75;6;10
29870;465;36;28;6
29871;473;61;10;152
29872;556;19;12;42
29873;990;65;18;4
29874;696;21;6;58
29875;520;15;8;23
29876;475;31;10;45
29877;490;136;2;16
29878;366;51;10;13
29879;1012;132;8;121
29880;695;75;2;0
29881;655;66;4;0
29882;625;160;8;20
29883;1091;8;15;4
29884;423;182;0;25
29885;795;40;0;0
29886;759;26;4;1
29887;754;45;8;47
29888;811;14;2;26
29889;598;35;0;32
29890;491;89;6;18
29891;631;27;4;10
29892;698;20;5;12
29893;502;58;8;0
29894;360;67;4;69
29895;678;53;6;28
29896;551;14;2;0
29897;544;38;4;0
29898;711;43;6;54
29899;822;36;15;47
29900;637;53;3;56
29901;492;54;4;12
29902;1619;146;26;51
29903;349;18;4;0
29904;580;28;0;0
29905;854;32;4;83
29906;375;98;10;16
29907;596;40;3;32
29908;439;51;10;48
29909;1953;37;10;50
29910;2041;39;1;50
29911;211;14;0;6
29912;607;27;5;10
29913;774;90;19;86
29914;520;54;10;46
29915;605;32;10;36
29916;768;80;13;0
29917;483;40;8;0
29918;946;10;10;138
29919;844;11;8;20
29920;690;30;1;18
29921;1265;85;6;83
29922;497;50;7;15
29923;799;11;4;31
29924;899;44;6;82
29925;472;62;5;23
29926;587;35;15;30
29927;453;101;18;63
29928;683;44;8;21
29929;524;45;10;47
29930;424;30;17;33
29931;648;61;2;12
29932;491;7;6;24
29933;433;81;8;43
29934;377;36;4;8
29935;523;13;5;2
29936;999;188;2;35
29937;401;86;12;24
29938;292;60;16;163
29939;719;39;11;20
29940;643;56;9;3
29941;624;2;2;16
29942;482;5;4;0
29943;274;10;8;1
29944;125;1;0;0
29945;64;0;0;0
29946;722;87;6;28
29947;761;79;8;29
29948;527;87;2;30
29949;234;30;1;6
29950;165;21;2;0
29951;359;25;4;7
29952;585;6;0;9
29953;714;16;4;4
29954;790;7;0;7
29955;625;14;12;17
29956;872;14;0;19
29957;809;42;4;58
29958;544;25;8;12
29959;1026;14;4;6
29960;596;64;8;4
29961;1086;40;3;0
29962;583;18;3;20
29963;755;17;5;33
29964;464;98;2;38
29965;879;50;9;8
29966;656;36;14;32
29967;876;70;2;4
29968;810;42;4;9
29969;584;35;5;36
29970;680;16;6;111
29971;548;25;2;38
29972;540;42;22;66
29973;587;39;50;86
29974;392;3;10;148
29975;1164;123;1;0
29976;802;21;2;8
29977;924;8;6;0
29978;598;59;9;0
29979;859;43;20;55
29980;727;45;8;15
29981;429;65;7;6
29982;711;36;4;55
29983;719;33;4;31
29984;570;18;6;64
29985;673;16;4;0
29986;929;18;15;2
29987;611;51;17;244
29988;555;78;6;182
29989;579;44;13;49
29990;509;65;10;0
29991;599;28;6;24
29992;500;78;8;64
29993;393;244;2;20
29994;661;27;12;45
29995;845;15;16;6
29996;430;58;8;8
29997;685;41;9;6
29998;444;59;6;29
29999;737;33;7;36
30000;556;117;0;29
30001;887;32;2;19
30002;544;79;20;56
30003;524;59;6;36
30004;657;27;28;99
30005;569;41;7;155
30006;692;45;2;32
30007;622;54;6;58
30008;715;117;11;64
30009;756;157;2;2
30010;731;156;0;2
30011;370;119;16;30
30012;687;28;6;67
30013;696;16;9;19
30014;515;150;5;6
30015;1073;48;6;24
30016;559;33;0;16
30017;702;94;17;34
30018;970;6;0;0
30019;579;63;7;81
30020;545;65;10;46
30021;388;81;6;96
30022;392;74;8;31
30023;614;47;14;47
30024;798;41;22;101
30025;676;57;6;71
30026;754;45;12;44
30027;494;78;10;33
30028;1003;32;6;64
30029;681;107;30;14
30030;1145;7;4;54
30031;614;67;7;116
30032;693;36;2;30
30033;1039;18;2;68
30034;658;49;4;0
30035;606;55;2;13
30036;813;53;8;14
30037;577;53;2;0
30038;225;129;6;47
30039;852;26;2;34
30040;575;58;6;34
30041;294;14;11;10
30042;618;42;21;84
30043;603;41;19;84
30044;460;103;26;64
30045;469;19;12;3
30046;554;86;13;156
30047;407;88;7;8
30048;420;71;13;24
30049;293;103;0;0
30050;931;43;4;15
30051;797;42;13;40
30052;811;43;12;40
30053;669;70;5;28
30054;1013;11;5;87
30055;396;59;17;104
30056;515;54;2;6
30057;796;41;0;68
30058;573;78;2;59
30059;488;48;12;23
30060;420;48;20;23
30061;528;76;4;14
30062;522;41;7;80
30063;518;57;17;65
30064;722;31;4;54
30065;775;56;14;45
30066;459;65;11;36
30067;491;103;12;51
30068;695;22;6;15
30069;710;24;4;16
30070;677;31;2;18
30071;680;32;2;18
30072;671;126;8;41
30073;669;128;6;25
30074;481;73;6;0
30075;540;47;13;51
30076;815;68;2;106
30077;585;45;50;76
30078;602;69;5;11
30079;1121;81;10;10
30080;1119;81;12;34
30081;475;23;8;23
30082;398;40;9;0
30083;576;90;2;0
30084;521;90;0;0
30085;1168;18;2;0
30086;710;14;2;5
30087;753;59;11;73
30088;600;73;12;44
30089;989;61;10;22
30090;652;27;8;45
30091;482;107;4;119
30092;767;88;6;14
30093;654;8;4;8
30094;579;37;6;64
30095;135;111;0;0
30096;748;35;2;80
30097;747;35;2;0
30098;425;239;4;35
30099;725;3;10;71
30100;696;5;8;9
30101;690;47;57;159
30102;751;19;6;37
30103;821;36;10;39
30104;943;62;4;6
30105;689;47;0;10
30106;1404;189;3;0
30107;395;48;11;48
30108;595;59;16;47
30109;666;38;9;0
30110;528;61;6;57
30111;840;61;12;50
30112;747;68;11;45
30113;8205;1;1;0
30114;630;65;4;4
30115;503;62;10;4
30116;303;133;29;69
30117;623;54;6;8
30118;425;47;8;0
30119;710;56;6;76
30120;825;49;7;20
30121;358;92;2;20
30122;56;5;3;0
30123;623;22;4;144
30124;697;55;14;71
30125;671;54;12;71
30126;780;23;10;0
30127;830;24;3;0
30128;407;75;12;61
30129;596;19;4;27
30130;1371;159;4;0
30131;741;44;0;91
30132;1412;48;6;52
30133;593;16;11;1
30134;917;10;0;51
30135;511;74;6;42
30136;691;19;2;36
30137;876;11;0;16
30138;432;47;4;0
30139;284;22;2;1
30140;190;46;5;0
30141;491;52;8;17
30142;658;62;11;39
30143;489;77;11;25
30144;2146;98;10;111
30145;532;74;18;53
30146;1015;17;1;39
30147;826;19;25;39
30148;1101;19;5;39
30149;434;36;6;1
30150;809;8;12;24
30151;824;6;16;43
30152;708;122;12;14
30153;556;112;0;2
30154;380;81;6;2
30155;254;45;6;0
30156;777;30;2;9
30157;306;94;2;25
30158;876;42;5;26
30159;645;24;9;4
30160;590;22;2;24
30161;1011;46;18;0
30162;747;53;19;0
30163;706;49;30;37
30164;749;52;4;38
30165;413;101;2;36
30166;288;56;12;6
30167;441;63;10;21
30168;594;11;6;28
30169;740;9;0;8
30170;873;121;4;0
30171;759;120;10;0
30172;894;19;4;30
30173;660;19;4;30
30174;535;58;2;0
30175;529;54;10;103
30176;515;58;12;13
30177;767;57;6;36
30178;727;54;14;36
30179;614;60;19;25
30180;663;78;6;0
30181;499;79;0;0
30182;328;49;6;1
30183;275;22;2;0
30184;134;13;6;0
30185;860;83;13;13
30186;694;70;23;11
30187;703;70;4;0
30188;425;42;17;47
30189;589;102;8;135
30190;387;108;18;87
30191;732;98;8;73
30192;328;113;4;19
30193;1885;11;0;0
30194;761;81;2;0
30195;643;82;2;0
30196;273;76;6;1
30197;452;89;23;82
30198;476;37;12;12
30199;779;20;2;8
30200;686;90;11;90
30201;731;69;4;46
30202;593;23;4;3
30203;485;46;11;51
30204;429;37;2;0
30205;507;67;12;34
30206;310;74;2;1
30207;1100;18;10;23
30208;938;21;4;64
30209;674;35;2;9
30210;575;35;2;15
30211;663;18;4;1
30212;1015;17;4;36
30213;555;38;8;34
30214;1258;49;13;0
30215;995;48;14;0
30216;572;68;10;48
30217;469;77;12;48
30218;1054;52;4;16
30219;350;12;14;42
30220;633;42;14;32
30221;558;50;16;20
30222;473;39;8;50
30223;603;67;21;55
30224;824;2;2;0
30225;778;23;22;60
30226;724;67;11;40
30227;42;476;530;125
30228;660;19;30;73
30229;546;18;18;25
30230;785;18;25;68
30231;389;81;9;18
30232;446;106;14;76
30233;708;19;26;16
30234;572;19;24;16
30235;908;8;4;14
30236;571;41;2;24
30237;440;79;10;18
30238;580;38;12;74
30239;417;15;12;3
30240;714;107;23;5
30241;340;135;8;71
30242;1660;50;2;16
30243;1113;13;2;32
30244;645;54;11;35
30245;798;69;4;0
30246;1852;37;6;25
30247;763;53;4;0
30248;654;86;2;11
30249;410;46;12;16
30250;289;64;20;16
30251;489;38;10;10
30252;308;79;3;29
30253;931;52;14;16
30254;578;77;32;16
30255;641;36;10;52
30256;564;149;2;10
30257;466;150;4;10
30258;533;66;20;58
30259;2515;51;12;21
30260;444;83;34;66
30261;614;86;9;43
30262;414;98;11;0
30263;1777;68;11;54
30264;839;6;0;0
30265;520;48;18;17
30266;631;58;6;14
30267;541;104;48;31
30268;676;26;12;62
30269;668;26;8;52
30270;967;26;12;0
30271;566;116;18;0
30272;576;36;10;13
30273;313;47;20;34
30274;603;77;14;78
30275;629;79;4;8
30276;112;2;8;0
30277;471;73;12;2
30278;504;48;8;10
30279;443;52;12;7
30280;793;26;8;14
30281;563;30;12;16
30282;610;54;25;0
30283;510;48;35;0
30284;748;69;11;0
30285;665;67;2;2
30286;598;41;12;0
30287;411;50;22;0
30288;868;17;24;40
30289;704;110;6;6
30290;485;107;16;6
30291;643;8;8;21
30292;2732;39;10;26
30293;2406;37;5;38
30294;787;30;6;0
30295;668;35;8;0
30296;696;48;12;9
30297;666;121;7;2
30298;384;125;16;4
30299;582;51;10;8
30300;440;55;16;12
30301;916;68;7;10
30302;509;67;15;24
30303;705;73;20;56
30304;463;80;3;19
30305;495;78;6;65
30306;772;32;4;14
30307;875;21;10;42
30308;779;18;13;46
30309;998;8;8;0
30310;714;30;6;0
30311;472;55;16;44
30312;417;53;14;4
30313;642;112;12;23
30314;476;75;19;23
30315;593;36;9;26
30316;436;20;17;8
30317;856;53;11;27
30318;855;39;9;0
30319;688;19;24;16
30320;767;19;12;3
30321;1024;41;6;81
30322;796;31;4;81
30323;608;34;16;73
30324;529;54;11;63
30325;747;47;12;11
30326;604;75;4;0
30327;258;115;0;0
30328;576;57;28;50
30329;4416;16;18;0
30330;520;74;10;30
30331;447;55;15;22
30332;748;32;12;2
30333;14085;467;76;0
30334;11492;538;74;0
30335;12981;493;78;1
30336;7617;653;49;17
30337;9109;590;59;22
30338;483;49;11;22
30339;528;82;17;9
30340;411;82;21;0
30341;743;60;14;66
30342;447;60;12;34
30343;300;78;12;34
30344;563;21;0;5
30345;765;41;20;9
30346;653;33;13;2
30347;923;39;29;0
30348;776;46;21;0
30349;431;57;28;36
30350;306;51;26;10
30351;387;84;14;40
30352;236;83;9;0
30353;509;66;13;18
30354;550;72;6;7
30355;349;76;12;6
30356;698;15;12;89
30357;1956;53;6;2
30358;1619;49;11;2
30359;1415;53;6;3
30360;757;29;4;5
30361;613;23;6;5
30362;168;2;2;0
30363;417;28;14;1
30364;1053;22;14;5
30365;599;159;28;47
30366;581;55;11;15
30367;688;15;6;33
30368;581;17;18;37
30369;2714;50;6;0
30370;2509;47;16;0
30371;551;16;26;77
30372;1264;91;11;0
30373;969;98;11;0
30374;725;67;5;16
30375;647;66;16;15
30376;1371;28;10;0
30377;1100;32;8;0
30378;763;27;8;0
30379;600;30;10;38
30380;531;33;6;2
30381;1;0;0;0
30382;663;35;5;46
30383;554;34;7;0
30384;802;72;51;88
30385;700;68;43;73
30386;912;71;8;15
30387;923;6;10;0
30388;802;8;8;0
30389;900;48;6;0
30390;495;60;11;35
30391;544;117;2;25
30392;619;26;0;6
30393;944;14;4;4
30394;918;15;4;4
30395;736;24;0;0
30396;761;33;34;22
30397;598;77;13;11
30398;548;77;4;11
30399;442;39;5;11
30400;436;38;5;5
30401;921;18;2;17
30402;655;16;10;4
30403;707;16;40;3
30404;867;36;9;17
30405;670;44;1;0
30406;770;73;2;37
30407;670;74;11;16
30408;631;49;2;0
30409;487;48;0;14
30410;886;16;0;0
30411;493;36;0;0
30412;248;32;0;0
30413;181;31;0;0
30414;109;0;0;0
30415;635;68;6;6
30416;742;57;0;6
30417;482;55;7;6
30418;551;30;23;4
30419;675;19;23;0
30420;611;9;4;36
30421;687;15;21;58
30422;557;19;11;19
30423;447;74;35;48
30424;668;86;21;4
30425;635;87;22;4
30426;768;3;0;54
30427;682;3;9;34
30428;3406;11;3;0
30429;526;28;0;0
30430;825;57;28;35
30431;651;57;28;1
30432;580;65;0;1
30433;587;79;9;40
30434;498;10;6;4
30435;924;29;0;31
30436;749;48;5;104
30437;589;39;0;29
30438;708;52;7;35
30439;584;56;7;12
30440;730;52;7;35
30441;894;11;0;0
30442;811;11;4;0
30443;677;101;12;0
30444;674;19;16;0
30445;644;34;0;20
30446;430;31;0;0
30447;534;74;6;27
30448;567;62;0;67
30449;465;64;4;12
30450;747;71;0;0
30451;781;17;0;0
30452;375;58;0;1
30453;751;17;0;0
30454;685;36;21;17
30455;638;95;3;44
30456;360;120;1;39
30457;75;0;0;0
30458;151;7;0;0
30459;287;77;0;16
30460;465;53;6;21
30461;56;1;0;8
30462;273;75;4;49
30463;182;48;2;52
30464;105;11;0;8
30465;469;45;8;15
30466;716;31;2;12
30467;451;39;19;12
30468;76;8;0;0
30469;135;37;0;0
30470;271;59;0;1
30471;703;117;8;46
30472;532;84;9;12
30473;316;68;4;13
30474;118;10;0;3
30475;240;41;0;1
30476;840;51;7;9
30477;90;0;0;5
30478;174;36;0;5
30479;384;45;0;11
30480;624;61;1;6
30481;641;47;3;0
30482;445;39;0;0
30483;102;6;0;0
30484;202;22;0;0
30485;310;54;0;0
30486;639;49;3;0
30487;586;15;12;52
30488;544;70;3;6
30489;367;72;3;2
30490;97;7;0;0
30491;138;30;1;0
30492;255;31;7;0
30493;766;20;0;40
30494;713;51;5;64
30495;488;44;9;36
30496;303;76;7;34
30497;195;69;0;24
30498;95;39;0;19
30499;731;50;5;58
30500;357;60;4;18
30501;502;64;5;48
30502;194;75;1;28
30503;94;64;0;21
30504;75;22;0;20
30505;688;16;8;47
30506;576;84;0;19
30507;60;2;0;0
30508;129;10;0;0
30509;191;70;0;0
30510;407;42;2;5
30511;630;51;15;15
30512;663;58;3;5
30513;227;32;0;0
30514;576;70;6;3
30515;72;5;0;0
30516;382;34;0;0
30517;601;69;1;20
30518;451;32;9;3
30519;95;0;0;0
30520;166;12;0;0
30521;421;29;9;3
30522;692;40;23;33
30523;770;25;23;26
30524;360;42;0;0
30525;155;64;0;0
30526;75;0;0;0
30527;568;45;0;14
30528;124;6;0;0
30529;919;31;1;3
30530;403;76;2;28
30531;261;72;1;23
30532;159;57;1;11
30533;121;30;0;0
30534;87;6;0;0
30535;410;76;2;28
30536;498;30;0;3
30537;352;47;1;1
30538;94;0;0;0
30539;97;42;0;0
30540;193;53;0;0
30541;862;26;0;41
30542;617;28;0;43
30543;294;34;0;37
30544;162;33;0;0
30545;73;4;0;0
30546;503;42;2;5
30547;264;51;0;3
30548;616;35;0;6
30549;113;53;0;0
30550;81;0;0;0
30551;576;81;2;22
30552;109;1;0;0
30553;352;19;0;17
30554;472;58;5;3
30555;227;21;0;0
30556;819;19;16;56
30557;587;59;2;37
30558;758;72;0;37
30559;478;51;2;42
30560;259;44;0;26
30561;121;26;0;26
30562;595;69;0;26
30563;66;0;0;0
30564;155;9;0;1
30565;323;13;1;1
30566;436;38;1;3
30567;550;15;44;109
30568;771;11;8;105
30569;672;11;13;102
30570;112;8;0;0
30571;183;18;0;4
30572;344;11;1;37
30573;302;40;1;56
30574;65;0;0;0
30575;121;14;0;0
30576;219;43;0;5
30577;426;62;3;37
30578;1147;43;11;90
30579;860;60;11;98
30580;520;34;2;105
30581;57;0;0;0
30582;201;14;0;7
30583;618;38;40;55
30584;53;19;0;24
30585;134;32;0;0
30586;225;51;3;26
30587;352;61;24;34
30588;286;97;0;13
30589;46;1;0;0
30590;77;6;0;0
30591;173;37;0;0
30592;181;77;0;3
30593;714;94;2;84
30594;546;83;7;51
30595;392;79;11;10
30596;273;62;1;10
30597;168;18;0;1
30598;877;53;2;25
30599;112;7;0;0
30600;236;8;0;0
30601;654;48;19;7
30602;393;23;8;0
30603;616;50;0;9
30604;502;45;5;2
30605;110;11;0;0
30606;363;53;3;11
30607;249;55;4;0
30608;463;74;4;12
30609;370;33;21;0
30610;55;0;0;0
30611;280;41;1;0
30612;185;0;0;0
30613;675;51;14;13
30614;145;5;0;0
30615;241;11;0;0
30616;471;49;5;5
30617;362;25;0;0
30618;545;22;4;10
30619;61;2;0;0
30620;121;3;1;0
30621;268;1;1;0
30622;440;17;3;0
30623;866;35;22;14
30624;602;61;57;16
30625;379;66;59;16
30626;125;15;0;7
30627;252;16;1;7
30628;513;50;41;1
30629;391;54;15;0
30630;60;4;0;0
30631;166;11;0;0
30632;342;27;14;0
30633;513;50;41;1
30634;440;66;5;9
30635;338;69;4;12
30636;76;8;0;6
30637;127;15;0;2
30638;213;43;0;2
30639;639;126;2;3
30640;512;117;16;1
30641;85;3;0;0
30642;240;15;2;0
30643;438;9;4;1
30644;411;105;6;15
30645;112;0;0;0
30646;143;7;0;0
30647;375;92;4;16
30648;247;79;4;14
30649;427;78;15;20
30650;309;54;29;5
30651;59;2;0;0
30652;178;11;0;0
30653;197;74;12;3
30654;507;43;9;15
30655;424;43;11;15
30656;106;4;0;1
30657;243;5;0;3
30658;266;66;4;15
30659;490;93;10;20
30660;357;101;14;14
30661;306;40;0;5
30662;44;1;0;0
30663;146;9;1;0
30664;803;36;10;10
30665;576;34;17;1
30666;68;1;0;0
30667;141;21;0;0
30668;343;18;4;0
30669;480;56;10;39
30670;390;44;12;10
30671;53;1;0;1
30672;166;19;0;0
30673;243;47;1;0
30674;729;110;30;37
30675;481;59;29;18
30676;69;3;0;6
30677;152;39;0;7
30678;333;50;3;11
30679;437;104;6;0
30680;59;5;0;0
30681;137;19;0;0
30682;276;41;0;0
30683;324;73;0;0
30684;858;108;8;22
30685;176;9;0;6
30686;297;63;0;0
30687;446;87;0;4
30688;689;67;7;5
30689;863;31;24;6
30690;901;31;20;6
30691;97;2;0;0
30692;187;6;0;0
30693;546;66;11;4
30694;394;19;4;0
30695;683;74;7;21
30696;509;86;13;13
30697;72;2;0;0
30698;162;26;0;0
30699;336;93;11;11
30700;498;55;9;15
30701;509;56;7;15
30702;392;58;10;20
30703;498;55;9;37
30704;64;2;0;2
30705;119;8;1;4
30706;321;23;0;10
30707;557;54;6;11
30708;232;48;0;3
30709;361;57;7;5
30710;64;3;0;0
30711;107;19;0;0
30712;557;54;6;19
30713;491;79;2;7
30714;48;6;0;0
30715;154;9;0;0
30716;234;51;1;0
30717;325;91;2;0
30718;552;101;0;10
30719;359;83;3;5
30720;62;6;0;0
30721;189;7;0;0
30722;204;102;0;3
30723;656;78;3;15
30724;458;102;5;4
30725;325;77;3;0
30726;105;2;0;0
30727;247;6;0;0
30728;618;68;9;30
30729;449;69;12;2
30730;68;0;0;0
30731;123;14;0;0
30732;326;10;0;2
30733;553;118;39;52
30734;57;1;0;0
30735;416;85;30;4
30736;263;69;30;0
30737;175;48;18;0
30738;658;62;21;43
30739;56;14;2;0
30740;200;19;4;0
30741;270;51;6;9
30742;387;85;23;13
30743;454;48;19;8
30744;481;48;14;7
30745;46;5;0;0
30746;155;29;0;0
30747;385;35;6;2
30748;305;38;11;0
30749;550;131;13;7
30750;335;166;16;4
30751;87;6;0;0
30752;189;36;2;4
30753;258;128;11;13
30754;525;51;0;9
30755;365;65;6;0
30756;60;4;0;0
30757;122;10;0;0
30758;285;10;7;0
30759;190;9;0;0
30760;245;19;0;2
30761;299;27;0;1
30762;295;42;0;9
30763;477;46;0;0
30764;445;16;0;0
30765;292;29;2;1
30766;190;17;2;0
30767;40;12;0;0
30768;127;94;3;0
30769;63;67;3;1
30770;47;28;1;0
30771;30;4;1;0
30772;424;69;0;0
30773;401;41;0;0
30774;293;34;0;1
30775;136;21;2;0
30776;72;3;0;0
30777;526;44;0;0
30778;397;43;0;0
30779;197;32;0;1
30780;125;9;0;0
30781;43;9;0;0
30782;321;28;0;0
30783;240;38;0;1
30784;153;20;0;0
30785;46;13;0;0
30786;456;53;0;0
30787;281;85;0;5
30788;193;21;1;0
30789;69;20;0;0
30790;422;2;0;0
30791;305;2;0;1
30792;192;3;1;0
30793;41;16;0;0
30794;348;15;1;0
30795;212;4;0;1
30796;178;10;1;0
30797;36;7;3;0
30798;464;26;0;0
30799;312;49;0;1
30800;159;4;1;0
30801;52;10;0;0
30802;520;2;0;0
30803;290;36;0;1
30804;182;13;1;0
30805;61;1;0;0
30806;419;0;3;0
30807;476;21;4;1
30808;767;20;0;0
30809;266;6;0;1
30810;356;7;0;0
30811;204;3;0;0
30812;372;80;0;0
30813;257;1;0;0
30814;368;19;0;1
30815;579;19;0;16
30816;315;7;0;0
30817;720;6;0;0
30818;581;5;0;1
30819;428;49;0;96
30820;349;60;2;70
30821;183;67;0;48
30822;200;0;0;0
30823;433;0;0;1
30824;407;212;0;0
30825;193;75;1;1
30826;108;53;2;0
30827;358;50;0;0
30828;348;18;6;0
30829;326;36;4;0
30830;283;25;3;1
30831;187;33;4;0
30832;457;15;4;0
30833;285;10;18;1
30834;114;5;4;0
30835;457;16;2;0
30836;311;42;2;0
30837;156;13;1;1
30838;50;11;1;0
30839;91;17;1;0
30840;394;22;2;8
30841;253;10;5;10
30842;333;47;2;0
30843;48;12;0;0
30844;87;15;1;0
30845;223;24;0;1
30846;49;6;1;0
30847;66;21;0;0
30848;131;28;0;1
30849;206;24;0;0
30850;325;43;2;0
30851;380;47;0;0
30852;263;30;0;0
30853;177;41;0;1
30854;87;28;1;0
30855;49;13;0;0
30856;266;27;0;0
30857;451;26;0;0
30858;46;7;0;0
30859;71;29;0;0
30860;195;30;0;1
30861;538;15;0;0
30862;49;7;0;0
30863;222;17;0;1
30864;301;36;0;0
30865;108;13;1;0
30866;289;41;2;0
30867;176;23;1;1
30868;58;8;0;0
30869;90;26;0;0
30870;522;33;3;0
30871;438;53;0;0
30872;50;21;1;0
30873;152;30;0;1
30874;80;28;1;0
30875;292;31;3;0
30876;452;56;0;0
30877;263;46;5;0
30878;230;25;4;1
30879;46;12;2;0
30880;75;26;1;0
30881;542;32;0;0
30882;481;47;0;0
30883;42;14;0;0
30884;66;37;0;0
30885;170;42;0;1
30886;317;36;0;0
30887;266;19;2;1
30888;59;7;0;0
30889;94;20;0;0
30890;318;32;1;0
30891;41;19;2;0
30892;90;27;0;0
30893;165;33;0;1
30894;285;43;4;0
30895;406;54;0;12
30896;509;62;6;0
30897;334;51;12;0
30898;249;6;2;1
30899;167;0;2;0
30900;1052;8;1;208
30901;391;9;0;0
30902;452;29;8;41
30903;200;19;3;1
30904;257;35;7;12
30905;98;15;2;0
30906;352;21;2;61
30907;339;6;3;10
30908;266;8;6;2
30909;136;15;5;0
30910;254;29;4;47
30911;110;42;6;11
30912;97;33;4;1
30913;76;19;2;87
30914;325;18;4;9
30915;194;43;2;4
30916;183;18;3;7
30917;79;37;2;8
30918;318;12;2;6
30919;276;6;4;1
30920;197;13;5;2
30921;83;13;2;0
30922;358;17;2;9
30923;239;13;3;11
30924;190;23;2;3
30925;122;12;2;0
30926;372;5;3;62
30927;328;18;4;26
30928;261;9;4;3
30929;397;18;9;19
30930;252;23;3;9
30931;200;20;3;0
30932;87;17;3;0
30933;571;24;2;10
30934;202;17;12;29
30935;221;16;3;15
30936;115;31;4;0
30937;98;9;3;0
30938;254;20;12;2
30939;136;19;2;3
30940;59;21;5;0
30941;127;17;5;0
30942;61;25;3;0
30943;190;29;4;1
30944;212;47;7;30
30945;396;8;7;2
30946;349;15;7;8
30947;223;24;3;2
30948;115;37;3;1
30949;103;29;4;0
30950;439;48;5;0
30951;258;29;6;0
30952;185;42;4;1
30953;145;41;5;0
30954;387;21;2;0
30955;266;44;2;0
30956;208;24;2;1
30957;150;11;2;0
30958;91;8;3;0
30959;606;4;13;31
30960;372;6;5;49
30961;192;19;5;4
30962;191;15;4;5
30963;138;11;4;0
30964;285;14;7;33
30965;253;9;6;1
30966;228;14;3;4
30967;160;13;3;0
30968;350;4;4;13
30969;197;30;6;6
30970;175;7;3;1
30971;133;15;3;0
30972;127;38;4;14
30973;412;8;6;8
30974;253;16;6;4
30975;229;28;6;5
30976;95;35;3;0
30977;305;20;4;6
30978;192;28;6;1
30979;150;28;4;0
30980;64;5;3;0
30981;306;16;3;17
30982;160;19;2;1
30983;169;29;3;2
30984;95;22;3;0
30985;360;11;5;62
30986;67;29;3;0
30987;222;20;2;46
30988;176;31;17;7
30989;148;14;3;0
30990;313;25;3;19
30991;244;21;4;8
30992;197;12;2;1
30993;148;17;4;0
30994;282;11;12;5
30995;162;33;11;7
30996;167;9;3;0
30997;65;17;3;0
30998;403;18;2;11
30999;285;32;3;0
31000;165;35;3;1
31001;105;14;3;0
31002;300;2;5;0
31003;221;17;5;14
31004;109;23;2;1
31005;99;16;3;0
31006;409;7;3;2
31007;293;34;3;10
31008;197;29;2;1
31009;152;6;6;0
31010;101;6;4;0
31011;432;13;7;28
31012;234;47;3;39
31013;204;18;2;1
31014;73;41;5;12
31015;445;1;16;6
31016;274;45;4;14
31017;275;10;5;1
31018;160;18;4;0
31019;77;9;3;0
31020;415;7;2;26
31021;320;3;2;6
31022;196;20;2;1
31023;101;14;11;0
31024;252;52;5;16
31025;221;31;21;6
31026;203;13;4;1
31027;67;23;4;1
31028;163;13;3;21
31029;163;36;5;24
31030;247;18;2;1
31031;92;31;3;8
31032;395;26;4;30
31033;263;46;2;0
31034;220;7;2;1
31035;128;29;3;0
31036;376;19;19;9
31037;259;48;2;21
31038;188;36;3;1
31039;120;29;4;0
31040;468;1;3;0
31041;364;11;12;53
31042;258;6;4;1
31043;171;32;3;0
31044;85;23;2;0
31045;286;15;4;4
31046;228;39;2;3
31047;246;23;7;17
31048;141;41;6;0
31049;229;27;3;3
31050;152;36;3;2
31051;145;10;4;1
31052;63;30;5;0
31053;476;26;11;30
31054;343;32;3;10
31055;256;34;4;2
31056;169;18;3;1
31057;341;17;5;90
31058;239;27;5;11
31059;139;47;5;0
31060;304;12;2;30
31061;176;39;2;0
31062;156;18;3;1
31063;88;22;3;0
31064;264;15;6;4
31065;255;9;5;1
31066;113;31;3;0
31067;354;19;9;6
31068;221;34;2;5
31069;162;20;4;11
31070;134;16;4;0
31071;233;47;4;12
31072;212;20;5;1
31073;170;22;2;0
31074;220;6;4;0
31075;618;8;5;83
31076;295;11;7;7
31077;413;6;6;5
31078;421;7;4;44
31079;287;10;2;2
31080;229;6;3;1
31081;182;15;3;0
31082;64;20;4;0
31083;365;6;8;23
31084;149;34;2;1
31085;88;17;3;24
31086;281;8;5;0
31087;695;32;4;65
31088;287;2;6;4
31089;236;2;14;1
31090;346;49;3;0
31091;84;7;4;56
31092;424;19;7;8
31093;239;14;5;75
31094;209;17;5;11
31095;509;24;6;11
31096;133;17;4;0
31097;427;12;8;53
31098;272;3;7;10
31099;114;17;24;1
31100;88;43;3;0
31101;62;16;4;0
31102;280;42;9;40
31103;302;16;2;0
31104;153;24;6;9
31105;73;12;2;0
31106;357;19;2;0
31107;300;25;4;0
31108;237;28;4;1
31109;120;29;4;0
31110;730;9;4;80
31111;534;5;2;8
31112;349;46;4;1
31113;178;16;2;0
31114;552;16;6;0
31115;376;48;3;3
31116;324;4;3;1
31117;138;44;3;0
31118;527;22;14;46
31119;402;22;2;14
31120;195;39;2;1
31121;101;18;2;0
31122;557;18;2;13
31123;402;35;4;2
31124;256;29;2;1
31125;147;39;5;0
31126;260;4;5;18
31127;176;22;3;2
31128;550;10;3;22
31129;176;11;4;1
31130;68;13;3;0
31131;420;13;2;3
31132;225;12;3;7
31133;158;22;2;3
31134;117;11;4;0
31135;224;7;8;18
31136;158;45;6;0
31137;162;10;3;1
31138;112;7;3;2
31139;265;9;8;10
31140;50;13;2;0
31141;155;16;4;6
31142;93;23;3;0
31143;410;13;2;8
31144;338;25;2;9
31145;179;49;2;2
31146;95;16;2;0
31147;370;6;4;1
31148;305;12;2;26
31149;173;20;3;0
31150;90;20;3;0
31151;446;18;5;29
31152;376;17;3;21
31153;239;36;6;1
31154;193;3;4;0
31155;351;35;2;0
31156;243;35;5;1
31157;228;12;4;0
31158;180;15;4;2
31159;167;19;2;0
31160;107;17;4;1
31161;46;14;2;0
31162;57;17;4;0
31163;52;4;1;0
31164;104;5;1;0
31165;180;35;1;1
31166;294;15;0;0
31167;351;14;2;74
31168;60;1;0;0
31169;114;3;0;0
31170;206;25;1;1
31171;305;19;0;24
31172;314;26;3;31
31173;205;22;3;21
31174;92;48;5;1
31175;50;5;2;0
31176;121;6;2;0
31177;259;8;3;1
31178;349;4;0;8
31179;67;6;0;0
31180;107;16;2;0
31181;190;31;3;1
31182;272;33;0;10
31183;70;3;1;0
31184;128;7;1;0
31185;220;9;0;1
31186;309;17;0;0
31187;76;2;1;0
31188;170;10;2;0
31189;358;8;1;1
31190;480;6;0;8
31191;46;3;0;0
31192;116;4;1;0
31193;186;19;0;1
31194;264;15;0;0
31195;52;4;0;0
31196;148;13;1;0
31197;157;46;4;1
31198;261;43;0;0
31199;47;5;1;0
31200;131;11;1;0
31201;178;37;0;1
31202;233;36;2;0
31203;42;2;0;0
31204;161;2;0;0
31205;235;2;0;1
31206;373;17;0;0
31207;56;3;1;0
31208;112;4;1;0
31209;204;11;0;1
31210;285;6;0;0
31211;57;3;1;0
31212;160;8;1;0
31213;238;16;0;1
31214;343;7;0;0
31215;475;20;1;0
31216;205;15;2;0
31217;279;10;1;1
31218;101;8;0;0
31219;439;11;5;8
31220;252;31;5;0
31221;200;0;1;0
31222;68;2;0;0
31223;264;2;2;1
31224;400;2;2;0
31225;357;26;3;60
31226;280;19;10;15
31227;255;53;12;16
31228;192;28;5;47
31229;78;62;4;0
31230;422;3;0;7
31231;59;1;0;0
31232;229;0;0;0
31233;300;2;2;1
31234;318;15;6;8
31235;478;8;0;0
31236;223;4;0;0
31237;84;3;0;0
31238;317;19;0;1
31239;412;23;4;22
31240;436;5;3;9
31241;74;4;0;0
31242;231;5;1;0
31243;255;22;0;1
31244;365;40;8;79
31245;378;14;4;0
31246;163;33;5;0
31247;280;22;1;1
31248;68;7;0;0
31249;331;22;7;33
31250;211;2;2;0
31251;64;1;2;0
31252;309;24;2;1
31253;396;39;0;4
31254;373;5;5;48
31255;359;11;2;2
31256;186;21;2;0
31257;221;27;36;30
31258;484;7;1;0
31259;172;4;2;0
31260;48;0;1;0
31261;220;7;1;1
31262;311;32;6;0
31263;157;28;4;12
31264;373;9;0;0
31265;54;1;0;0
31266;151;5;0;0
31267;228;3;0;1
31268;421;7;1;0
31269;186;4;1;0
31270;296;4;4;1
31271;61;1;0;0
31272;212;1;1;0
31273;77;1;1;0
31274;308;4;3;1
31275;416;7;3;6
31276;375;3;0;0
31277;55;1;2;0
31278;200;3;1;0
31279;249;3;0;1
31280;451;0;0;3
31281;211;4;1;0
31282;331;6;3;1
31283;83;3;1;0
31284;322;14;4;1
31285;58;2;0;0
31286;207;2;1;0
31287;284;6;0;1
31288;467;9;0;31
31289;80;1;0;0
31290;247;0;0;0
31291;261;54;0;11
31292;438;6;7;0
31293;67;0;1;0
31294;238;6;4;0
31295;320;6;2;1
31296;456;5;5;1
31297;223;6;2;0
31298;79;1;1;0
31299;336;13;0;1
31300;162;2;2;0
31301;80;2;1;0
31302;256;19;0;1
31303;457;5;5;0
31304;415;6;1;0
31305;175;4;3;0
31306;277;15;0;1
31307;62;1;0;0
31308;389;4;1;0
31309;47;1;0;0
31310;147;7;0;0
31311;230;1;0;1
31312;437;6;4;4
31313;75;1;2;0
31314;203;3;1;0
31315;325;8;3;1
31316;416;10;0;2
31317;288;21;0;1
31318;77;1;0;0
31319;164;31;1;0
31320;431;14;2;0
31321;196;1;2;0
31322;308;3;2;1
31323;61;1;0;0
31324;170;6;1;0
31325;53;0;4;0
31326;223;31;2;1
31327;355;19;0;0
31328;194;5;1;0
31329;380;21;1;0
31330;57;0;0;0
31331;209;25;0;1
31332;438;4;0;0
31333;207;2;1;0
31334;336;4;0;1
31335;433;7;1;0
31336;63;1;0;0
31337;203;3;1;0
31338;268;10;2;1
31339;156;12;0;0
31340;53;2;0;0
31341;182;32;0;1
31342;355;14;1;7
31343;464;0;4;0
31344;181;1;1;0
31345;49;0;0;0
31346;282;0;0;1
31347;84;3;0;0
31348;200;6;4;0
31349;287;19;0;1
31350;380;25;0;0
31351;484;23;0;0
31352;57;0;0;0
31353;194;2;1;0
31354;266;0;0;1
31355;539;1;0;11
31356;192;3;2;0
31357;61;1;0;0
31358;276;5;1;1
31359;405;5;2;0
31360;146;5;0;0
31361;46;0;0;0
31362;206;3;0;1
31363;290;4;2;0
31364;356;9;0;8
31365;194;5;3;0
31366;254;14;3;1
31367;63;1;0;0
31368;339;6;1;1
31369;155;4;1;0
31370;232;4;0;2
31371;48;1;1;0
31372;192;1;1;0
31373;294;1;2;1
31374;70;0;0;0
31375;465;3;0;1
31376;373;3;3;0
31377;198;2;1;0
31378;67;0;1;0
31379;297;5;1;1
31380;320;2;0;1
31381;146;3;1;0
31382;54;0;2;0
31383;237;2;1;1
31384;447;10;1;1
31385;204;2;0;0
31386;66;1;0;0
31387;304;2;0;1
31388;537;4;0;0
31389;88;1;0;0
31390;270;2;0;0
31391;314;3;2;1
31392;328;4;2;2
31393;169;5;2;0
31394;224;12;0;1
31395;59;2;0;0
31396;475;17;0;0
31397;254;3;2;0
31398;76;0;1;0
31399;335;16;0;1
31400;450;4;2;0
31401;207;8;3;0
31402;72;0;0;0
31403;301;0;0;1
31404;399;1;0;0
31405;208;2;1;0
31406;285;4;0;1
31407;64;1;0;0
31408;187;25;2;0
31409;69;0;0;0
31410;299;13;0;5
31411;424;15;3;0
31412;275;17;5;0
31413;399;15;2;8
31414;348;10;2;1
31415;228;8;0;0
31416;129;6;0;0
31417;443;21;0;8
31418;321;44;0;1
31419;175;7;0;0
31420;119;19;0;0
31421;357;2;0;6
31422;257;9;0;1
31423;201;12;0;0
31424;84;4;0;0
31425;245;1;1;0
31426;401;0;3;1
31427;520;29;1;18
31428;431;12;0;3
31429;427;13;0;0
31430;289;5;1;1
31431;174;18;0;0
31432;352;10;0;0
31433;258;4;3;1
31434;204;5;0;0
31435;60;2;1;0
31436;447;15;0;0
31437;329;23;1;1
31438;249;10;3;0
31439;118;8;0;0
31440;405;28;0;0
31441;316;12;0;0
31442;227;7;2;1
31443;123;6;2;0
31444;59;4;0;0
31445;491;6;0;0
31446;301;3;2;0
31447;284;4;1;1
31448;187;3;0;0
31449;126;3;0;0
31450;425;7;2;0
31451;337;3;2;0
31452;243;3;0;1
31453;146;4;1;0
31454;66;1;0;0
31455;1323;27;0;2
31456;1313;97;6;0
31457;455;23;0;0
31458;386;34;0;1
31459;324;18;1;0
31460;158;14;0;0
31461;465;13;0;0
31462;348;6;1;1
31463;240;1;1;0
31464;127;2;0;0
31465;381;2;0;0
31466;278;6;1;0
31467;193;6;4;1
31468;128;4;2;0
31469;68;1;1;0
31470;105;5;3;0
31471;198;40;4;2
31472;324;38;4;15
31473;408;36;1;31
31474;491;25;0;0
31475;327;31;1;0
31476;213;36;2;1
31477;147;26;3;0
31478;80;18;0;0
31479;308;23;0;0
31480;228;8;0;0
31481;150;9;0;1
31482;67;17;3;0
31483;40;6;1;0
31484;457;5;0;0
31485;355;6;1;0
31486;209;29;1;1
31487;155;16;2;0
31488;70;10;0;0
31489;425;22;0;0
31490;316;32;2;0
31491;261;23;2;1
31492;200;14;3;0
31493;91;14;2;0
31494;540;3;0;0
31495;453;6;0;0
31496;297;8;3;1
31497;161;14;1;0
31498;85;5;4;0
31499;561;50;0;0
31500;411;44;0;0
31501;322;12;2;1
31502;150;38;2;0
31503;101;11;0;0
31504;578;53;1;100
31505;564;51;2;84
31506;411;44;0;87
31507;313;17;0;78
31508;412;17;2;0
31509;308;9;3;0
31510;210;14;0;1
31511;112;14;1;0
31512;55;13;0;0
31513;324;2;0;0
31514;258;9;3;0
31515;220;10;2;1
31516;130;9;1;0
31517;65;3;0;0
31518;377;31;0;0
31519;264;54;0;0
31520;185;28;2;1
31521;98;11;2;0
31522;67;6;0;0
31523;407;13;0;0
31524;350;4;3;0
31525;231;7;3;1
31526;136;7;3;0
31527;68;5;0;0
31528;358;24;0;0
31529;266;32;2;0
31530;194;26;1;1
31531;171;15;1;0
31532;76;6;1;0
31533;496;25;0;0
31534;421;17;1;0
31535;250;14;1;1
31536;180;17;3;0
31537;92;20;0;0
31538;553;23;0;0
31539;435;16;1;0
31540;260;24;0;1
31541;127;18;0;0
31542;75;1;0;0
31543;416;38;0;0
31544;345;11;2;0
31545;194;25;2;1
31546;120;6;3;0
31547;52;5;2;0
31548;452;36;0;0
31549;386;13;1;0
31550;265;10;4;1
31551;166;8;2;0
31552;86;12;0;0
31553;421;14;0;0
31554;310;6;1;0
31555;235;7;1;1
31556;128;15;1;0
31557;64;10;0;0
31558;449;0;0;0
31559;329;28;2;0
31560;269;5;4;1
31561;192;6;1;0
31562;97;1;1;0
31563;431;19;0;0
31564;363;10;1;0
31565;262;15;4;1
31566;195;5;2;0
31567;103;10;0;0
31568;679;20;0;20
31569;535;40;3;0
31570;412;30;3;1
31571;228;20;2;0
31572;121;21;1;0
31573;476;31;0;0
31574;424;34;0;1
31575;271;21;2;0
31576;581;28;3;10
31577;338;50;4;11
31578;327;50;0;10
31579;532;29;1;0
31580;666;77;0;0
31581;346;32;2;1
31582;103;5;1;0
31583;564;0;0;0
31584;752;3;0;5
31585;874;0;0;8
31586;731;70;0;72
31587;588;82;1;11
31588;457;70;2;3
31589;103;69;4;0
31590;125;17;2;0
31591;443;4;4;0
31592;613;2;2;1
31593;826;56;4;0
31594;116;12;0;0
31595;168;60;2;5
31596;343;38;1;11
31597;493;43;4;16
31598;136;17;0;0
31599;573;37;0;18
31600;156;0;1;0
31601;531;12;0;0
31602;303;2;1;1
31603;813;8;1;0
31604;685;65;2;64
31605;581;57;1;0
31606;252;44;1;1
31607;126;1;1;0
31608;358;49;0;12
31609;269;17;2;0
31610;212;6;1;1
31611;141;8;1;0
31612;84;2;0;0
31613;431;67;0;13
31614;349;33;0;0
31615;243;35;2;1
31616;197;11;3;0
31617;102;3;1;0
31618;419;6;2;0
31619;283;10;2;1
31620;130;19;2;0
31621;69;9;0;0
31622;389;28;0;0
31623;274;13;4;1
31624;129;21;3;0
31625;49;15;0;0
31626;471;2;0;0
31627;330;8;2;1
31628;203;16;3;0
31629;119;13;2;0
31630;312;30;0;0
31631;205;46;3;1
31632;393;57;1;0
31633;79;22;0;0
31634;449;17;1;8
31635;284;31;2;0
31636;165;34;3;1
31637;105;14;3;0
31638;613;25;0;7
31639;58;15;1;0
31640;139;6;1;0
31641;251;25;2;1
31642;464;39;3;7
31643;571;33;0;53
31644;327;16;3;5
31645;296;11;4;3
31646;257;9;3;2
31647;130;13;2;0
31648;287;41;1;1
31649;387;35;0;0
31650;174;31;0;0
31651;44;15;4;0
31652;670;44;0;0
31653;474;45;2;0
31654;299;51;3;1
31655;243;28;1;0
31656;448;32;0;0
31657;359;32;0;0
31658;282;29;2;1
31659;51;17;1;0
31660;175;14;1;0
31661;482;29;0;0
31662;350;35;0;0
31663;272;23;2;1
31664;55;10;2;0
31665;99;28;0;0
31666;520;62;0;0
31667;402;55;2;0
31668;339;32;1;1
31669;54;10;2;0
31670;117;20;1;0
31671;448;38;0;0
31672;275;28;0;0
31673;214;17;0;1
31674;47;15;3;0
31675;162;15;1;0
31676;497;10;0;0
31677;327;43;1;0
31678;233;24;5;1
31679;45;12;3;0
31680;109;19;0;0
31681;502;40;0;0
31682;397;31;1;0
31683;252;33;2;1
31684;78;15;0;0
31685;160;18;2;0
31686;490;23;0;0
31687;363;37;1;0
31688;234;23;1;1
31689;37;27;0;0
31690;122;16;0;0
31691;408;47;0;0
31692;338;42;4;0
31693;259;31;4;1
31694;46;18;2;0
31695;136;21;0;0
31696;53;4;2;0
31697;130;14;0;0
31698;247;29;5;1
31699;380;26;0;0
31700;352;34;0;0
31701;207;58;3;0
31702;182;32;0;1
31703;43;15;0;0
31704;124;10;0;0
31705;424;40;0;0
31706;379;12;1;0
31707;283;13;4;1
31708;62;8;0;0
31709;134;14;2;0
31710;238;33;3;1
31711;34;20;0;0
31712;181;20;2;0
31713;321;43;0;0
31714;371;33;0;0
31715;278;19;1;0
31716;205;13;0;1
31717;66;17;2;0
31718;119;15;3;0
31719;490;25;0;0
31720;380;19;1;0
31721;259;18;1;1
31722;62;13;0;0
31723;170;10;1;0
31724;482;18;0;0
31725;312;45;3;0
31726;204;35;1;1
31727;47;12;2;0
31728;119;24;2;0
31729;516;17;0;0
31730;325;40;1;0
31731;226;32;2;1
31732;41;12;0;0
31733;120;26;0;0
31734;463;36;0;0
31735;373;32;0;0
31736;257;25;1;1
31737;47;20;0;0
31738;106;27;1;0
31739;422;21;0;0
31740;253;28;1;0
31741;201;22;4;1
31742;99;14;1;0
31743;36;13;3;0
31744;851;40;0;0
31745;613;35;1;0
31746;416;36;0;1
31747;266;41;1;0
31748;457;45;0;0
31749;312;70;1;0
31750;223;39;2;1
31751;56;14;3;0
31752;119;17;1;0
31753;443;61;0;1
31754;338;54;0;0
31755;161;24;3;0
31756;50;16;0;0
31757;297;34;0;1
31758;573;14;0;0
31759;439;23;3;0
31760;311;28;0;1
31761;36;19;2;0
31762;159;23;1;0
31763;391;65;2;4
31764;131;11;2;0
31765;208;26;1;0
31766;935;75;0;6
31767;689;46;2;0
31768;544;34;4;0
31769;69;12;0;0
31770;103;15;1;0
31771;157;15;1;1
31772;445;6;1;0
31773;62;6;1;0
31774;96;7;2;0
31775;221;12;0;1
31776;417;67;0;5
31777;359;29;0;0
31778;96;5;0;0
31779;145;11;1;0
31780;241;18;0;2
31781;437;23;0;0
31782;570;33;3;17
31783;486;49;1;20
31784;74;5;0;0
31785;132;4;0;0
31786;251;5;1;1
31787;407;11;3;0
31788;67;8;1;0
31789;316;32;2;1
31790;588;40;1;0
31791;732;50;3;47
31792;213;10;0;0
31793;442;34;0;83
31794;67;6;0;0
31795;123;6;0;0
31796;238;21;1;1
31797;317;18;3;0
31798;76;5;11;0
31799;167;19;5;0
31800;237;33;3;2
31801;314;41;10;0
31802;610;38;10;0
31803;504;18;0;0
31804;61;1;0;0
31805;80;15;2;1
31806;214;12;1;2
31807;390;51;1;0
31808;74;6;2;0
31809;321;63;1;10
31810;87;29;1;0
31811;191;49;0;3
31812;394;87;0;25
31813;315;23;0;0
31814;37;4;0;0
31815;66;5;2;0
31816;138;18;0;1
31817;258;16;1;0
31818;356;9;8;28
31819;245;21;2;10
31820;121;10;2;0
31821;65;7;1;0
31822;456;15;0;0
31823;445;27;3;0
31824;53;10;1;0
31825;116;24;1;0
31826;226;15;2;1
31827;298;46;2;0
31828;149;18;1;0
31829;154;13;3;0
31830;515;71;1;6
31831;315;9;3;1
31832;425;40;0;0
31833;56;3;0;0
31834;463;25;2;0
31835;379;28;1;0
31836;160;36;1;2
31837;82;21;0;0
31838;482;10;0;0
31839;232;15;0;2
31840;53;7;2;0
31841;322;29;4;0
31842;105;12;3;0
31843;731;61;0;0
31844;580;39;1;0
31845;384;30;2;2
31846;145;22;1;0
31847;89;11;2;0
31848;74;9;0;1
31849;314;24;3;3
31850;126;14;2;1
31851;228;27;0;3
31852;401;23;11;4
31853;157;2;1;0
31854;80;4;1;0
31855;271;25;0;1
31856;404;15;2;0
31857;67;8;1;0
31858;128;7;0;0
31859;195;5;0;1
31860;278;8;2;0
31861;353;15;3;0
31862;252;35;2;1
31863;180;17;1;0
31864;55;3;0;0
31865;296;17;0;8
31866;205;31;3;1
31867;147;19;2;0
31868;61;5;2;0
31869;371;31;0;0
31870;276;13;4;1
31871;212;17;2;0
31872;67;9;0;0
31873;363;31;2;0
31874;327;26;0;1
31875;218;22;3;0
31876;44;22;0;0
31877;431;20;0;0
31878;342;10;0;1
31879;244;6;2;0
31880;109;6;2;0
31881;412;7;1;0
31882;275;3;0;1
31883;191;5;0;0
31884;386;47;30;6
31885;48;8;1;0
31886;309;108;7;16
31887;256;14;1;5
31888;180;2;1;4
31889;279;33;1;4
31890;200;37;3;5
31891;180;7;2;4
31892;270;86;12;0
31893;343;131;15;43
31894;295;21;2;1
31895;187;13;1;0
31896;269;129;4;33
31897;198;1;1;0
31898;68;1;0;0
31899;264;2;2;1
31900;400;2;2;0
31901;378;94;4;0
31902;287;14;0;1
31903;225;6;1;0
31904;432;8;1;8
31905;287;13;3;5
31906;229;3;1;4
31907;404;56;12;44
31908;429;104;5;14
31909;362;7;2;1
31910;237;2;2;0
31911;291;20;1;0
31912;158;26;1;1
31913;81;9;1;0
31914;412;26;0;0
31915;295;13;2;1
31916;119;38;0;0
31917;101;4;0;0
31918;134;15;2;1
31919;195;37;0;0
31920;103;3;0;0
31921;157;11;2;1
31922;221;26;0;0
31923;415;19;0;0
31924;229;7;0;1
31925;147;3;2;0
31926;148;81;3;27
31927;143;33;3;2
31928;133;12;0;0
31929;659;12;0;12
31930;278;4;5;1
31931;97;1;1;0
31932;434;21;1;0
31933;112;10;2;0
31934;375;21;1;0
31935;155;19;2;0
31936;240;9;1;1
31937;458;29;0;0
31938;91;1;0;0
31939;138;33;1;0
31940;206;44;3;1
31941;357;54;1;0
31942;449;92;0;20
31943;48;30;0;0
31944;96;9;0;0
31945;145;16;2;0
31946;559;52;0;13
31947;397;36;0;0
31948;219;14;0;1
31949;484;27;4;0
31950;549;18;2;0
31951;367;25;2;2
31952;259;26;3;2
31953;111;13;0;0
31954;74;5;1;0
31955;414;91;1;109
31956;105;5;0;0
31957;127;10;2;0
31958;199;7;1;1
31959;354;37;3;0
31960;295;117;16;60
31961;45;8;0;0
31962;97;19;1;0
31963;191;18;2;1
31964;294;19;2;0
31965;275;164;15;65
31966;68;9;0;0
31967;153;4;1;0
31968;290;3;1;1
31969;397;15;0;4
31970;407;109;4;35
31971;69;1;0;0
31972;126;13;1;0
31973;243;7;1;1
31974;377;16;1;4
31975;417;19;2;0
31976;268;26;1;1
31977;192;3;0;0
31978;522;61;7;0
31979;356;78;11;6
31980;234;30;3;0
31981;283;27;0;0
31982;172;27;1;1
31983;129;19;0;0
31984;59;6;3;0
31985;60;2;0;0
31986;88;4;1;0
31987;161;11;1;1
31988;272;16;5;0
31989;323;21;0;0
31990;68;6;0;0
31991;104;7;0;0
31992;201;10;4;1
31993;295;13;3;0
31994;365;8;0;0
31995;69;4;0;0
31996;97;6;1;0
31997;163;11;1;1
31998;268;2;0;0
31999;356;5;0;0
32000;120;20;1;0
32001;184;21;1;0
32002;450;32;1;1
32003;680;20;0;0
32004;89;7;0;0
32005;138;8;1;0
32006;222;6;2;1
32007;314;9;1;0
32008;389;8;0;0
32009;77;11;0;0
32010;115;12;0;0
32011;249;9;3;1
32012;295;11;0;0
32013;44;6;0;0
32014;84;7;0;0
32015;199;9;1;1
32016;246;6;1;0
32017;320;1;0;0
32018;88;4;3;0
32019;121;9;1;0
32020;259;9;3;1
32021;366;1;2;0
32022;432;0;0;0
32023;98;6;0;0
32024;124;6;0;0
32025;232;18;2;1
32026;322;27;1;0
32027;412;20;0;8
32028;47;7;0;0
32029;89;8;0;0
32030;233;8;2;1
32031;361;5;2;0
32032;54;5;0;0
32033;67;6;0;0
32034;165;9;2;1
32035;258;6;2;0
32036;304;3;0;28
32037;56;5;0;0
32038;241;14;2;0
32039;313;9;0;16
32040;192;14;0;1
32041;88;7;0;0
32042;107;4;2;0
32043;191;6;2;0
32044;292;4;5;1
32045;391;4;0;0
32046;58;5;1;0
32047;94;5;3;0
32048;221;3;5;1
32049;299;3;3;0
32050;390;2;0;0
32051;68;3;1;0
32052;109;3;0;0
32053;281;10;4;1
32054;373;11;2;0
32055;437;6;0;0
32056;193;6;1;0
32057;282;8;3;1
32058;378;8;0;0
32059;107;5;2;0
32060;432;3;0;0
32061;401;14;0;0
32062;319;21;1;0
32063;219;24;0;1
32064;141;16;2;0
32065;57;9;1;0
32066;419;12;0;0
32067;216;18;1;1
32068;143;21;2;0
32069;80;15;0;0
32070;374;18;0;0
32071;68;8;0;0
32072;225;10;0;1
32073;131;19;1;0
32074;1008;21;0;0
32075;597;26;2;1
32076;365;32;2;0
32077;511;6;0;0
32078;214;49;4;1
32079;139;45;4;0
32080;71;42;1;0
32081;424;14;0;0
32082;538;11;0;0
32083;278;41;2;1
32084;169;37;3;0
32085;91;15;1;0
32086;333;10;0;0
32087;235;14;3;1
32088;138;15;3;0
32089;54;7;0;0
32090;598;14;0;0
32091;312;65;3;1
32092;199;27;1;0
32093;110;13;0;0
32094;365;9;0;0
32095;269;29;3;0
32096;203;27;0;1
32097;118;20;0;0
32098;52;14;2;0
32099;382;31;0;0
32100;317;40;1;0
32101;260;37;0;1
32102;226;9;3;0
32103;89;14;1;0
32104;363;5;0;0
32105;246;17;2;1
32106;129;25;1;0
32107;65;4;1;0
32108;393;20;0;0
32109;237;19;2;1
32110;187;17;1;0
32111;90;13;0;0
32112;449;2;0;0
32113;265;13;3;1
32114;190;11;1;0
32115;95;6;2;0
32116;332;24;0;0
32117;167;22;1;1
32118;113;19;1;0
32119;66;13;2;0
32120;227;47;4;0
32121;363;25;0;0
32122;174;34;3;1
32123;121;27;2;0
32124;50;8;0;0
32125;512;26;0;0
32126;339;43;1;0
32127;288;17;3;1
32128;208;18;1;0
32129;102;14;0;0
32130;291;21;0;0
32131;154;27;0;1
32132;44;20;0;0
32133;94;13;0;0
32134;352;13;1;0
32135;249;16;4;1
32136;166;23;2;0
32137;123;20;2;0
32138;355;12;0;0
32139;230;9;1;1
32140;130;14;1;0
32141;61;10;1;0
32142;475;4;0;0
32143;336;12;2;0
32144;242;24;3;1
32145;192;15;1;0
32146;113;11;0;0
32147;309;14;0;0
32148;172;29;2;1
32149;157;12;0;0
32150;87;10;1;0
32151;189;15;4;0
32152;404;10;0;0
32153;253;15;4;1
32154;108;24;2;0
32155;222;13;3;0
32156;407;4;0;0
32157;168;13;0;1
32158;73;21;3;0
32159;39;11;1;0
32160;442;8;0;0
32161;301;21;0;0
32162;217;15;3;1
32163;96;19;2;0
32164;77;10;2;0
32165;398;17;0;0
32166;220;9;2;1
32167;117;11;1;0
32168;65;11;2;0
32169;578;17;0;0
32170;442;18;4;0
32171;76;10;2;0
32172;309;7;2;1
32173;186;13;2;0
32174;411;42;0;0
32175;316;20;0;0
32176;253;26;2;1
32177;73;9;1;0
32178;206;11;3;0
32179;432;30;0;0
32180;45;6;1;0
32181;209;10;0;1
32182;295;35;1;0
32183;121;9;0;0
32184;907;68;0;0
32185;779;27;0;0
32186;579;22;1;1
32187;341;18;5;0
32188;431;25;0;0
32189;312;24;2;0
32190;229;19;4;1
32191;42;10;0;0
32192;120;21;1;0
32193;512;33;0;0
32194;391;27;1;0
32195;304;17;0;1
32196;62;8;0;0
32197;124;13;2;0
32198;536;5;0;0
32199;367;13;3;0
32200;266;20;1;1
32201;145;28;1;0
32202;53;12;0;0
32203;430;37;0;0
32204;295;35;0;0
32205;53;9;0;0
32206;237;13;4;1
32207;121;8;1;0
32208;459;37;0;0
32209;344;25;1;0
32210;257;20;1;1
32211;45;15;0;0
32212;145;12;0;0
32213;394;21;0;0
32214;286;25;0;0
32215;235;7;2;1
32216;49;11;0;0
32217;122;10;0;0
32218;661;10;0;0
32219;477;21;0;0
32220;254;25;2;1
32221;45;7;2;0
32222;174;8;1;0
32223;266;69;0;0
32224;206;23;2;1
32225;52;14;1;0
32226;179;13;3;0
32227;447;28;0;0
32228;374;18;2;0
32229;241;13;4;1
32230;69;6;0;0
32231;140;13;0;0
32232;442;29;0;0
32233;317;34;0;0
32234;268;15;3;1
32235;50;14;2;0
32236;134;18;0;0
32237;403;41;0;0
32238;45;15;2;0
32239;233;26;3;1
32240;291;30;2;0
32241;127;26;1;0
32242;754;29;0;0
32243;503;40;2;0
32244;402;31;0;1
32245;258;36;3;0
32246;448;20;0;0
32247;344;15;2;0
32248;234;7;3;1
32249;42;8;0;0
32250;110;16;0;0
32251;449;32;0;0
32252;344;24;1;0
32253;292;11;1;1
32254;57;14;0;0
32255;177;12;1;0
32256;61;8;1;0
32257;143;14;1;0
32258;394;38;0;0
32259;336;20;0;0
32260;219;26;3;1
32261;432;24;0;0
32262;324;19;1;0
32263;230;12;0;1
32264;55;9;1;0
32265;130;11;1;0
32266;416;29;0;0
32267;47;16;1;0
32268;245;7;1;1
32269;294;25;0;0
32270;124;13;0;0
32271;450;36;0;0
32272;383;33;1;0
32273;298;6;1;1
32274;57;7;0;0
32275;174;12;2;0
32276;86;19;0;0
32277;210;16;2;0
32278;274;15;4;1
32279;427;22;0;0
32280;463;23;0;0
32281;323;22;1;0
32282;247;22;3;1
32283;62;9;0;0
32284;176;13;4;0
32285;460;16;0;0
32286;37;9;2;0
32287;281;13;1;0
32288;204;13;1;1
32289;108;6;3;0
32290;671;13;0;0
32291;501;25;1;0
32292;361;22;3;1
32293;51;14;2;0
32294;178;16;1;0
32295;540;19;0;0
32296;393;40;5;0
32297;284;21;0;1
32298;99;11;0;0
32299;233;11;2;0
32300;452;39;0;0
32301;384;33;1;0
32302;293;24;1;1
32303;84;15;1;0
32304;193;23;5;0
32305;314;30;0;0
32306;95;10;2;0
32307;236;30;3;1
32308;194;13;1;0
32309;421;28;0;0
32310;295;21;2;0
32311;228;11;2;1
32312;51;13;1;0
32313;83;29;2;0
32314;575;30;0;0
32315;447;34;1;0
32316;350;24;1;1
32317;260;22;2;0
32318;75;15;2;0
32319;1646;97;0;0
32320;386;29;0;0
32321;86;7;0;0
32322;267;24;4;0
32323;196;23;2;1
32324;144;14;0;0
32325;530;28;0;0
32326;285;16;0;1
32327;53;15;1;0
32328;135;17;0;0
32329;415;18;1;0
32330;84;3;0;0
32331;439;13;0;0
32332;81;13;0;0
32333;96;2;0;0
32334;590;32;2;48
32335;474;10;0;1
32336;70;5;1;0
32337;124;6;2;0
32338;213;28;1;1
32339;299;24;3;0
32340;12;0;0;0
32341;34;0;0;0
32342;394;11;4;0
32343;161;17;4;0
32344;1;0;0;0
32345;1;0;0;0
32346;1;0;0;0
32347;1;0;0;1
32348;1;0;0;0
32349;1328;134;31;0
32350;344;68;0;0
32351;86;4;0;0
32352;145;14;1;0
32353;245;15;2;1
32354;379;53;7;0
32355;551;65;1;0
32356;37;1;0;0
32357;169;29;0;0
32358;1;0;0;0
32359;1;0;0;1
32360;1;0;0;0
32361;718;7;0;0
32362;79;19;0;0
32363;131;9;1;0
32364;1;0;0;0
32365;1;0;0;0
32366;1;0;0;1
32367;1;0;0;0
32368;45;0;0;0
32369;1;0;0;0
32370;1;0;0;1
32371;1;0;0;0
32372;488;45;0;0
32373;382;30;1;0
32374;266;7;2;1
32375;63;8;1;0
32376;157;14;2;0
32377;346;24;8;0
32378;297;12;2;0
32379;86;4;1;0
32380;52;2;0;0
32381;203;8;0;1
32382;727;27;0;11
32383;710;52;8;0
32384;1;0;0;0
32385;18;0;0;0
32386;1;0;0;0
32387;1;0;0;1
32388;1;0;0;0
32389;7;0;0;0
32390;1;0;0;0
32391;1;0;0;0
32392;1;0;0;1
32393;1;0;0;0
32394;797;46;2;23
32395;94;8;1;0
32396;187;19;1;0
32397;460;8;4;1
32398;630;29;0;4
32399;106;9;1;0
32400;148;34;0;0
32401;273;24;1;2
32402;473;36;3;0
32403;712;32;0;29
32404;353;51;0;0
32405;1;0;0;0
32406;1;0;0;0
32407;1;0;0;0
32408;1;0;0;1
32409;29;1;0;0
32410;37;1;1;0
32411;268;10;0;0
32412;33;1;2;0
32413;1;0;0;0
32414;1;0;0;0
32415;1;0;0;1
32416;3;0;0;0
32417;623;32;1;0
32418;452;47;1;4
32419;515;11;0;2
32420;443;68;0;0
32421;456;40;4;7
32422;271;32;2;0
32423;193;28;2;1
32424;124;8;2;0
32425;53;2;0;0
32426;481;29;0;0
32427;331;38;4;0
32428;251;33;1;1
32429;47;12;1;0
32430;193;12;2;0
32431;510;20;0;2
32432;557;34;3;48
32433;630;55;0;24
32434;57;16;1;0
32435;93;21;0;0
32436;212;40;1;2
32437;336;54;4;0
32438;81;3;0;0
32439;352;89;7;18
32440;133;13;1;0
32441;333;22;4;0
32442;44;3;0;0
32443;86;15;1;0
32444;205;11;3;1
32445;289;23;2;0
32446;402;23;0;0
32447;49;8;0;0
32448;102;20;0;0
32449;236;19;1;1
32450;325;30;10;4
32451;557;23;0;0
32452;50;3;0;0
32453;111;10;1;0
32454;172;8;0;1
32455;242;2;5;0
32456;354;11;0;0
32457;28;5;0;0
32458;60;44;2;0
32459;168;27;1;21
32460;290;31;3;27
32461;485;39;0;28
32462;54;10;1;0
32463;86;34;0;0
32464;189;35;1;1
32465;294;26;2;0
32466;444;25;2;0
32467;18;4;2;0
32468;64;8;0;0
32469;145;16;2;1
32470;209;16;2;0
32471;304;37;0;0
32472;40;12;1;0
32473;88;16;1;0
32474;196;25;2;1
32475;277;24;1;0
32476;451;28;0;0
32477;113;7;0;1
32478;27;4;1;0
32479;42;12;1;0
32480;271;18;0;0
32481;181;29;2;0
32482;64;9;0;0
32483;131;18;0;0
32484;211;27;3;1
32485;259;39;4;0
32486;341;41;3;0
32487;40;11;0;0
32488;72;27;1;0
32489;216;18;2;1
32490;318;13;1;0
32491;508;12;0;36
32492;59;3;2;0
32493;105;15;0;0
32494;202;9;1;1
32495;308;25;0;9
32496;537;10;0;0
32497;23;9;1;0
32498;95;26;0;0
32499;222;25;2;1
32500;363;20;5;0
32501;585;11;0;18
32502;42;13;1;0
32503;87;25;1;0
32504;171;31;5;1
32505;289;18;4;0
32506;522;22;8;0
32507;55;9;0;0
32508;105;27;1;0
32509;237;6;2;1
32510;362;17;2;0
32511;598;11;1;0
32512;40;9;0;0
32513;80;18;0;0
32514;188;13;3;1
32515;302;18;0;0
32516;407;16;0;0
32517;59;20;1;0
32518;141;25;0;0
32519;338;14;3;1
32520;444;44;2;0
32521;671;25;0;0
32522;58;29;0;0
32523;73;46;2;0
32524;180;39;5;1
32525;276;23;1;0
32526;511;16;2;0
32527;66;12;0;0
32528;131;27;0;0
32529;206;32;4;1
32530;315;18;0;0
32531;509;14;4;0
32532;39;5;1;0
32533;114;19;0;0
32534;255;23;2;1
32535;353;33;8;28
32536;506;26;5;0
32537;54;40;1;0
32538;129;37;2;0
32539;294;51;3;1
32540;483;32;5;0
32541;681;44;0;25
32542;55;6;0;0
32543;124;17;0;0
32544;239;13;4;1
32545;349;14;2;0
32546;442;25;0;0
32547;43;6;2;0
32548;86;15;2;0
32549;204;14;4;1
32550;304;15;3;0
32551;392;29;1;3
32552;34;18;0;0
32553;89;8;0;0
32554;175;22;4;1
32555;248;31;1;48
32556;384;42;2;51
32557;39;20;0;0
32558;114;16;0;0
32559;285;8;4;1
32560;435;15;2;34
32561;562;20;0;29
32562;37;12;0;0
32563;81;24;0;0
32564;208;23;1;1
32565;346;22;0;0
32566;491;12;2;0
32567;459;55;4;1
32568;639;40;0;0
32569;181;19;0;0
32570;939;42;1;15
32571;332;28;1;0
32572;59;16;1;0
32573;32;4;1;0
32574;132;30;2;1
32575;239;24;4;0
32576;440;22;4;30
32577;37;24;0;0
32578;67;39;0;0
32579;190;58;1;1
32580;302;50;1;0
32581;464;42;1;0
32582;51;14;0;0
32583;81;36;1;0
32584;220;48;3;1
32585;364;28;2;0
32586;489;32;0;0
32587;45;7;1;0
32588;66;27;0;0
32589;200;7;2;1
32590;307;7;5;0
32591;442;14;3;0
32592;28;8;1;0
32593;91;17;1;0
32594;168;27;2;1
32595;308;14;1;0
32596;453;17;0;0
32597;61;9;0;0
32598;122;23;1;0
32599;270;16;2;1
32600;370;15;2;0
32601;498;38;0;95
32602;47;21;0;0
32603;103;18;2;0
32604;222;19;2;1
32605;367;10;0;0
32606;505;15;0;0
32607;47;10;1;0
32608;98;5;0;0
32609;194;23;3;4
32610;320;20;2;3
32611;480;8;0;21
32612;33;10;0;0
32613;80;24;1;0
32614;201;15;4;1
32615;342;3;1;0
32616;465;6;0;0
32617;24;10;1;0
32618;67;6;1;0
32619;352;24;0;22
32620;209;17;1;0
32621;153;5;1;2
32622;361;16;13;102
32623;293;24;2;0
32624;151;12;6;35
32625;78;24;2;0
32626;49;6;2;0
32627;326;13;7;18
32628;324;14;3;0
32629;384;25;0;16
32630;280;32;2;1
32631;172;35;2;0
32632;60;17;2;0
32633;319;13;0;20
32634;243;17;2;21
32635;111;23;0;0
32636;31;15;0;0
32637;63;2;2;0
32638;239;13;2;1
32639;314;13;0;0
32640;138;16;0;0
32641;298;26;0;0
32642;235;13;4;1
32643;143;27;1;0
32644;66;18;1;0
32645;56;3;0;0
32646;145;8;2;0
32647;258;15;4;1
32648;336;5;0;0
32649;377;10;0;8
32650;273;30;1;1
32651;186;34;1;0
32652;49;27;0;0
32653;246;16;3;1
32654;123;14;1;0
32655;59;15;0;0
32656;305;21;0;0
32657;344;7;0;16
32658;255;6;6;17
32659;123;17;2;0
32660;48;10;0;0
32661;283;12;3;0
32662;391;17;0;0
32663;194;41;3;1
32664;177;6;0;0
32665;52;0;0;0
32666;145;9;0;0
32667;224;9;0;1
32668;354;6;1;0
32669;85;7;1;0
32670;416;19;0;64
32671;488;26;0;0
32672;479;12;3;12
32673;412;29;1;0
32674;330;6;1;1
32675;97;12;1;0
32676;54;3;0;0
32677;154;2;1;0
32678;230;6;1;0
32679;331;24;1;1
32680;428;37;1;0
32681;478;61;1;2
32682;473;44;2;0
32683;448;31;1;0
32684;248;33;2;1
32685;67;3;0;0
32686;126;8;2;0
32687;555;47;0;18
32688;523;53;0;0
32689;438;38;3;0
32690;365;25;0;1
32691;48;21;3;0
32692;270;30;1;0
32693;399;29;1;0
32694;312;18;1;1
32695;58;0;1;0
32696;198;16;3;0
32697;447;49;0;0
32698;82;7;1;0
32699;112;7;2;0
32700;218;11;0;1
32701;372;10;0;0
32702;505;7;0;0
32703;97;2;0;0
32704;123;5;3;0
32705;206;12;1;1
32706;282;14;4;0
32707;358;14;0;0
32708;66;11;1;0
32709;86;15;2;0
32710;147;25;0;1
32711;213;39;0;0
32712;61;8;1;0
32713;100;15;2;0
32714;166;20;1;1
32715;271;13;4;0
32716;418;8;0;0
32717;92;12;1;0
32718;144;17;0;0
32719;221;11;1;1
32720;388;12;0;0
32721;523;9;0;0
32722;70;7;0;0
32723;119;17;1;0
32724;244;28;3;1
32725;373;35;0;0
32726;82;10;1;0
32727;128;14;0;0
32728;229;19;3;1
32729;370;19;3;0
32730;479;16;0;0
32731;105;6;1;0
32732;165;9;3;0
32733;265;10;4;1
32734;396;15;1;0
32735;538;16;0;0
32736;57;10;1;0
32737;110;17;2;0
32738;197;14;1;1
32739;243;27;3;0
32740;335;30;0;0
32741;83;5;0;0
32742;102;6;1;0
32743;153;7;1;13
32744;214;16;0;15
32745;69;4;0;0
32746;116;6;0;0
32747;231;5;0;1
32748;356;4;0;0
32749;80;7;2;0
32750;148;11;0;0
32751;222;22;1;1
32752;331;15;3;0
32753;428;15;0;0
32754;62;6;1;0
32755;84;8;1;0
32756;174;10;1;1
32757;231;11;0;0
32758;72;10;0;0
32759;108;9;1;0
32760;200;10;1;1
32761;263;27;1;0
32762;365;36;0;0
32763;84;4;2;0
32764;113;7;1;0
32765;197;7;1;1
32766;333;0;1;0
32767;403;0;0;0
32768;65;5;1;0
32769;92;8;1;0
32770;198;5;1;1
32771;248;10;0;7
32772;62;9;1;0
32773;76;11;1;0
32774;165;10;2;1
32775;277;7;2;0
32776;352;5;0;0
32777;85;6;0;0
32778;170;11;2;0
32779;273;8;2;1
32780;368;11;0;0
32781;496;8;0;0
32782;69;6;0;0
32783;110;5;0;0
32784;230;5;2;1
32785;305;29;3;30
32786;78;8;0;0
32787;135;12;1;0
32788;277;13;6;1
32789;374;16;0;0
32790;83;5;2;0
32791;101;11;2;0
32792;191;18;2;1
32793;298;12;0;0
32794;481;26;0;0
32795;358;13;2;0
32796;239;24;2;1
32797;59;8;0;0
32798;129;12;0;0
32799;565;32;0;0
32800;443;29;4;0
32801;318;17;0;1
32802;57;7;1;0
32803;177;20;1;0
32804;421;37;0;0
32805;317;32;0;0
32806;245;14;2;1
32807;51;7;0;0
32808;125;17;2;0
32809;417;23;0;0
32810;264;18;3;0
32811;203;9;0;1
32812;47;2;0;0
32813;79;12;1;0
32814;968;50;0;0
32815;555;28;2;1
32816;759;29;1;0
32817;351;25;1;0
32818;329;55;0;0
32819;247;27;2;1
32820;42;8;1;0
32821;164;11;2;0
32822;398;31;0;0
32823;334;31;1;0
32824;265;18;2;1
32825;43;11;2;0
32826;117;16;0;0
32827;411;27;0;0
32828;290;43;2;0
32829;224;28;2;1
32830;47;9;0;0
32831;187;15;3;0
32832;804;46;2;0
32833;548;37;1;1
32834;316;37;1;0
32835;1129;34;0;0
32836;436;23;0;0
32837;332;19;1;0
32838;229;20;4;1
32839;57;6;0;0
32840;138;8;0;0
32841;453;26;0;0
32842;371;19;1;0
32843;281;14;1;1
32844;61;6;3;0
32845;180;16;3;0
32846;381;35;0;0
32847;303;27;0;1
32848;43;11;0;0
32849;129;14;4;0
32850;555;20;0;0
32851;426;10;0;0
32852;295;30;2;1
32853;77;1;0;0
32854;167;11;3;0
32855;301;22;0;0
32856;445;31;0;0
32857;85;5;2;0
32858;211;21;1;1
32859;162;13;1;0
32860;453;32;0;0
32861;317;29;0;0
32862;53;13;3;0
32863;230;12;1;1
32864;125;15;4;0
32865;416;33;0;0
32866;52;17;1;0
32867;226;15;2;1
32868;330;18;1;0
32869;170;13;2;0
32870;1074;26;1;0
32871;768;29;1;0
32872;491;29;1;1
32873;328;29;2;0
32874;534;17;0;0
32875;57;3;2;0
32876;218;17;1;1
32877;322;17;0;0
32878;142;9;1;0
32879;554;20;0;0
32880;392;14;0;0
32881;276;16;1;1
32882;60;5;1;0
32883;171;8;2;0
32884;432;23;0;0
32885;305;17;0;1
32886;205;25;1;0
32887;120;16;0;0
32888;505;28;0;0
32889;383;33;0;0
32890;63;12;0;0
32891;334;20;0;1
32892;168;12;0;0
32893;368;34;0;0
32894;316;17;0;0
32895;254;27;1;1
32896;78;18;0;0
32897;205;21;0;0
32898;1000;20;0;0
32899;677;39;1;0
32900;500;37;2;1
32901;351;18;3;0
32902;588;21;0;0
32903;394;10;4;0
32904;133;14;2;0
32905;46;6;1;0
32906;275;8;2;1
32907;826;73;1;0
32908;595;64;2;0
32909;382;56;2;1
32910;261;48;3;0
32911;878;116;0;224
32912;423;31;0;0
32913;303;19;1;0
32914;235;8;1;1
32915;78;9;2;0
32916;48;9;1;0
32917;455;43;0;0
32918;48;6;3;0
32919;264;10;2;1
32920;360;44;1;0
32921;177;6;2;0
32922;607;26;2;0
32923;420;23;3;0
32924;262;14;1;1
32925;57;11;0;0
32926;137;15;5;0
32927;416;28;0;0
32928;322;23;1;0
32929;219;17;1;1
32930;42;9;1;0
32931;120;19;1;0
32932;485;15;0;0
32933;311;21;4;0
32934;193;22;2;1
32935;46;5;0;0
32936;75;16;3;0
32937;399;37;0;0
32938;54;16;4;0
32939;215;28;2;1
32940;303;14;0;0
32941;187;16;3;0
32942;549;18;0;0
32943;424;17;0;0
32944;291;21;1;1
32945;51;13;0;0
32946;174;20;2;0
32947;604;59;0;0
32948;516;33;0;0
32949;378;18;0;1
32950;84;6;0;0
32951;268;11;0;0
32952;454;43;0;0
32953;350;30;2;0
32954;252;18;1;1
32955;56;4;0;0
32956;147;10;3;0
32957;473;38;0;0
32958;390;25;2;0
32959;249;23;2;1
32960;54;14;2;0
32961;162;16;3;0
32962;431;28;0;0
32963;326;17;0;0
32964;257;20;2;1
32965;55;12;0;0
32966;141;6;3;0
32967;571;28;0;0
32968;368;36;2;0
32969;228;26;2;1
32970;46;7;1;0
32971;91;15;2;0
32972;541;26;0;0
32973;372;33;1;0
32974;59;14;0;0
32975;268;24;1;1
32976;168;16;2;0
32977;411;24;0;0
32978;296;25;0;1
32979;58;11;3;0
32980;231;12;2;0
32981;1308;58;0;0
32982;498;19;0;0
32983;44;5;2;0
32984;226;16;3;1
32985;345;14;1;0
32986;148;9;0;0
32987;445;25;0;0
32988;56;4;1;0
32989;199;22;4;1
32990;318;27;0;0
32991;119;16;0;0
32992;694;19;0;0
32993;80;15;1;0
32994;273;22;3;1
32995;438;23;3;0
32996;171;16;2;0
32997;360;24;1;0
32998;59;6;2;0
32999;253;21;1;1
33000;131;22;0;0
33001;437;28;0;0
33002;311;30;0;0
33003;266;18;1;1
33004;86;7;1;0
33005;180;14;6;0
33006;79;8;0;0
33007;145;15;5;0
33008;248;23;2;1
33009;389;24;1;0
33010;294;27;0;0
33011;36;7;0;0
33012;218;12;2;1
33013;123;13;0;0
33014;470;20;0;0
33015;352;12;0;0
33016;274;13;2;1
33017;48;5;1;0
33018;158;15;2;0
33019;389;34;0;0
33020;48;17;0;0
33021;217;17;1;1
33022;295;35;1;0
33023;124;25;1;0
33024;459;24;0;0
33025;343;17;0;0
33026;263;14;1;1
33027;58;4;4;0
33028;158;8;1;0
33029;391;34;0;0
33030;276;45;1;0
33031;187;14;1;0
33032;50;8;0;0
33033;243;13;1;1
33034;434;5;0;0
33035;273;13;3;1
33036;41;10;0;0
33037;192;8;2;0
33038;353;37;0;0
33039;273;41;4;1
33040;47;11;0;0
33041;160;23;3;0
33042;480;19;0;0
33043;411;14;1;0
33044;308;11;2;1
33045;59;9;0;0
33046;153;14;2;0
33047;553;12;0;0
33048;403;16;1;0
33049;274;17;2;1
33050;50;12;0;0
33051;155;18;0;0
33052;496;27;1;0
33053;60;10;0;0
33054;240;27;2;1
33055;359;27;0;0
33056;157;13;1;0
33057;484;15;0;0
33058;365;29;0;0
33059;253;33;0;1
33060;63;6;0;0
33061;123;14;1;0
33062;689;47;0;0
33063;541;39;2;0
33064;356;29;2;1
33065;246;21;2;0
33066;569;23;0;0
33067;393;19;0;0
33068;299;16;1;1
33069;50;16;1;0
33070;126;21;0;0
33071;590;36;0;0
33072;467;32;2;0
33073;85;14;0;0
33074;372;27;0;1
33075;278;16;1;0
33076;400;24;0;0
33077;254;29;2;1
33078;49;6;1;0
33079;169;7;0;0
33080;432;45;0;0
33081;291;36;1;0
33082;235;18;2;1
33083;54;13;0;0
33084;124;18;1;0
33085;466;36;0;0
33086;57;9;0;0
33087;263;32;2;1
33088;327;34;0;0
33089;175;14;1;0
33090;532;24;0;0
33091;55;7;0;0
33092;249;14;4;1
33093;381;20;1;0
33094;162;12;4;0
33095;668;47;0;0
33096;422;46;2;0
33097;339;15;2;1
33098;173;14;0;0
33099;435;37;0;0
33100;150;30;4;0
33101;249;29;2;1
33102;347;25;0;0
33103;48;16;0;0
33104;497;19;0;0
33105;365;18;1;0
33106;251;22;3;1
33107;47;15;0;0
33108;166;15;3;0
33109;466;50;0;0
33110;340;26;1;0
33111;58;10;1;0
33112;252;25;5;1
33113;142;16;0;0
33114;454;30;0;0
33115;336;27;0;0
33116;240;22;3;1
33117;54;14;0;0
33118;166;18;4;0
33119;461;30;0;0
33120;324;28;0;0
33121;240;23;4;1
33122;53;9;1;0
33123;120;18;1;0
33124;393;34;0;0
33125;275;32;0;0
33126;51;13;1;0
33127;216;12;1;1
33128;152;15;2;0
33129;277;17;2;1
33130;56;8;0;0
33131;183;17;4;0
33132;432;31;0;0
33133;461;15;0;0
33134;358;11;0;0
33135;278;7;1;1
33136;73;4;0;0
33137;175;7;3;0
33138;381;34;0;0
33139;309;25;2;0
33140;246;13;5;1
33141;55;7;0;0
33142;143;15;2;0
33143;494;45;0;0
33144;53;10;1;0
33145;318;32;2;1
33146;390;41;2;0
33147;178;23;4;0
33148;417;45;0;0
33149;363;14;0;0
33150;280;13;2;1
33151;65;3;0;0
33152;172;7;2;0
33153;882;51;0;0
33154;662;50;1;0
33155;392;33;1;1
33156;184;19;4;0
33157;1007;27;0;0
33158;522;38;1;1
33159;725;34;3;0
33160;399;20;1;0
33161;483;16;0;0
33162;345;22;1;0
33163;248;17;4;1
33164;50;8;2;0
33165;140;14;1;0
33166;56;3;1;0
33167;380;31;0;0
33168;291;25;1;0
33169;239;12;3;1
33170;136;11;1;0
33171;477;57;1;0
33172;141;39;1;0
33173;386;54;1;1
33174;68;23;0;0
33175;658;124;0;52
33176;92;13;1;0
33177;168;23;2;0
33178;279;24;2;1
33179;392;69;1;0
33180;477;61;25;0
33181;41;1;1;0
33182;369;64;0;0
33183;147;46;0;0
33184;97;2;1;0
33185;113;22;0;1
33186;528;38;0;0
33187;95;2;0;0
33188;142;8;0;0
33189;331;15;3;1
33190;522;8;1;0
33191;434;27;0;0
33192;620;44;2;0
33193;64;1;0;0
33194;91;14;1;0
33195;291;24;0;1
33196;281;47;2;0
33197;49;2;1;0
33198;68;17;2;0
33199;144;18;0;1
33200;257;30;0;0
33201;437;163;0;0
33202;361;38;10;40
33203;253;9;2;1
33204;167;3;1;0
33205;87;0;0;0
33206;76;7;0;0
33207;129;10;1;0
33208;195;30;1;1
33209;290;66;2;0
33210;431;65;0;0
33211;547;44;0;0
33212;109;9;0;0
33213;135;21;2;0
33214;133;42;1;1
33215;409;22;3;0
33216;54;5;2;0
33217;97;5;1;0
33218;185;14;1;1
33219;341;12;1;0
33220;553;9;0;0
33221;138;7;1;0
33222;499;84;0;15
33223;61;9;1;0
33224;371;75;5;18
33225;319;12;3;1
33226;666;23;0;0
33227;433;43;1;0
33228;93;3;0;0
33229;150;8;3;0
33230;216;34;3;1
33231;40;6;0;0
33232;75;8;1;0
33233;188;10;0;1
33234;353;18;1;0
33235;401;48;0;0
33236;110;6;1;0
33237;487;18;0;6
33238;277;75;5;0
33239;310;13;2;1
33240;219;9;1;0
33241;1401;85;5;62
33242;190;7;1;0
33243;334;11;2;0
33244;738;20;0;1
33245;1285;40;0;0
33246;56;2;1;0
33247;423;27;0;0
33248;104;11;0;0
33249;229;8;1;1
33250;321;31;2;0
33251;185;12;1;0
33252;669;102;23;41
33253;619;34;2;0
33254;104;9;0;0
33255;460;22;2;1
33256;291;60;3;0
33257;94;9;0;0
33258;123;6;3;0
33259;270;36;2;1
33260;486;21;0;13
33261;96;10;0;0
33262;180;16;2;4
33263;280;17;4;3
33264;431;8;0;4
33265;103;17;2;0
33266;197;25;1;1
33267;313;4;3;0
33268;468;3;2;0
33269;112;11;0;0
33270;218;6;7;1
33271;318;6;12;0
33272;568;13;0;0
33273;43;11;0;0
33274;159;19;1;1
33275;288;16;1;0
33276;429;25;1;0
33277;110;9;0;0
33278;218;10;2;1
33279;423;8;1;0
33280;306;14;2;0
33281;94;14;1;0
33282;229;13;3;1
33283;301;19;1;0
33284;390;27;1;0
33285;112;15;2;0
33286;236;8;4;1
33287;325;29;3;0
33288;488;23;0;0
33289;100;23;1;0
33290;189;28;1;1
33291;273;25;3;0
33292;449;15;1;0
33293;98;16;1;0
33294;197;10;1;1
33295;299;12;2;0
33296;440;14;2;0
33297;134;18;1;0
33298;221;30;4;1
33299;343;37;1;0
33300;476;10;1;0
33301;65;41;1;0
33302;154;32;5;1
33303;236;35;4;0
33304;383;33;6;0
33305;97;16;0;0
33306;182;18;4;1
33307;293;16;4;0
33308;458;17;0;0
33309;97;17;0;0
33310;191;32;2;1
33311;309;20;7;0
33312;464;8;2;0
33313;101;22;1;0
33314;216;25;2;1
33315;357;14;1;0
33316;563;5;0;40
33317;78;29;0;0
33318;179;36;10;1
33319;322;9;9;1
33320;479;16;2;0
33321;82;12;0;0
33322;166;26;0;1
33323;259;24;6;0
33324;419;9;7;0
33325;78;20;0;0
33326;228;37;6;1
33327;265;42;7;0
33328;548;19;1;0
33329;289;22;0;0
33330;193;23;2;1
33331;129;18;0;0
33332;59;10;0;0
33333;366;17;2;0
33334;455;16;0;0
33335;240;24;3;1
33336;155;20;2;0
33337;72;19;0;0
33338;48;5;2;0
33339;113;8;3;0
33340;157;19;1;1
33341;213;52;2;0
33342;384;28;0;0
33343;64;6;2;0
33344;64;21;0;0
33345;96;36;1;1
33346;161;43;4;0
33347;266;36;0;0
33348;58;7;0;0
33349;130;18;2;0
33350;344;26;2;1
33351;475;56;0;0
33352;200;83;0;0
33353;27;11;0;0
33354;60;18;1;0
33355;116;59;5;1
33356;91;6;1;0
33357;149;15;2;0
33358;237;19;1;1
33359;313;41;0;0
33360;55;1;0;0
33361;86;10;0;0
33362;233;22;1;1
33363;447;21;0;0
33364;225;42;2;0
33365;256;59;0;1
33366;326;69;0;4
33367;237;29;4;0
33368;270;32;2;1
33369;311;47;1;0
33370;374;44;0;0
33371;145;40;6;0
33372;216;63;1;1
33373;262;80;0;0
33374;286;17;1;0
33375;319;103;0;1
33376;581;45;0;0
33377;475;60;51;10
33378;336;131;0;0
33379;179;19;1;0
33380;56;3;0;0
33381;513;45;1;4
33382;296;13;3;1
33383;437;21;2;0
33384;122;15;2;0
33385;586;85;2;28
33386;261;45;5;1
33387;513;37;1;0
33388;67;9;0;0
33389;173;13;3;0
33390;45;5;1;0
33391;102;22;2;0
33392;334;34;4;0
33393;266;37;0;8
33394;253;6;1;1
33395;539;37;0;0
33396;278;29;1;1
33397;427;26;10;52
33398;81;6;0;2
33399;121;30;1;0
33400;545;18;0;0
33401;429;13;4;0
33402;262;29;1;1
33403;53;9;1;0
33404;163;26;5;0
33405;574;50;1;1
33406;255;23;2;1
33407;49;16;0;0
33408;433;31;0;0
33409;460;48;0;0
33410;138;18;0;0
33411;1397;92;1;0
33412;1344;126;2;10
33413;301;54;1;0
33414;443;27;1;0
33415;248;17;1;1
33416;65;3;0;0
33417;127;13;1;0
33418;491;26;2;0
33419;574;34;0;0
33420;385;25;1;1
33421;259;18;3;0
33422;149;16;0;0
33423;416;36;1;13
33424;67;6;1;0
33425;107;9;2;0
33426;472;28;0;0
33427;288;19;0;1
33428;489;37;6;0
33429;363;54;1;0
33430;92;16;3;0
33431;309;29;0;1
33432;53;11;0;0
33433;406;26;0;0
33434;191;21;2;1
33435;37;8;0;0
33436;328;33;13;0
33437;94;11;0;0
33438;428;14;0;0
33439;131;28;1;0
33440;491;69;21;110
33441;170;59;2;1
33442;76;5;2;0
33443;30;20;0;0
33444;204;6;2;1
33445;297;18;4;0
33446;364;28;0;2
33447;96;3;1;0
33448;48;2;0;0
33449;103;8;0;0
33450;189;18;2;1
33451;279;32;0;0
33452;475;12;0;0
33453;416;60;0;1
33454;499;66;2;8
33455;96;9;0;0
33456;125;13;2;0
33457;211;14;4;1
33458;409;25;2;0
33459;339;7;1;0
33460;56;6;0;0
33461;85;4;2;0
33462;154;2;2;1
33463;494;45;2;0
33464;353;38;2;0
33465;256;31;3;1
33466;70;3;0;0
33467;149;23;1;0
33468;64;9;0;0
33469;112;12;1;0
33470;252;15;2;1
33471;345;27;1;0
33472;488;23;0;0
33473;307;39;0;18
33474;59;3;0;0
33475;121;11;0;0
33476;280;25;3;1
33477;482;11;0;42
33478;68;9;2;0
33479;98;15;3;0
33480;199;28;0;1
33481;317;83;0;0
33482;458;42;0;0
33483;361;42;3;0
33484;286;20;1;1
33485;64;6;0;0
33486;134;22;1;0
33487;821;55;0;0
33488;633;46;0;0
33489;425;44;0;1
33490;284;24;0;0
33491;79;5;1;0
33492;120;23;0;0
33493;182;27;1;1
33494;312;47;1;0
33495;374;56;0;0
33496;421;45;6;2
33497;75;3;0;0
33498;121;9;1;0
33499;229;20;2;1
33500;384;12;2;0
33501;467;21;0;3
33502;59;0;0;0
33503;104;2;0;0
33504;222;2;0;2
33505;257;53;0;0
33506;465;42;0;0
33507;338;41;3;0
33508;54;8;0;0
33509;234;28;2;1
33510;130;18;0;0
33511;488;49;0;0
33512;379;30;2;0
33513;260;24;2;1
33514;67;4;0;0
33515;135;20;1;0
33516;112;27;0;0
33517;270;28;5;1
33518;415;27;2;0
33519;657;31;0;0
33520;60;3;0;0
33521;346;32;2;0
33522;109;4;1;0
33523;261;7;3;1
33524;459;33;1;1
33525;60;7;0;0
33526;76;37;2;0
33527;218;22;2;1
33528;320;18;2;0
33529;471;28;1;0
33530;48;8;0;0
33531;98;12;0;0
33532;194;21;1;1
33533;314;35;1;0
33534;425;47;2;0
33535;474;24;1;79
33536;614;22;0;0
33537;286;41;2;1
33538;217;13;0;0
33539;456;25;0;0
33540;302;27;1;0
33541;196;8;2;1
33542;46;4;0;0
33543;120;7;0;0
33544;955;20;0;0
33545;750;35;0;0
33546;517;33;1;1
33547;357;17;3;0
33548;108;26;1;0
33549;224;28;3;1
33550;325;31;1;0
33551;469;25;0;0
33552;523;44;0;0
33553;365;38;1;0
33554;62;7;1;0
33555;274;24;0;1
33556;173;12;1;0
33557;493;24;0;0
33558;387;23;3;0
33559;251;15;2;1
33560;45;9;0;0
33561;173;15;1;0
33562;113;6;2;0
33563;231;22;3;1
33564;345;26;2;0
33565;495;20;2;0
33566;871;28;0;0
33567;660;30;1;0
33568;516;29;1;1
33569;362;36;0;0
33570;590;18;0;0
33571;266;25;4;1
33572;377;35;14;38
33573;54;1;0;0
33574;90;15;1;0
33575;75;5;0;0
33576;110;10;0;0
33577;209;20;0;1
33578;330;35;0;0
33579;427;38;4;0
33580;1016;29;1;0
33581;781;41;1;0
33582;511;41;2;1
33583;300;22;2;0
33584;440;48;0;0
33585;340;48;2;0
33586;233;34;2;1
33587;55;10;0;0
33588;123;14;0;0
33589;604;18;0;0
33590;89;2;0;0
33591;266;27;2;1
33592;411;47;0;0
33593;181;15;1;0
33594;473;97;18;15
33595;377;87;0;7
33596;68;8;2;0
33597;157;6;2;0
33598;232;53;1;1
33599;105;28;2;0
33600;174;42;18;1
33601;364;29;10;0
33602;510;39;2;0
33603;475;34;0;0
33604;336;25;0;0
33605;286;35;2;1
33606;115;12;2;0
33607;210;18;1;0
33608;84;47;2;0
33609;189;49;4;1
33610;296;39;5;0
33611;475;35;0;0
33612;54;2;1;0
33613;438;20;13;31
33614;74;1;2;0
33615;134;13;0;1
33616;349;24;6;0
33617;92;30;0;0
33618;204;20;1;1
33619;284;29;1;0
33620;361;26;8;0
33621;44;0;0;0
33622;222;45;0;0
33623;70;3;0;0
33624;142;8;0;1
33625;406;33;1;0
33626;64;7;1;0
33627;127;10;0;0
33628;279;15;2;1
33629;369;21;0;0
33630;221;58;12;0
33631;42;4;1;0
33632;72;14;1;0
33633;121;42;0;1
33634;196;60;3;0
33635;453;35;0;0
33636;319;38;2;0
33637;196;21;1;1
33638;53;13;0;0
33639;88;14;0;0
33640;64;1;0;0
33641;496;32;0;0
33642;110;6;1;0
33643;193;8;0;1
33644;326;14;1;0
33645;738;25;0;41
33646;53;5;0;0
33647;86;8;1;0
33648;182;13;1;9
33649;513;79;2;34
33650;79;16;1;0
33651;403;30;0;0
33652;117;15;1;0
33653;179;23;3;1
33654;302;28;1;0
33655;90;1;0;0
33656;129;8;1;0
33657;230;9;1;1
33658;378;27;0;0
33659;516;29;0;0
33660;446;40;1;0
33661;298;37;2;0
33662;204;20;1;1
33663;50;2;0;0
33664;128;9;0;0
33665;64;26;1;0
33666;135;13;14;1
33667;295;8;3;0
33668;537;4;0;0
33669;81;33;0;0
33670;240;31;2;1
33671;353;13;1;0
33672;511;14;0;0
33673;556;29;0;0
33674;333;27;0;0
33675;234;33;3;1
33676;46;7;2;0
33677;149;13;3;0
33678;84;15;0;0
33679;168;32;0;1
33680;287;18;1;0
33681;407;27;0;0
33682;1374;58;0;185
33683;1132;29;1;0
33684;834;62;1;0
33685;546;51;2;1
33686;377;42;2;0
33687;113;24;2;0
33688;224;18;5;1
33689;347;25;4;0
33690;498;20;0;0
33691;115;38;0;80
33692;262;33;2;81
33693;385;33;3;80
33694;672;26;0;80
33695;97;8;2;0
33696;181;8;1;0
33697;290;15;2;1
33698;399;5;3;0
33699;479;5;0;0
33700;551;45;0;0
33701;462;33;4;0
33702;318;13;0;1
33703;53;1;0;0
33704;152;7;1;0
33705;91;3;0;0
33706;124;6;2;0
33707;222;12;1;1
33708;318;27;1;0
33709;390;24;0;0
33710;344;18;0;0
33711;74;2;0;0
33712;112;2;3;0
33713;174;8;1;1
33714;236;4;2;0
33715;65;14;0;0
33716;456;69;0;0
33717;100;16;1;0
33718;208;26;2;1
33719;328;65;0;0
33720;118;35;2;1
33721;235;55;1;0
33722;226;80;15;27
33723;43;11;0;0
33724;78;16;1;0
33725;803;39;0;0
33726;604;41;0;0
33727;458;21;0;1
33728;302;19;0;0
33729;627;43;1;0
33730;60;12;0;0
33731;216;32;1;0
33732;322;40;2;1
33733;462;43;2;0
33734;96;5;0;0
33735;179;12;1;0
33736;251;26;2;1
33737;343;31;1;0
33738;451;33;2;0
33739;749;37;0;0
33740;489;36;0;0
33741;343;30;0;1
33742;206;24;1;0
33743;551;25;0;0
33744;446;20;1;0
33745;348;22;0;1
33746;76;6;1;0
33747;174;13;4;0
33748;51;2;0;0
33749;355;86;1;1
33750;82;16;1;0
33751;166;20;3;1
33752;319;31;0;0
33753;157;46;1;0
33754;340;40;2;1
33755;486;96;0;0
33756;46;65;2;0
33757;645;121;4;1
33758;112;8;1;0
33759;132;19;1;0
33760;229;22;2;1
33761;345;27;0;0
33762;456;30;0;0
33763;488;37;0;0
33764;325;61;1;0
33765;283;27;0;1
33766;58;7;0;0
33767;150;27;1;0
33768;1438;121;0;0
33769;1102;210;12;134
33770;483;52;0;0
33771;376;43;3;0
33772;290;16;0;1
33773;54;8;1;0
33774;138;11;1;0
33775;576;21;0;0
33776;410;20;0;0
33777;294;6;0;1
33778;62;4;0;0
33779;167;6;1;0
33780;74;3;0;0
33781;106;6;1;0
33782;171;8;0;1
33783;245;14;3;0
33784;330;28;0;0
33785;119;34;1;0
33786;237;35;3;1
33787;376;33;4;0
33788;650;22;0;0
33789;95;32;0;0
33790;208;23;4;1
33791;308;25;4;0
33792;573;26;0;0
33793;90;18;1;0
33794;200;22;3;1
33795;311;9;1;2
33796;480;17;2;5
33797;529;69;1;6
33798;108;33;1;4
33799;256;46;10;4
33800;370;87;8;5
33801;108;0;0;0
33802;162;5;0;0
33803;275;11;0;1
33804;372;37;0;0
33805;447;54;0;0
33806;173;28;0;6
33807;286;38;3;4
33808;452;44;3;3
33809;779;28;2;9
33810;67;14;0;0
33811;330;70;0;0
33812;106;23;1;0
33813;210;34;2;1
33814;535;40;0;0
33815;420;34;0;0
33816;278;20;0;1
33817;60;6;0;0
33818;161;15;1;0
33819;346;38;0;0
33820;177;26;0;1
33821;312;7;2;1
33822;88;10;0;0
33823;53;6;0;0
33824;681;68;0;0
33825;532;57;3;34
33826;142;19;1;0
33827;384;47;4;1
33828;70;7;0;0
33829;80;8;0;0
33830;528;26;0;0
33831;115;22;1;0
33832;250;24;2;1
33833;395;26;0;0
33834;324;39;0;0
33835;102;10;0;0
33836;41;4;0;0
33837;185;43;11;23
33838;149;41;2;1
33839;601;27;0;0
33840;79;17;2;0
33841;273;25;0;1
33842;449;24;2;0
33843;201;8;1;0
33844;579;26;0;0
33845;405;31;1;0
33846;257;24;4;1
33847;42;7;0;0
33848;116;20;1;0
33849;412;65;0;0
33850;288;46;0;0
33851;218;17;1;1
33852;63;1;2;0
33853;115;15;0;0
33854;357;44;5;0
33855;196;28;0;1
33856;307;81;2;6
33857;69;9;0;0
33858;121;25;2;1
33859;86;5;2;0
33860;148;9;1;0
33861;262;12;2;1
33862;348;24;2;0
33863;494;23;0;0
33864;78;13;1;0
33865;116;14;2;0
33866;189;16;1;1
33867;339;26;2;0
33868;472;23;0;0
33869;355;22;1;0
33870;440;29;0;0
33871;266;30;0;1
33872;128;34;1;0
33873;66;15;2;0
33874;74;3;0;0
33875;130;3;0;0
33876;231;15;0;1
33877;289;31;0;0
33878;62;12;0;0
33879;109;13;0;0
33880;170;12;0;1
33881;324;14;0;0
33882;470;14;0;10
33883;628;54;0;0
33884;558;14;0;2
33885;239;15;1;1
33886;67;1;1;0
33887;133;9;1;0
33888;58;7;0;0
33889;296;36;0;0
33890;105;8;2;0
33891;184;30;2;1
33892;81;16;4;0
33893;165;41;12;0
33894;282;31;6;1
33895;408;51;8;0
33896;113;2;0;0
33897;227;0;0;0
33898;306;30;0;1
33899;486;6;0;0
33900;169;6;0;0
33901;219;13;0;0
33902;343;52;0;0
33903;373;120;0;0
33904;826;110;2;0
33905;1034;186;37;89
33906;141;8;0;0
33907;275;112;6;26
33908;430;126;11;20
33909;440;239;10;110
33910;232;27;10;0
33911;354;20;12;7
33912;503;46;10;0
33913;814;20;6;0
33914;150;22;0;0
33915;326;28;0;1
33916;529;20;0;0
33917;702;22;0;0
33918;820;52;4;4
33919;1522;73;9;141
33920;1559;74;5;141
33921;92;28;0;0
33922;227;44;0;1
33923;413;78;0;93
33924;646;45;1;0
33925;761;26;6;10
33926;109;19;0;0
33927;222;37;2;10
33928;400;48;7;24
33929;134;16;0;0
33930;271;12;1;0
33931;424;7;0;1
33932;531;30;0;0
33933;582;30;0;0
33934;689;46;12;0
33935;800;33;16;10
33936;282;59;8;0
33937;597;77;6;1
33938;777;137;0;0
33939;814;149;6;92
33940;851;43;1;4
33941;1330;116;5;143
33942;1512;74;7;141
33943;287;50;5;7
33944;576;52;5;55
33945;1526;158;31;276
33946;242;26;0;0
33947;420;35;0;1
33948;798;18;0;29
33949;941;18;0;29
33950;853;42;0;115
33951;989;5;1;69
33952;562;29;1;77
33953;288;29;0;16
33954;129;30;1;16
33955;331;53;0;46
33956;507;112;0;188
33957;983;5;0;58
33958;988;6;0;69
33959;264;31;0;0
33960;470;58;0;0
33961;843;16;0;1
33962;1000;20;2;0
33963;1109;15;3;0
33964;189;19;0;0
33965;330;23;0;1
33966;648;42;0;9
33967;167;1;0;0
33968;352;0;0;1
33969;518;2;0;0
33970;698;5;0;0
33971;106;6;0;0
33972;183;6;1;0
33973;294;36;0;1
33974;438;53;0;0
33975;109;10;0;0
33976;218;0;0;0
33977;358;0;0;1
33978;613;3;0;29
33979;119;22;6;0
33980;202;32;1;0
33981;280;49;8;1
33982;364;110;8;0
33983;574;73;8;10
33984;219;9;0;0
33985;388;10;0;1
33986;648;13;0;0
33987;857;12;0;0
33988;275;22;4;0
33989;341;65;14;1
33990;426;87;10;104
33991;746;42;2;122
33992;315;23;0;0
33993;490;103;1;0
33994;801;104;0;1
33995;1172;122;0;8
33996;1396;131;0;65
33997;234;56;4;25
33998;373;37;5;11
33999;534;54;10;12
34000;732;63;10;14
34001;268;3;0;0
34002;332;3;0;0
34003;88;11;0;0
34004;199;11;0;0
34005;482;10;0;0
34006;724;41;1;0
34007;990;38;5;0
34008;55;0;0;0
34009;208;0;0;38
34010;333;0;0;45
34011;432;0;0;53
34012;539;0;0;72
34013;69;0;0;0
34014;154;1;0;0
34015;322;16;1;0
34016;279;69;0;0
34017;437;49;0;0
34018;77;4;0;0
34019;209;27;0;0
34020;286;60;0;0
34021;496;47;0;0
34022;846;35;0;0
34023;58;12;0;0
34024;143;36;0;0
34025;324;0;0;0
34026;540;0;0;4
34027;685;12;0;4
34028;105;2;0;0
34029;260;26;0;0
34030;387;60;0;0
34031;548;54;12;51
34032;683;44;5;38
34033;145;26;0;0
34034;312;22;0;0
34035;441;53;0;0
34036;710;67;4;10
34037;895;65;5;5
34038;75;9;0;0
34039;263;10;0;0
34040;335;14;0;2
34041;449;36;0;2
34042;653;10;0;2
34043;87;16;0;0
34044;192;3;0;0
34045;272;29;0;0
34046;372;39;0;0
34047;530;64;0;18
34048;69;0;0;0
34049;200;0;0;0
34050;267;29;4;0
34051;375;89;0;0
34052;480;95;0;6
34053;68;12;0;0
34054;111;28;0;0
34055;287;34;0;0
34056;410;69;0;0
34057;615;52;0;0
34058;109;9;0;0
34059;188;15;0;0
34060;422;14;0;0
34061;608;46;0;4
34062;797;30;0;21
34063;1612;75;0;49
34064;104;8;0;0
34065;239;14;0;0
34066;350;76;0;0
34067;568;116;0;5
34068;675;144;0;4
34069;108;39;0;0
34070;274;31;0;0
34071;540;43;6;0
34072;835;34;4;53
34073;1087;24;0;11
34074;160;17;0;0
34075;317;29;0;0
34076;546;34;0;0
34077;725;59;0;29
34078;913;80;0;30
34079;72;12;0;0
34080;226;22;0;0
34081;338;25;0;0
34082;492;19;0;0
34083;693;40;0;0
34084;63;0;0;0
34085;163;14;0;0
34086;250;15;0;0
34087;383;30;0;0
34088;634;0;0;0
34089;60;1;0;0
34090;167;3;0;0
34091;307;1;0;0
34092;510;8;0;0
34093;638;44;0;0
34094;118;0;0;0
34095;258;23;0;0
34096;412;10;0;0
34097;606;85;0;0
34098;712;91;0;72
34099;110;0;0;0
34100;225;3;0;0
34101;288;12;0;0
34102;397;26;0;0
34103;542;26;0;16
34104;61;0;0;0
34105;141;2;0;0
34106;271;16;0;0
34107;426;22;0;54
34108;551;40;4;40
34109;112;0;0;0
34110;284;12;0;0
34111;436;15;0;0
34112;658;30;0;47
34113;758;8;0;40
34114;63;0;0;0
34115;281;0;0;0
34116;512;0;0;0
34117;651;0;0;58
34118;812;0;0;0
34119;63;10;0;0
34120;165;11;0;0
34121;312;15;0;5
34122;435;13;0;5
34123;543;7;0;5
34124;158;11;0;0
34125;216;9;0;0
34126;468;36;0;0
34127;771;62;0;0
34128;1035;38;0;32
34129;63;2;0;0
34130;173;2;0;0
34131;239;62;0;0
34132;370;31;0;0
34133;590;0;0;47
34134;104;3;0;0
34135;280;26;0;0
34136;461;52;0;47
34137;665;43;0;68
34138;754;49;0;80
34139;2650;107;45;24
34140;855;40;1;0
34141;490;41;1;0
34142;345;15;1;1
34143;236;6;1;0
34144;116;16;0;0
34145;1115;33;10;0
34146;291;73;5;0
34147;1315;40;21;0
34148;509;28;3;1
34149;173;4;0;0
34150;798;50;3;0
34151;524;48;2;0
34152;340;16;2;1
34153;219;19;0;0
34154;100;4;0;0
34155;471;37;0;55
34156;109;4;0;0
34157;183;5;2;0
34158;304;16;0;1
34159;343;27;2;0
34160;762;46;15;73
34161;88;0;0;0
34162;157;34;3;1
34163;275;71;2;1
34164;550;38;3;0
34165;560;94;2;13
34166;752;98;0;65
34167;444;75;0;68
34168;347;7;1;1
34169;151;8;0;0
34170;767;80;0;254
34171;109;6;0;0
34172;257;17;0;0
34173;422;29;0;3
34174;975;1;1;101
34175;588;47;5;0
34176;213;28;3;0
34177;68;1;1;0
34178;451;63;1;0
34179;367;22;4;1
34180;457;116;2;122
34181;401;59;4;4
34182;291;8;0;22
34183;140;2;0;0
34184;73;4;1;0
34185;645;25;2;98
34186;826;12;14;0
34187;394;23;1;52
34188;244;30;3;30
34189;92;10;0;16
34190;839;50;0;102
34191;238;33;2;0
34192;68;14;1;0
34193;46;1;0;0
34194;144;15;2;1
34195;328;30;0;0
34196;508;54;3;0
34197;365;7;2;1
34198;506;93;1;0
34199;228;1;2;0
34200;86;1;0;0
34201;631;69;1;4
34202;322;36;1;1
34203;141;14;1;0
34204;95;3;0;0
34205;946;98;1;38
34206;319;33;4;0
34207;393;41;2;0
34208;230;13;3;1
34209;113;6;2;0
34210;70;1;1;0
34211;555;40;3;12
34212;407;10;1;0
34213;265;2;1;1
34214;158;1;1;0
34215;61;0;0;0
34216;690;43;1;31
34217;494;54;15;0
34218;86;1;1;0
34219;176;14;1;0
34220;346;39;2;1
34221;776;29;1;24
34222;389;10;1;1
34223;267;9;3;0
34224;65;0;0;0
34225;650;10;0;0
34226;550;19;1;179
34227;615;61;0;207
34228;378;8;1;1
34229;251;41;3;0
34230;117;12;1;0
34231;547;111;2;0
34232;110;3;1;0
34233;242;9;0;0
34234;342;46;3;1
34235;397;37;3;0
34236;1027;39;0;201
34237;713;12;10;1
34238;429;21;1;102
34239;139;8;1;8
34240;63;0;0;0
34241;600;13;1;53
34242;343;41;1;1
34243;221;11;1;0
34244;97;1;1;0
34245;527;66;6;189
34246;122;20;4;2
34247;92;0;0;0
34248;397;48;5;88
34249;194;21;1;1
34250;393;23;3;0
34251;492;31;1;75
34252;185;21;1;0
34253;50;10;0;0
34254;625;31;2;156
34255;286;17;2;2
34256;603;90;1;167
34257;269;22;1;36
34258;450;49;3;43
34259;176;27;1;23
34260;82;9;0;0
34261;575;156;0;0
34262;545;105;1;2
34263;436;14;2;5
34264;320;24;1;0
34265;172;15;0;0
34266;470;60;1;5
34267;56;2;0;0
34268;123;9;0;0
34269;261;33;2;1
34270;349;16;3;2
34271;688;30;3;42
34272;81;2;0;0
34273;144;11;1;0
34274;315;46;3;1
34275;372;58;4;0
34276;434;60;0;63
34277;45;1;0;0
34278;90;5;1;0
34279;203;3;1;1
34280;271;5;2;0
34281;491;0;4;78
34282;73;3;0;0
34283;118;6;3;0
34284;247;8;3;1
34285;344;11;3;3
34286;828;59;2;0
34287;109;2;0;0
34288;178;14;0;0
34289;403;21;4;1
34290;628;57;1;0
34291;646;50;0;0
34292;85;2;0;0
34293;157;9;1;0
34294;266;56;2;1
34295;648;50;0;0
34296;460;17;3;0
34297;42;1;0;0
34298;83;4;3;0
34299;208;13;1;1
34300;270;16;2;0
34301;378;41;3;0
34302;789;29;1;17
34303;91;6;0;0
34304;136;7;1;0
34305;295;35;1;1
34306;462;22;1;0
34307;546;79;12;207
34308;378;44;1;13
34309;294;18;1;1
34310;168;15;1;0
34311;47;0;0;0
34312;840;40;0;3
34313;76;1;0;0
34314;172;1;3;0
34315;316;7;2;1
34316;385;17;17;0
34317;625;14;2;15
34318;57;2;0;0
34319;88;0;0;0
34320;239;17;1;1
34321;416;27;2;0
34322;877;39;4;0
34323;79;2;0;0
34324;102;27;1;0
34325;323;64;3;1
34326;460;55;16;0
34327;751;41;2;3
34328;71;0;0;0
34329;127;3;0;0
34330;306;43;1;1
34331;345;67;1;0
34332;783;6;0;151
34333;66;2;1;0
34334;92;13;1;0
34335;157;25;9;1
34336;457;5;11;3
34337;723;70;2;60
34338;76;0;0;0
34339;127;4;1;0
34340;277;24;3;1
34341;384;50;1;0
34342;497;46;3;46
34343;373;15;2;0
34344;264;7;2;1
34345;185;2;2;0
34346;79;0;0;0
34347;830;46;0;108
34348;72;0;0;0
34349;194;20;1;0
34350;305;34;2;1
34351;552;15;11;0
34352;641;30;2;23
34353;859;30;1;39
34354;101;2;1;0
34355;198;4;1;0
34356;435;11;2;1
34357;807;5;1;0
34358;1108;15;2;0
34359;89;1;1;0
34360;148;11;2;0
34361;316;30;5;1
34362;552;15;7;0
34363;698;18;4;79
34364;70;1;0;0
34365;118;8;1;0
34366;249;10;0;1
34367;391;20;1;0
34368;680;79;1;4
34369;74;0;0;0
34370;150;5;1;0
34371;336;23;7;1
34372;422;58;1;6
34373;742;12;4;1089
34374;67;0;1;0
34375;134;3;2;0
34376;293;17;2;1
34377;383;16;12;6
34378;716;97;35;18
34379;539;9;50;0
34380;84;1;0;0
34381;173;15;0;0
34382;404;37;1;1
34383;493;75;0;0
34384;554;61;0;0
34385;63;1;1;0
34386;174;19;1;0
34387;250;43;3;1
34388;365;55;0;0
34389;607;29;3;27
34390;71;2;0;0
34391;109;12;1;0
34392;329;2;2;1
34393;411;20;0;4
34394;1284;19;1;1
34395;115;43;1;0
34396;346;11;23;1
34397;586;33;1;0
34398;69;1;0;0
34399;1314;54;0;6
34400;146;0;0;0
34401;209;56;3;0
34402;503;48;0;1
34403;814;58;42;2
34404;684;116;3;38
34405;90;4;0;0
34406;340;74;1;1
34407;239;17;1;0
34408;444;88;2;0
34409;626;30;1;31
34410;65;2;1;0
34411;112;3;2;0
34412;260;16;2;1
34413;504;19;2;0
34414;408;64;1;0
34415;84;0;1;0
34416;110;10;1;0
34417;172;28;1;1
34418;297;50;2;0
34419;653;93;3;0
34420;112;2;2;0
34421;138;0;2;0
34422;232;48;2;1
34423;469;5;3;0
34424;550;69;1;52
34425;87;2;1;0
34426;134;37;2;0
34427;258;46;2;1
34428;398;34;2;0
34429;806;53;1;7
34430;85;2;0;0
34431;162;11;1;0
34432;275;14;0;1
34433;430;99;4;5
34434;745;20;0;38
34435;69;0;0;0
34436;155;33;1;0
34437;317;31;2;1
34438;358;50;6;0
34439;837;51;4;12
34440;88;2;0;0
34441;153;18;2;0
34442;264;30;5;1
34443;538;25;29;0
34444;652;22;1;12
34445;73;2;0;0
34446;93;2;0;0
34447;185;13;0;1
34448;403;5;5;3
34449;930;87;16;29
34450;784;87;26;56
34451;92;3;1;0
34452;162;16;2;0
34453;360;22;3;1
34454;535;21;2;0
34455;690;2;4;84
34456;67;0;0;0
34457;125;3;0;0
34458;283;8;4;1
34459;431;6;3;0
34460;682;29;1;84
34461;460;23;1;16
34462;82;5;0;0
34463;119;17;1;0
34464;204;20;4;1
34465;645;28;2;52
34466;535;100;1;10
34467;348;76;2;0
34468;76;0;0;0
34469;157;22;1;0
34470;251;58;4;1
34471;440;3;6;16
34472;386;42;8;13
34473;74;3;0;0
34474;112;7;1;0
34475;199;23;1;1
34476;357;17;0;0
34477;743;16;2;74
34478;85;1;0;0
34479;127;9;0;0
34480;236;24;2;1
34481;476;13;1;0
34482;470;71;10;0
34483;819;42;0;0
34484;83;2;0;0
34485;125;17;3;0
34486;286;37;3;1
34487;361;56;1;0
34488;950;1;6;4
34489;586;0;5;5
34490;68;0;0;0
34491;91;23;3;0
34492;315;40;3;1
34493;575;32;4;101
34494;88;9;0;0
34495;208;23;1;0
34496;308;22;2;1
34497;452;25;2;0
34498;640;2;4;3
34499;90;3;0;0
34500;130;8;2;0
34501;275;11;1;1
34502;444;1;8;13
34503;1049;45;4;54
34504;74;0;0;0
34505;112;13;0;0
34506;300;26;5;1
34507;513;20;0;0
34508;933;29;0;66
34509;125;3;0;0
34510;211;6;4;0
34511;355;23;3;1
34512;569;37;0;0
34513;655;40;8;90
34514;94;6;1;0
34515;122;23;1;0
34516;221;36;2;13
34517;466;47;2;2
34518;587;56;1;32
34519;442;38;5;2
34520;81;0;1;0
34521;165;2;1;0
34522;234;47;3;1
34523;645;34;0;10
34524;528;23;0;87
34525;308;8;2;1
34526;231;3;2;0
34527;83;3;0;0
34528;800;47;3;12
34529;74;0;0;0
34530;129;12;0;0
34531;439;51;0;1
34532;1104;1;0;4
34533;691;51;8;8
34534;64;0;1;0
34535;87;13;0;0
34536;260;29;1;1
34537;502;51;16;1
34538;729;33;5;5
34539;93;1;0;0
34540;126;27;2;0
34541;272;22;3;1
34542;557;29;11;1
34543;598;40;7;87
34544;392;40;11;6
34545;70;1;0;0
34546;122;15;0;0
34547;228;45;2;1
34548;806;93;66;21
34549;499;96;54;10
34550;85;3;0;0
34551;161;34;4;0
34552;438;71;0;1
34553;632;44;1;32
34554;60;3;0;0
34555;131;14;2;0
34556;167;30;1;1
34557;355;54;1;0
34558;406;63;0;0
34559;269;69;1;0
34560;73;4;0;0
34561;121;33;1;0
34562;201;28;1;1
34563;683;67;4;3
34564;384;73;1;4
34565;89;1;0;0
34566;111;29;0;0
34567;272;29;6;2
34568;955;34;1;0
34569;219;12;1;0
34570;92;0;0;0
34571;376;13;3;1
34572;496;90;2;0
34573;773;58;24;45
34574;77;0;0;0
34575;164;9;1;0
34576;344;23;3;1
34577;570;51;4;17
34578;724;26;0;31
34579;366;20;2;7
34580;213;12;0;0
34581;94;2;0;0
34582;392;38;2;31
34583;746;70;14;98
34584;604;47;2;0
34585;287;64;2;1
34586;165;11;2;0
34587;76;0;1;0
34588;639;44;2;5
34589;69;1;0;0
34590;147;21;0;0
34591;227;50;2;1
34592;359;49;0;3
34593;512;6;0;43
34594;46;0;0;0
34595;84;6;1;0
34596;96;34;0;1
34597;178;90;1;0
34598;237;33;1;1
34599;586;33;2;4
34600;77;2;0;0
34601;141;13;0;0
34602;604;30;2;4
34603;574;68;4;4
34604;429;37;0;9
34605;71;2;1;0
34606;234;18;1;2
34607;193;6;0;0
34608;1074;5;0;61
34609;752;8;0;3
34610;407;7;3;1
34611;217;4;1;0
34612;101;0;1;0
34613;607;43;18;22
34614;435;23;3;12
34615;66;0;1;0
34616;128;18;2;0
34617;317;10;3;19
34618;495;38;38;22
34619;591;77;1;25
34620;358;67;1;0
34621;293;47;2;1
34622;222;10;2;0
34623;109;4;0;0
34624;829;62;2;10
34625;549;56;4;0
34626;84;3;0;0
34627;185;22;2;0
34628;360;42;2;1
34629;130;30;2;0
34630;73;2;0;0
34631;672;16;1;0
34632;385;27;2;0
34633;295;30;4;1
34634;649;115;4;11
34635;97;0;2;0
34636;175;22;0;0
34637;353;65;1;1
34638;391;132;0;0
34639;429;111;9;13
34640;280;52;0;6
34641;62;1;1;0
34642;97;3;2;0
34643;207;30;1;1
34644;764;22;0;51
34645;57;1;1;0
34646;177;3;1;0
34647;533;37;0;17
34648;325;15;2;1
34649;763;15;4;49
34650;581;10;0;7
34651;357;14;2;3
34652;83;1;0;0
34653;293;4;3;0
34654;751;15;3;49
34655;626;1;5;0
34656;77;2;0;0
34657;134;4;1;0
34658;285;3;2;1
34659;415;4;0;0
34660;777;10;4;28
34661;72;2;2;0
34662;109;9;1;0
34663;254;8;2;2
34664;472;21;0;0
34665;1039;2;1;21
34666;522;3;1;0
34667;258;3;0;1
34668;132;1;1;0
34669;67;0;0;0
34670;1037;1;3;31
34671;91;2;0;0
34672;181;6;1;0
34673;386;4;2;1
34674;804;6;5;0
34675;940;12;8;69
34676;504;21;1;2
34677;116;7;1;0
34678;300;14;0;0
34679;890;10;5;0
34680;706;86;1;46
34681;85;1;3;0
34682;624;70;1;8
34683;185;18;2;0
34684;474;34;1;1
34685;640;46;5;38
34686;610;35;2;258
34687;103;3;0;0
34688;141;18;1;0
34689;290;17;3;1
34690;454;36;6;0
34691;652;38;3;0
34692;987;40;7;3
34693;76;2;1;0
34694;120;8;1;0
34695;165;14;1;1
34696;558;24;4;0
34697;689;29;1;11
34698;81;0;1;0
34699;166;16;1;0
34700;258;12;1;1
34701;433;20;1;0
34702;722;53;13;18
34703;89;1;0;0
34704;179;9;3;0
34705;341;9;1;1
34706;542;30;7;1
34707;407;42;3;23
34708;58;0;0;0
34709;79;12;0;0
34710;181;12;2;1
34711;219;34;7;0
34712;569;46;25;98
34713;218;48;1;1
34714;340;35;18;15
34715;68;0;1;0
34716;142;14;1;0
34717;676;46;0;36
34718;467;44;8;0
34719;678;46;0;36
34720;337;51;3;1
34721;240;17;0;0
34722;120;2;1;0
34723;874;4;12;22
34724;71;0;0;0
34725;130;1;0;0
34726;312;5;3;1
34727;631;6;3;3
34728;1157;0;0;0
34729;112;1;0;0
34730;247;12;2;0
34731;308;1;0;1
34732;577;1;1;0
34733;680;57;2;4
34734;68;0;0;0
34735;112;0;1;0
34736;237;15;0;1
34737;448;48;1;0
34738;505;34;4;18
34739;63;1;0;0
34740;123;0;1;0
34741;291;22;3;1
34742;394;23;1;0
34743;613;57;2;41
34744;78;1;1;0
34745;164;6;1;0
34746;345;6;3;1
34747;465;42;0;0
34748;754;29;1;35
34749;78;2;0;0
34750;164;12;3;0
34751;297;12;3;1
34752;387;24;0;0
34753;809;75;3;6
34754;975;75;3;6
34755;659;10;1;0
34756;104;4;0;0
34757;233;9;0;0
34758;477;11;1;2
34759;667;71;1;11
34760;70;1;0;0
34761;126;12;0;0
34762;272;24;0;1
34763;406;40;1;0
34764;485;21;12;2
34765;642;86;20;19
34766;147;6;1;0
34767;76;0;0;0
34768;285;44;2;1
34769;545;17;7;49
34770;63;0;0;0
34771;134;2;1;0
34772;236;7;0;1
34773;375;28;1;0
34774;1143;20;1;24
34775;932;21;0;4
34776;90;0;3;0
34777;222;6;1;0
34778;602;2;1;1
34779;410;47;4;31
34780;62;0;1;0
34781;84;8;1;0
34782;173;19;0;1
34783;333;24;4;0
34784;731;37;1;18
34785;550;53;1;0
34786;76;1;0;0
34787;124;6;1;0
34788;334;9;1;1
34789;425;28;2;1
34790;67;0;0;0
34791;98;1;2;0
34792;186;13;0;1
34793;299;19;2;2
34794;583;33;18;92
34795;519;6;4;0
34796;357;22;2;1
34797;68;1;0;0
34798;185;23;1;0
34799;736;14;4;33
34800;91;0;1;0
34801;158;7;3;0
34802;387;35;3;1
34803;495;36;1;0
34804;674;62;7;27
34805;208;8;3;0
34806;112;2;1;0
34807;380;6;9;1
34808;612;16;8;0
34809;752;39;7;52
34810;685;50;12;4
34811;444;26;0;1
34812;282;18;2;0
34813;137;2;0;0
34814;640;31;27;8
34815;102;0;0;0
34816;497;53;7;0
34817;133;1;0;0
34818;387;27;1;1
34819;347;22;3;1
34820;669;65;2;25
34821;113;2;0;0
34822;224;18;0;0
34823;494;17;2;2
34824;127;1;0;0
34825;197;16;1;0
34826;490;77;1;3
34827;567;115;2;0
34828;840;73;17;18
34829;756;47;0;39
34830;607;30;10;21
34831;82;0;1;0
34832;146;30;2;0
34833;369;30;2;1
34834;756;48;0;39
34835;947;81;11;18
34836;559;81;2;1
34837;780;87;12;18
34838;122;0;1;0
34839;251;62;2;0
34840;797;96;15;30
34841;708;61;11;10
34842;115;2;1;0
34843;233;18;3;0
34844;525;20;4;5
34845;957;120;6;15
34846;640;138;14;0
34847;439;92;6;1
34848;84;1;0;0
34849;250;29;1;0
34850;726;71;9;15
34851;552;83;9;12
34852;355;49;5;1
34853;198;29;2;0
34854;98;3;0;0
34855;597;58;2;13
34856;357;87;3;0
34857;78;1;1;0
34858;187;15;3;0
34859;245;76;1;1
34860;607;19;1;0
34861;485;11;1;0
34862;106;2;1;0
34863;306;10;1;1
34864;258;11;3;0
34865;851;104;7;31
34866;561;65;3;0
34867;114;3;0;0
34868;191;8;0;0
34869;354;77;0;1
34870;742;70;6;100
34871;458;35;2;17
34872;87;2;0;0
34873;181;3;1;0
34874;564;48;3;10
34875;729;32;6;0
34876;597;39;1;1
34877;83;0;0;0
34878;177;11;1;0
34879;427;23;3;1
34880;798;47;4;19
34881;717;50;5;19
34882;98;2;0;0
34883;216;5;0;0
34884;565;34;1;1
34885;639;54;16;6
34886;701;47;5;21
34887;161;3;0;0
34888;473;63;3;0
34889;286;7;1;0
34890;399;24;2;1
34891;670;70;12;54
34892;103;2;0;0
34893;161;3;0;0
34894;322;44;0;1
34895;553;27;23;27
34896;928;18;1;35
34897;126;2;0;0
34898;460;15;2;1
34899;196;8;2;0
34900;746;12;5;0
34901;984;6;6;223
34902;133;1;1;0
34903;211;6;5;0
34904;457;37;2;31
34905;744;7;6;219
34906;869;61;1;17
34907;834;49;1;5
34908;586;40;5;6
34909;402;10;1;0
34910;166;1;0;0
34911;528;106;15;0
34912;455;117;1;0
34913;91;1;0;0
34914;306;62;5;0
34915;404;37;0;1
34916;734;92;7;54
34917;683;92;15;54
34918;92;1;0;0
34919;222;56;2;0
34920;340;39;3;5
34921;542;98;15;0
34922;462;87;4;379
34923;123;3;0;0
34924;201;4;4;0
34925;407;91;2;341
34926;352;24;2;342
34927;775;57;2;14
34928;86;1;0;0
34929;166;14;2;0
34930;307;75;10;1
34931;527;59;15;0
34932;530;48;1;15
34933;650;81;9;21
34934;869;103;6;0
34935;319;34;2;20
34936;605;37;5;25
34937;1037;13;7;3
34938;854;84;1;0
34939;623;95;5;13
34940;647;20;1;0
34941;803;60;8;1
34942;705;65;29;1
34943;823;6;0;0
34944;942;42;8;14
34945;811;51;2;17
34946;1022;49;2;55
34947;691;82;3;19
34948;865;41;2;15
34949;805;69;5;2
34950;728;52;3;67
34951;748;26;10;242
34952;1033;46;4;21
34953;737;62;3;7
34954;1256;106;20;96
34955;599;94;5;20
34956;1131;17;7;0
34957;746;73;0;0
34958;803;51;13;29
34959;516;26;2;34
34960;573;107;14;21
34961;636;3;0;29
34962;50;0;0;0
34963;164;0;0;0
34964;347;27;0;0
34965;455;100;0;0
34966;570;99;0;25
34967;144;0;0;0
34968;1216;109;0;0
34969;1534;110;0;0
34970;2037;83;0;40
34971;2162;77;0;98
34972;75;0;0;0
34973;210;32;0;0
34974;272;71;0;0
34975;504;90;0;20
34976;651;89;0;48
34977;80;0;0;0
34978;321;14;0;0
34979;449;33;0;0
34980;579;44;0;6
34981;708;52;0;33
34982;102;0;0;0
34983;432;141;0;0
34984;570;113;0;0
34985;854;107;4;0
34986;1062;105;4;0
34987;98;0;0;0
34988;300;2;0;0
34989;439;48;0;0
34990;933;35;0;0
34991;1340;27;0;45
34992;59;0;0;0
34993;261;12;0;0
34994;408;36;0;0
34995;601;54;0;1
34996;671;53;0;1
34997;56;0;0;0
34998;220;12;0;0
34999;270;69;0;0
35000;340;96;0;2
35001;558;71;0;26
35002;279;0;0;0
35003;1673;67;0;0
35004;1845;67;0;0
35005;1953;67;0;0
35006;2201;67;0;0
35007;57;0;0;0
35008;168;1;0;0
35009;259;7;0;0
35010;510;6;0;0
35011;753;4;0;120
35012;78;0;0;0
35013;300;7;0;0
35014;460;7;0;0
35015;687;67;0;0
35016;886;93;0;58
35017;62;0;0;0
35018;187;10;0;0
35019;274;60;0;0
35020;462;62;0;4
35021;569;69;0;36
35022;674;4;0;30
35023;1768;16;0;30
35024;2264;16;0;30
35025;2664;16;0;30
35026;3371;16;0;30
35027;73;0;0;0
35028;335;19;0;0
35029;514;44;7;0
35030;739;44;3;5
35031;879;43;1;10
35032;50;0;0;0
35033;188;58;0;0
35034;260;82;0;0
35035;359;138;0;0
35036;411;135;0;9
35037;117;0;0;0
35038;980;50;0;0
35039;1172;50;0;0
35040;1268;50;0;0
35041;1749;50;0;0
35042;99;0;0;0
35043;300;126;0;0
35044;473;120;0;0
35045;742;58;0;7
35046;919;55;0;6
35047;84;0;0;0
35048;327;24;0;0
35049;569;24;0;0
35050;799;65;0;46
35051;996;72;0;86
35052;80;0;0;0
35053;136;17;0;0
35054;267;24;4;0
35055;477;38;9;18
35056;847;55;2;34
35057;777;56;2;33
35058;122;0;0;0
35059;430;19;0;0
35060;1173;20;0;0
35061;1833;21;0;0
35062;1884;21;0;113
35063;140;0;0;0
35064;661;42;0;0
35065;1164;89;24;0
35066;1767;87;0;0
35067;1912;85;0;103
35068;114;0;0;0
35069;479;4;0;0
35070;1008;39;0;0
35071;1590;33;0;0
35072;1676;35;0;43
35073;190;0;0;0
35074;757;231;0;0
35075;1065;241;17;0
35076;1598;245;20;0
35077;1888;264;23;6
35078;156;0;0;0
35079;464;231;0;0
35080;720;266;0;0
35081;1262;123;0;16
35082;1679;115;0;6
35083;74;0;0;0
35084;279;22;0;0
35085;311;122;0;0
35086;439;124;0;0
35087;767;65;0;37
35088;42;0;0;0
35089;198;49;0;0
35090;320;77;0;0
35091;461;97;0;0
35092;609;84;0;19
35093;63;0;0;0
35094;172;44;0;0
35095;318;53;0;0
35096;558;70;0;18
35097;680;64;0;50
35098;27;0;0;0
35099;134;34;0;0
35100;261;37;0;0
35101;403;58;0;0
35102;553;56;0;39
35103;53;0;0;0
35104;163;23;0;0
35105;240;47;0;0
35106;456;54;0;22
35107;561;56;0;40
35108;80;0;0;0
35109;237;10;0;0
35110;437;63;0;0
35111;694;49;0;29
35112;897;41;0;54
35113;66;0;0;0
35114;199;0;0;0
35115;432;21;0;0
35116;781;11;0;35
35117;1036;12;0;66
35118;52;0;0;0
35119;255;8;0;0
35120;450;23;0;0
35121;747;45;0;34
35122;1047;24;0;70
35123;56;0;0;0
35124;668;93;0;0
35125;894;90;0;0
35126;1387;22;0;21
35127;1562;22;0;112
35128;28;0;0;0
35129;234;17;0;0
35130;382;61;0;0
35131;564;103;0;0
35132;778;46;0;47
35133;67;0;0;0
35134;217;0;0;0
35135;344;41;0;0
35136;545;35;0;9
35137;609;89;0;33
35138;61;0;0;0
35139;142;0;0;0
35140;209;96;0;0
35141;334;124;0;0
35142;552;83;0;0
35143;92;0;0;0
35144;458;9;0;0
35145;1036;16;0;30
35146;1513;16;0;11
35147;1761;17;0;11
35148;76;0;0;0
35149;239;21;0;0
35150;451;143;0;0
35151;661;158;0;49
35152;791;178;0;127
35153;42;0;0;0
35154;201;15;0;0
35155;350;96;0;0
35156;787;67;0;5
35157;1039;74;0;17
35158;58;0;0;0
35159;172;4;0;0
35160;311;113;0;0
35161;508;90;0;24
35162;653;101;0;52
35163;46;0;0;0
35164;140;11;0;0
35165;239;25;0;0
35166;353;38;0;0
35167;475;50;0;6
35168;74;0;0;0
35169;1158;11;0;0
35170;1382;11;0;0
35171;1701;11;0;0
35172;2259;10;0;0
35173;123;0;0;0
35174;272;125;0;0
35175;677;184;0;0
35176;1121;78;0;4
35177;1580;134;0;74
35178;166;0;0;0
35179;1303;103;0;0
35180;1737;103;0;0
35181;1903;103;0;0
35182;2287;103;0;0
35183;47;0;0;0
35184;188;0;0;0
35185;312;30;0;0
35186;438;76;0;0
35187;635;49;0;57
35188;35;0;0;0
35189;188;14;0;0
35190;275;105;0;0
35191;452;126;0;8
35192;683;47;0;57
35193;67;0;0;0
35194;164;25;0;0
35195;303;146;0;0
35196;453;132;0;0
35197;638;114;0;6
35198;152;0;0;0
35199;558;82;0;0
35200;1592;175;0;0
35201;2204;135;0;0
35202;2529;118;0;0
35203;67;0;0;0
35204;165;29;0;0
35205;167;119;0;0
35206;305;106;0;0
35207;406;84;0;20
35208;47;0;0;0
35209;142;38;0;0
35210;275;35;0;0
35211;576;14;0;0
35212;729;14;0;31
35213;57;0;0;0
35214;175;31;0;0
35215;203;105;0;0
35216;332;88;0;11
35217;535;44;0;15
35218;49;0;0;0
35219;137;51;0;0
35220;253;149;0;0
35221;512;114;0;13
35222;871;53;0;14
35223;42;0;0;0
35224;172;38;0;0
35225;244;42;0;0
35226;324;85;0;0
35227;465;116;0;19
35228;30;0;0;0
35229;89;39;0;0
35230;154;18;0;0
35231;232;72;0;0
35232;304;80;0;12
35233;36;0;0;0
35234;152;28;0;0
35235;230;134;0;0
35236;315;157;0;29
35237;494;89;0;63
35238;77;0;0;0
35239;193;29;0;0
35240;467;42;0;0
35241;736;63;0;37
35242;868;76;0;71
35243;45;0;0;0
35244;156;30;0;0
35245;263;98;0;0
35246;498;97;0;0
35247;712;82;0;24
35248;40;0;0;0
35249;127;13;0;0
35250;238;54;0;0
35251;368;97;0;0
35252;452;94;0;57
35253;63;0;0;0
35254;182;42;0;0
35255;314;103;0;0
35256;675;52;0;8
35257;875;60;0;31
35258;63;0;0;0
35259;440;56;0;0
35260;648;89;0;0
35261;847;83;0;13
35262;889;83;0;89
35263;56;0;0;0
35264;91;50;0;0
35265;224;74;0;0
35266;313;105;1;0
35267;523;96;2;0
35268;2364;127;12;4
35269;2446;95;0;0
35270;2140;113;2;0
35271;1854;105;1;1
35272;1369;183;1;0
35273;2247;60;79;37
35274;2177;60;99;13
35275;1961;63;89;146
35276;1300;151;13;185
35277;1191;158;1;68
35278;1094;162;2;68
35279;980;88;2;11
35280;2712;61;11;56
35281;2697;57;16;54
35282;3322;223;4;4
35283;3036;58;5;76
35284;2973;57;4;76
35285;3022;113;2;1
35286;2624;171;4;1
35287;2809;73;9;35
35288;2125;295;0;149
35289;2036;293;14;26
35290;1705;75;12;101
35291;1982;25;0;6
35292;1789;1;2;5
35293;3213;29;4;37
35294;2927;28;34;36
35295;1960;127;13;34
35296;1773;64;77;33
35297;2439;54;4;109
35298;2364;54;10;108
35299;2106;33;10;32
35300;1001;59;2;33
35301;907;47;1;33
35302;564;61;1;6
35303;1062;69;28;39
35304;1521;41;0;1
35305;2813;244;24;10
35306;3066;247;0;10
35307;3208;33;1;43
35308;2852;53;48;37
35309;1801;140;18;93
35310;1391;261;18;87
35311;2596;138;2;16
35312;2074;232;1;53
35313;1524;59;36;31
35314;2515;95;28;9
35315;2287;100;34;11
35316;767;57;6;36
35317;1469;82;15;44
35318;1012;45;4;37
35319;1612;273;6;114
35320;1679;2;4;3
35321;1585;2;5;3
35322;2644;172;57;180
35323;2649;190;44;98
35324;2138;79;8;29
35325;2469;68;1;24
35326;3971;266;40;117
35327;3081;41;11;66
35328;2822;40;22;65
35329;1410;41;5;31
35330;1313;52;5;35
35331;3117;143;22;47
35332;3223;161;9;50
35333;2999;114;84;38
35334;2355;189;24;113
35335;1171;45;11;108
35336;3886;35;20;8
35337;3016;43;19;0
35338;2268;141;55;179
35339;2067;141;58;156
35340;1252;90;18;70
35341;898;133;2;0
35342;1142;18;3;14
35343;2391;18;14;20
35344;1180;46;8;16
35345;1103;46;21;16
35346;9683;370;63;81
35347;4040;46;4;0
35348;3259;144;0;40
35349;1426;37;2;7
35350;1279;35;2;35
35351;3373;166;2;1
35352;2245;228;3;56
35353;1168;83;0;38
35354;1831;111;66;65
35355;2994;213;2;86
35356;2146;87;6;24
35357;1870;87;14;29
35358;1890;331;41;18
35359;1834;133;3;0
35360;1458;34;1;61
35361;1334;33;2;61
35362;1797;90;3;21
35363;2378;32;46;113
35364;2320;75;11;114
35365;1416;32;5;164
35366;3213;354;0;3
35367;2637;363;3;0
35368;3036;151;1;1
35369;3141;150;1;28
35370;3309;149;1;28
35371;2479;207;0;21
35372;2695;40;5;0
35373;2363;126;6;3
35374;2004;142;16;18
35375;2825;39;1;0
35376;3160;1;0;0
35377;2936;1;0;0
35378;2826;1;2;1
35379;2447;95;2;0
35380;2141;113;1;0
35381;1855;106;1;1
35382;1369;183;1;0
35383;2447;59;79;12
35384;1302;151;13;184
35385;1962;63;90;145
35386;2178;60;99;12
35387;200;0;0;0
35388;2248;58;79;36
35389;2287;61;303;42
35390;2909;61;193;40
35391;1802;219;285;40
35392;3481;39;0;20
35393;3090;39;0;35
35394;2799;108;3;32
35395;11327;332;191;42
35396;3313;26;20;0
35397;2854;116;21;114
35398;2238;115;22;120
35399;3339;7;0;37
35400;2551;110;1;30
35401;3394;45;6;0
35402;3284;45;17;8
35403;1095;161;3;69
35404;1104;57;4;6
35405;982;88;4;5
35406;2716;66;13;52
35407;1560;225;25;50
35408;3324;222;4;4
35409;2896;260;0;2
35410;3388;207;0;0
35411;3214;153;2;0
35412;3298;58;4;1
35413;2977;57;4;75
35414;3037;58;4;75
35415;1575;93;0;18
35416;3064;63;18;169
35417;3080;91;4;0
35418;2625;171;4;0
35419;2241;179;2;1
35420;2006;196;10;0
35421;1800;35;7;0
35422;1986;28;12;0
35423;2138;25;19;17
35424;2088;7;0;1
35425;1865;11;4;0
35426;1698;15;7;0
35427;1138;89;12;72
35428;818;95;14;126
35429;2810;73;9;35
35430;2037;294;14;24
35431;1506;293;5;31
35432;2187;57;1;88
35433;1796;189;2;97
35434;2406;5;3;5
35435;885;45;0;4
35436;667;45;5;4
35437;378;47;3;5
35438;2269;28;0;1
35439;3173;10;8;25
35440;1705;76;12;86
35441;1588;77;9;84
35442;662;44;11;27
35443;661;44;10;3
35444;687;31;8;28
35445;2759;112;1;8
35446;2125;8;2;5
35447;2319;30;0;5
35448;2928;28;34;36
35449;3190;29;4;37
35450;3216;29;4;37
35451;1962;128;13;33
35452;1774;64;77;33
35453;2594;54;1;5
35454;2143;86;5;101
35455;2535;33;4;59
35456;2399;33;5;108
35457;2107;33;11;31
35458;1002;59;3;32
35459;908;47;1;32
35460;500;64;3;5
35461;1058;74;28;39
35462;998;70;37;39
35463;3765;193;2;55
35464;2769;275;30;68
35465;3813;277;0;0
35466;2814;244;24;10
35467;3067;247;0;10
35468;3120;135;0;0
35469;2647;29;16;53
35470;3001;10;12;56
35471;1310;17;1;14
35472;752;1;1;0
35473;646;5;10;11
35474;729;2;0;0
35475;1215;6;1;50
35476;915;33;2;50
35477;1091;33;0;63
35478;3579;19;2;18
35479;3103;18;2;15
35480;2709;21;34;24
35481;1802;140;18;93
35482;1392;261;18;87
35483;2006;33;14;16
35484;1863;33;13;16
35485;1760;10;0;14
35486;2075;233;1;47
35487;2597;138;2;16
35488;2740;138;0;13
35489;2380;111;0;0
35490;2139;112;0;0
35491;1650;114;1;1
35492;1573;125;0;0
35493;2054;145;0;0
35494;2742;15;0;0
35495;3735;280;0;2
35496;2542;4;0;0
35497;2078;24;1;30
35498;1888;25;7;30
35499;1446;47;2;102
35500;1011;91;2;0
35501;759;119;66;1
35502;548;115;124;1
35503;566;88;28;0
35504;318;1;1;0
35505;3333;35;9;11
35506;1525;59;38;30
35507;1327;68;36;30
35508;2232;62;25;260
35509;2152;68;26;260
35510;2513;95;28;8
35511;2288;100;34;10
35512;2467;76;0;3
35513;0;0;0;0
35514;768;58;6;37
35516;2949;27;1;23
35517;2465;39;7;23
35518;2377;40;7;26
35519;2914;107;13;21
35520;1102;34;63;8
35521;1673;273;2;88
35522;3421;17;0;0
35523;3368;17;0;2
35524;2724;28;0;1
35525;2650;190;44;98
35526;2843;156;48;65
35527;2346;29;2;32
35528;2240;30;19;32
35529;2070;67;18;35
35530;3398;14;2;1
35531;2637;29;2;110
35532;1960;50;2;16
35533;2360;39;4;8
35534;2113;70;8;29
35535;2455;68;0;23
35536;4796;177;16;111
35537;3959;259;36;117
35538;2823;40;22;65
35539;2962;41;7;64
35540;3419;41;7;64
35541;2350;432;5;55
35542;2284;191;6;73
35543;2156;73;6;98
35544;2543;17;4;0
35545;3118;143;22;46
35546;3345;77;129;0
35547;2233;193;2;4
35548;1832;296;15;4
35549;1544;360;31;4
35550;1493;2;5;0
35551;3223;161;9;50
35552;3001;114;85;38
35553;2787;42;13;5
35554;2356;189;24;111
35555;3034;6;0;85
35556;5225;22;1;45
35557;5272;21;22;61
35558;5183;23;1;47
35559;2419;80;14;56
35560;2647;29;16;21
35561;1880;63;17;129
35562;2441;28;66;22
35563;3890;37;20;8
35564;3024;45;24;0
35565;1140;24;5;22
35566;976;38;3;22
35567;2687;8;0;34
35568;1076;20;1;0
35569;941;27;27;0
35570;2846;128;40;4
35571;2355;132;50;3
35572;3296;84;1;29
35573;2907;89;0;29
35574;2699;92;3;30
35575;2596;90;0;29
35576;1981;70;25;17
35577;2228;44;0;12
35578;2044;46;1;84
35579;2258;145;52;176
35580;2298;20;0;4
35581;2115;23;5;11
35582;2867;0;0;0
35583;2148;265;1;0
35584;2339;58;3;12
35585;2471;57;0;68
35586;1795;142;4;84
35587;3175;8;1;1
35588;3352;76;16;39
35589;2940;179;17;39
35590;2810;77;1;3
35591;2988;81;0;17
35592;2070;46;5;120
35593;2010;46;5;120
35594;1253;90;18;69
35595;1441;33;26;53
35596;1753;2;0;1
35597;1606;2;0;16
35598;1144;18;4;14
35599;1098;30;5;6
35600;817;40;3;29
35601;684;42;3;38
35602;2757;25;1;0
35603;2393;17;14;20
35604;2434;117;2;59
35605;2038;4;6;0
35606;2403;34;1;2
35607;1981;128;2;19
35608;2187;1;1;4
35609;1661;0;124;6
35610;1277;0;207;7
35611;1182;46;8;15
35612;1104;46;21;15
35613;9684;370;63;80
35614;13127;53;48;16
35615;3440;140;0;47
35616;4051;46;4;0
35617;3258;144;0;41
35618;1648;34;1;6
35619;1280;35;2;35
35620;1405;37;4;7
35621;2809;10;2;46
35622;3374;166;2;0
35623;2308;229;17;54
35624;2227;228;11;56
35625;2592;40;0;0
35626;3068;49;1;1
35627;2909;6;2;19
35628;2725;6;2;19
35629;1834;111;67;73
35630;2664;1;1;1
35631;1562;236;1;1
35632;1784;0;0;14
35633;1783;0;0;14
35634;2980;214;3;31
35635;3399;210;1;32
35636;3664;111;1;0
35637;2108;87;8;23
35638;1871;87;14;29
35639;2256;87;2;23
35640;2845;115;2;8
35641;1891;331;41;18
35642;1835;133;5;1
35643;2259;15;16;80
35644;1644;19;0;21
35645;2445;55;34;24
35646;1465;40;4;60
35647;1341;36;4;60
35648;2458;57;5;10
35649;1827;260;4;12
35650;1793;62;2;9
35651;1769;63;2;54
35652;1807;70;1;24
35653;2362;75;9;113
35654;2378;32;46;113
35655;2721;89;0;3
35656;2408;109;3;7
35657;2396;109;3;8
35658;2444;17;3;0
35659;2318;30;21;209
35660;3224;356;6;3
35661;2648;367;8;0
35662;2805;17;17;0
35663;2566;14;5;6
35664;3037;151;3;1
35665;3693;86;0;0
35666;3310;149;1;28
35667;1925;91;26;1
35668;928;141;3;0
35669;3622;134;2;0
35670;3634;86;0;0
35671;746;70;1;0
35672;531;71;1;0
35673;2480;207;0;21
35674;1946;332;0;22
35675;2150;49;33;69
35676;1973;49;29;92
35677;1036;66;35;55
35678;260;2;2;0
35679;1727;54;24;104
35680;918;3;0;2
35681;917;3;0;0
35682;2751;118;4;79
35683;1798;138;1;19
35684;1440;136;2;98
35685;3012;48;2;0
35686;2446;95;3;0
35687;2140;112;1;1
35688;1853;104;1;0
35689;1369;183;1;0
35690;2624;128;0;0
35691;1300;151;13;184
35692;1997;63;69;144
35693;2204;124;20;13
35694;2610;111;1;0
35695;3212;65;2;52
35696;2052;159;8;57
35697;2611;85;4;63
35698;1742;148;29;53
35699;1523;58;5;0
35700;1259;50;3;5
35701;981;88;1;6
35702;1106;57;3;6
35703;766;108;3;5
35704;98;0;0;0
35705;2824;189;7;0
35706;3469;36;4;0
35707;2395;242;11;1
35708;241;0;0;0
35709;2004;195;10;0
35710;2351;45;1;24
35711;1941;44;1;24
35712;1740;42;1;25
35713;1438;44;0;24
35714;202;0;0;0
35715;3270;18;12;21
35716;3032;20;11;21
35717;2614;111;11;22
35718;2462;111;10;21
35719;266;0;0;0
35720;2073;10;2;6
35721;2342;8;2;5
35722;2856;16;1;7
35723;1953;9;2;5
35724;479;1;3;0
35725;2747;172;2;6
35726;2463;172;2;10
35727;2145;177;3;15
35728;1892;177;3;14
35729;250;0;1;0
35730;3403;20;0;0
35731;3231;15;4;3
35732;2418;72;17;4
35733;2021;111;18;3
35734;213;0;0;0
35735;3437;73;0;0
35736;2933;75;21;1
35737;3841;37;1;0
35738;2541;148;7;0
35739;265;8;0;0
35740;2137;7;5;0
35741;1806;27;5;0
35742;1738;52;4;1
35743;1544;102;6;0
35744;156;0;0;0
35745;1711;247;22;87
35746;1109;24;12;2
35747;1078;24;13;2
35748;1055;25;12;3
35749;761;23;100;2
35750;85;2;0;0
35751;2785;112;3;8
35752;2065;123;10;48
35753;1808;123;12;47
35754;205;1;0;0
35755;2597;136;2;16
35756;2109;157;12;47
35757;1961;16;13;6
35758;1518;101;13;6
35759;163;0;0;0
35760;1166;83;23;8
35761;988;64;20;7
35762;1962;14;12;6
35763;2509;99;29;0
35764;2189;100;32;1
35765;2479;99;29;0
35766;1886;100;33;0
35767;1268;58;28;0
35768;2492;35;7;4
35769;2347;33;7;4
35770;1612;217;18;2
35771;972;443;18;1
35772;179;0;0;0
35773;3790;32;0;0
35774;3382;42;9;0
35775;3034;39;9;1
35776;2866;40;10;0
35777;264;0;0;0
35778;3217;191;7;17
35779;3223;161;9;51
35780;2774;204;27;23
35781;3182;190;4;18
35782;2409;127;29;23
35783;1538;116;10;25
35784;2815;13;8;12
35785;2595;17;53;12
35786;2157;89;6;13
35787;1717;99;45;12
35788;207;1;0;0
35789;2340;60;5;12
35790;1954;162;1;23
35791;1640;116;26;14
35792;2351;551;0;3
35793;1038;143;9;0
35794;2879;145;0;5
35795;3177;8;0;1
35796;2379;552;1;3
35797;3306;98;0;0
35798;3077;98;2;0
35799;353;2;2;0
35800;2607;87;11;4
35801;2851;85;10;5
35802;3219;178;0;0
35803;2759;25;2;0
35804;2394;18;15;21
35805;3143;16;2;0
35806;2102;15;22;45
35807;228;0;0;0
35808;2464;24;0;74
35809;2242;19;0;74
35810;1969;19;2;74
35811;1877;20;0;73
35812;195;9;0;0
35813;2528;295;2;0
35814;2357;297;2;0
35815;2261;73;12;1
35816;1913;54;8;0
35817;211;1;1;0
35818;3533;180;2;0
35819;2957;151;3;0
35820;2638;151;4;1
35821;2153;184;1;0
35822;1183;199;7;0
35823;3219;40;7;4
35824;2707;44;6;0
35825;2688;44;8;0
35826;2395;61;10;8
35827;2150;100;22;3
35828;1115;91;9;36
35829;2636;32;10;8
35830;2241;96;10;20
35831;2037;103;11;21
35832;1437;322;9;20
35833;198;0;0;0
35834;3961;82;1;0
35835;1031;951;1;0
35836;2406;555;3;1
35837;300;1;0;0
35838;3218;354;0;3
35839;3239;325;2;0
35840;2578;5;55;0
35841;2139;9;48;0
35842;1817;15;38;1
35843;1637;16;42;0
35844;197;0;0;0
35845;1241;63;5;0
35846;1673;55;26;0
35847;1944;51;25;1
35848;2201;39;14;0
35849;2678;22;11;0
35850;2014;46;12;69
35851;2148;46;13;69
35852;2248;46;13;70
35853;2393;46;15;69
35854;2806;52;1;20
35855;3390;21;0;0
35856;1754;139;16;0
35857;2551;18;14;0
35858;2935;26;12;1
35859;3337;21;0;0
35860;1665;115;0;10
35861;1870;20;1;10
35862;1962;21;1;11
35863;2293;4;3;10
35864;2561;2;0;10
35865;195;2;2;0
35866;2291;38;8;0
35867;2347;37;8;1
35868;2598;24;7;0
35869;2887;10;7;0
35870;579;26;1;0
35871;1279;306;0;0
35872;1853;227;2;1
35873;2339;118;3;0
35874;2734;85;1;0
35875;835;114;6;0
35876;1923;134;6;0
35877;2060;134;5;1
35878;2322;133;5;0
35879;2566;128;6;0
35880;1368;42;13;9
35881;1910;42;15;15
35882;2061;46;25;16
35883;2288;42;19;13
35884;2643;35;3;2
35885;696;34;1;0
35886;764;35;1;0
35887;945;41;0;25
35888;1036;28;1;24
35889;1155;26;0;0
35890;1833;68;13;59
35891;1898;68;14;59
35892;2040;68;13;60
35893;2152;69;13;59
35894;2435;59;12;59
35895;1027;155;2;0
35896;1402;84;1;0
35897;1656;13;1;1
35898;1910;9;2;0
35899;2152;9;2;0
35900;2828;16;0;0
35901;2537;64;0;0
35902;2201;125;3;1
35903;1585;270;0;0
35904;1362;274;0;0
35905;219;5;1;0
35906;1757;3;2;0
35907;2133;2;1;1
35908;2469;2;1;0
35909;2829;2;1;0
35910;2553;55;20;0
35911;2724;55;20;0
35912;2940;55;20;1
35913;3464;49;9;0
35914;3548;43;1;0
35915;1924;245;2;0
35916;2267;133;3;0
35917;2538;98;1;1
35918;2799;22;6;9
35919;3245;11;6;8
35920;2346;52;0;0
35921;2723;51;0;0
35922;3193;32;0;1
35923;3529;23;0;0
35924;3727;13;0;0
35925;1274;84;0;52
35926;1729;41;1;0
35927;1958;41;1;1
35928;2110;41;2;0
35929;2396;42;1;0
35930;1570;73;2;0
35931;1714;72;2;0
35932;1812;72;3;1
35933;2107;72;2;0
35934;2594;59;1;0
35935;1103;47;20;15
35936;1181;54;0;15
35937;1372;20;1;7
35938;1460;19;1;6
35939;1675;19;1;6
35940;5125;4;0;0
35941;3257;145;0;40
35942;3298;258;42;36
35943;3692;289;82;0
35944;4550;83;0;0
35945;1665;63;1;0
35946;1980;62;1;0
35947;2193;44;1;1
35948;2427;28;0;0
35949;2567;26;0;0
35950;2430;183;11;0
35951;2604;185;11;0
35952;2782;185;10;1
35953;3103;186;11;0
35954;3489;129;9;0
35955;2212;13;0;52
35956;2007;65;4;3
35957;2174;54;4;4
35958;2286;54;4;3
35959;2564;19;2;0
35960;1838;158;114;2
35961;1969;152;115;2
35962;2166;146;115;3
35963;2388;144;114;2
35964;3023;20;128;1
35965;2657;303;2;29
35966;2909;303;1;29
35967;3026;309;2;30
35968;3606;182;1;29
35969;3950;92;0;30
35970;1153;469;12;42
35971;2350;327;5;1
35972;3009;174;4;0
35973;3510;53;0;0
35974;1934;316;0;0
35975;1571;242;1;7
35976;1848;243;1;7
35977;2183;245;1;8
35978;2470;245;1;7
35979;2672;243;0;7
35980;1387;135;1;3
35981;1716;110;4;3
35982;1927;114;1;4
35983;2134;107;1;3
35984;2393;105;1;2
35985;1948;87;2;0
35986;2279;87;1;0
35987;2550;86;1;1
35988;2774;86;1;0
35989;2872;66;0;0
35990;2238;27;10;0
35991;2413;26;11;0
35992;2557;26;10;1
35993;2933;22;12;0
35994;3181;11;4;0
35995;430;169;0;10
35996;493;101;7;0
35997;686;135;1;32
35998;350;194;41;72
35999;587;363;3;7
36000;770;185;0;5
36001;348;308;1;25
36002;471;168;4;6
36003;153;81;9;16
36004;417;180;1;22
36005;576;219;3;0
36006;459;65;2;1
36007;415;118;6;47
36008;292;397;4;0
36009;497;299;2;0
36010;373;216;3;19
36011;788;85;0;5
36012;509;277;22;12
36013;340;267;6;75
36014;528;259;2;17
36015;138;32;0;0
36016;257;12;4;1
36017;296;132;4;7
36018;391;128;6;26
36019;146;24;2;0
36020;274;29;4;1
36021;478;31;15;0
36022;578;31;21;22
36023;201;5;0;0
36024;303;6;0;1
36025;499;49;14;33
36026;546;56;6;37
36027;227;7;4;0
36028;294;9;2;1
36029;537;31;18;22
36030;615;27;20;55
36031;288;14;8;0
36032;440;19;15;1
36033;509;78;25;0
36034;595;72;25;5
36035;258;10;2;0
36036;469;38;10;1
36037;647;63;30;42
36038;715;55;24;59
36039;148;20;6;0
36040;296;44;2;1
36041;438;42;56;13
36042;616;42;40;17
36043;195;21;0;0
36044;296;28;8;1
36045;432;103;6;1
36046;610;50;12;8
36047;177;24;2;0
36048;279;40;6;1
36049;406;96;13;12
36050;501;100;18;34
36051;208;26;2;0
36052;327;30;6;1
36053;396;86;2;0
36054;531;92;4;42
36055;235;22;2;0
36056;380;28;4;1
36057;475;110;9;9
36058;598;127;5;26
36059;166;8;0;0
36060;182;47;3;1
36061;311;112;2;1
36062;391;89;4;17
36063;271;15;6;0
36064;417;37;14;4
36065;532;24;25;17
36066;583;27;24;26
36067;221;34;2;0
36068;316;29;2;1
36069;453;42;4;2
36070;614;53;4;21
36071;184;36;0;0
36072;239;60;4;1
36073;430;81;24;1
36074;535;85;24;66
36075;202;24;2;0
36076;261;24;0;1
36077;296;127;11;0
36078;435;132;10;0
36079;259;7;5;0
36080;506;23;11;17
36081;670;13;20;16
36082;697;10;17;16
36083;168;15;0;1
36084;266;21;4;4
36085;484;60;7;19
36086;603;61;5;22
36087;172;8;2;0
36088;243;12;3;1
36089;402;14;0;0
36090;544;17;2;13
36091;201;13;2;0
36092;278;30;2;1
36093;321;78;6;0
36094;400;71;6;2
36095;281;12;11;0
36096;469;19;22;19
36097;647;17;14;31
36098;678;22;14;37
36099;152;29;4;0
36100;213;28;2;1
36101;281;68;7;0
36102;459;37;12;16
36103;196;19;3;0
36104;262;25;2;1
36105;386;17;6;16
36106;453;23;10;41
36107;121;10;0;0
36108;187;10;3;1
36109;351;39;10;2
36110;409;38;20;30
36111;164;1;4;0
36112;338;8;8;1
36113;422;146;35;13
36114;498;148;33;16
36115;200;12;2;0
36116;284;17;3;1
36117;407;38;9;5
36118;493;41;12;10
36119;125;12;0;0
36120;258;21;7;1
36121;410;50;11;28
36122;483;44;9;40
36123;201;26;6;0
36124;235;39;0;1
36125;321;66;6;0
36126;419;82;2;16
36127;175;15;0;0
36128;231;51;3;1
36129;521;72;3;13
36130;629;78;5;18
36131;769;76;4;1
36132;473;135;6;4
36133;862;26;0;50
36134;947;209;4;54
36135;517;169;6;39
36136;283;51;8;4
36137;375;63;2;0
36138;595;166;10;20
36139;686;155;3;24
36140;461;190;2;6
36141;777;130;2;13
36142;822;103;11;43
36143;282;334;19;0
36144;543;115;0;57
36145;368;59;36;14
36146;543;62;8;16
36147;313;312;23;77
36148;517;220;3;22
36149;526;89;35;32
36150;412;120;6;50
36151;344;103;8;0
36152;313;167;6;11
36153;378;109;11;5
36154;194;241;2;25
36155;262;174;2;55
36156;421;311;2;40
36157;464;195;5;4
36158;518;70;14;14
36159;301;274;2;70
36160;488;197;9;33
36161;449;50;10;3
36162;286;362;2;47
36163;430;283;7;13
36164;451;15;4;17
36165;555;149;6;52
36166;324;71;6;22
36167;620;256;4;0
36168;431;186;2;25
36169;481;10;4;63
36170;437;142;12;67
36171;624;236;2;21
36172;458;136;2;74
36173;835;200;2;82
36174;742;69;4;32
36175;430;173;7;17
36176;1402;37;5;14
36177;751;30;8;11
36178;686;9;7;26
36179;578;196;48;34
36180;1453;59;10;48
36181;551;10;4;27
36182;694;58;5;73
36183;565;60;11;73
36184;398;80;8;0
36185;616;181;34;67
36186;704;70;2;1
36187;419;72;14;48
36188;873;148;4;21
36189;563;71;10;46
36190;496;161;0;18
36191;689;45;8;36
36192;379;130;7;15
36193;415;118;6;6
36194;1594;69;7;44
36195;706;72;7;87
36196;313;106;15;50
36197;523;335;0;22
36198;670;111;5;55
36199;677;144;32;2
36200;711;11;34;35
36201;960;213;2;4
36202;772;101;4;74
36203;263;307;6;16
36204;630;117;14;46
36205;749;128;4;4
36206;565;38;10;14
36207;594;209;6;12
36208;678;106;2;25
36209;498;54;8;3
36210;355;88;6;9
36211;419;172;3;172
36212;532;16;0;0
36213;434;122;0;0
36214;644;81;4;0
36215;508;162;21;66
36216;607;272;8;4
36217;304;244;4;12
36218;370;99;7;1
36219;825;42;6;44
36220;477;166;1;38
36221;746;120;2;20
36222;489;199;14;10
36223;529;68;20;40
36224;318;172;4;53
36225;367;98;10;3
36226;394;194;2;80
36227;564;43;6;57
36228;459;107;4;6
36229;640;5;0;128
36230;629;38;6;0
36231;650;42;12;48
36232;523;142;2;2
36233;658;64;4;15
36234;917;70;12;5
36235;422;107;6;0
36236;479;72;13;0
36237;526;151;6;2
36238;423;142;10;31
36239;880;60;4;29
36240;521;136;4;34
36241;333;117;8;7
36242;483;89;2;20
36243;617;68;2;2
36244;829;62;6;12
36245;574;110;4;0
36246;387;97;8;11
36247;931;188;10;31
36248;381;232;6;116
36249;882;172;22;0
36250;607;31;0;0
36251;624;77;2;0
36252;405;232;6;52
36253;865;54;5;16
36254;876;13;4;8
36255;625;57;53;28
36256;614;71;8;0
36257;496;177;19;12
36258;393;128;55;33
36259;703;114;0;23
36260;443;180;8;16
36261;350;243;6;20
36262;342;189;18;4
36263;583;50;12;0
36264;497;120;2;15
36265;495;32;16;6
36266;675;60;10;0
36267;743;59;6;9
36268;755;95;4;0
36269;631;156;6;24
36270;361;209;35;19
36271;596;6;2;12
36272;399;116;14;8
36273;571;104;10;12
36274;531;151;4;2
36275;580;43;2;0
36276;375;180;10;12
36277;503;97;3;27
36278;849;214;2;0
36279;590;96;9;0
36280;611;58;4;7
36281;584;76;10;0
36282;813;18;4;20
36283;486;183;4;29
36284;391;179;44;6
36285;672;182;1;15
36286;554;119;7;11
36287;465;255;46;16
36288;582;37;0;0
36289;478;137;33;29
36290;943;65;0;0
36291;545;107;18;5
36292;424;188;13;133
36293;483;103;6;2
36294;666;127;0;0
36295;492;104;2;9
36296;666;87;2;3
36297;613;109;2;39
36298;300;239;0;0
36299;548;60;14;6
36300;463;130;18;32
36301;454;199;5;18
36302;578;46;4;5
36303;670;104;6;20
36304;329;142;11;15
36305;1002;44;6;0
36306;502;137;9;21
36307;505;252;5;116
36308;277;203;8;0
36309;350;262;0;0
36310;336;209;0;20
36311;266;366;6;8
36312;331;163;5;10
36313;474;141;8;15
36314;451;81;10;0
36315;743;83;4;87
36316;462;74;4;42
36317;444;79;44;1
36318;229;188;2;0
36319;458;112;13;21
36320;463;145;6;11
36321;443;87;19;19
36322;595;121;31;33
36323;459;48;14;43
36324;355;136;35;12
36325;550;73;8;10
36326;548;78;21;7
36327;593;62;11;31
36328;601;100;2;0
36329;322;218;2;13
36330;629;148;4;22
36331;655;142;31;22
36332;654;148;18;12
36333;718;85;6;55
36334;659;19;38;12
36335;420;106;29;44
36336;448;130;5;9
36337;535;51;38;17
36338;481;74;11;7
36339;368;49;6;1
36340;587;116;48;4
36341;499;128;5;26
36342;465;126;15;28
36343;354;73;14;15
36344;419;62;26;48
36345;264;36;12;1
36346;177;8;2;0
36347;533;44;36;41
36348;485;45;22;38
36349;344;15;4;1
36350;179;10;2;0
36351;194;87;28;6
36352;287;82;53;21
36353;196;50;12;1
36354;128;30;4;0
36355;427;40;57;2
36356;436;35;55;2
36357;264;34;8;1
36358;157;14;0;0
36359;476;77;17;0
36360;529;94;15;4
36361;308;32;0;1
36362;247;15;1;0
36363;382;42;4;0
36364;435;69;10;12
36365;310;9;2;1
36366;207;5;2;0
36367;628;51;12;4
36368;684;50;12;4
36369;466;52;11;1
36370;254;50;12;0
36371;438;103;25;37
36372;517;106;24;37
36373;228;207;19;1
36374;247;24;3;0
36375;454;44;6;11
36376;494;47;12;14
36377;354;29;2;1
36378;226;21;2;0
36379;360;110;30;2
36380;407;115;35;22
36381;267;48;2;1
36382;162;38;6;0
36383;305;75;0;9
36384;362;89;4;33
36385;250;24;0;1
36386;182;29;4;0
36387;483;53;13;20
36388;535;49;15;14
36389;588;52;13;29
36390;243;19;1;0
36391;443;98;4;2
36392;489;98;4;7
36393;359;6;4;1
36394;202;5;0;0
36395;382;51;10;0
36396;404;51;6;10
36397;354;40;4;1
36398;196;17;2;0
36399;821;76;9;32
36400;863;74;14;43
36401;739;14;9;7
36402;293;14;1;0
36403;470;147;30;1
36404;487;158;32;4
36405;396;36;14;1
36406;194;43;2;0
36407;498;66;61;11
36408;556;66;59;11
36409;450;54;8;1
36410;182;32;6;0
36411;294;73;6;0
36412;446;35;4;0
36413;203;59;4;1
36414;108;63;6;0
36415;528;44;7;8
36416;572;52;9;10
36417;428;36;6;1
36418;203;19;0;0
36419;475;95;15;27
36420;510;100;9;27
36421;298;43;4;1
36422;195;32;0;0
36423;324;60;4;4
36424;402;56;8;13
36425;219;20;2;1
36426;168;20;2;0
36427;518;101;34;11
36428;544;107;33;11
36429;335;45;6;1
36430;181;41;0;0
36431;401;69;17;0
36432;514;74;21;14
36433;244;36;4;1
36434;193;28;0;0
36435;389;39;8;0
36436;486;43;12;32
36437;217;28;0;1
36438;134;31;4;0
36439;350;90;34;3
36440;435;98;34;10
36441;263;42;4;1
36442;190;15;2;0
36443;228;108;8;0
36444;284;127;4;20
36445;199;40;2;1
36446;148;19;2;0
36447;520;119;24;12
36448;545;134;24;12
36449;443;61;22;2
36450;185;45;2;0
36451;593;62;6;31
36452;517;66;6;25
36453;565;31;10;27
36454;521;36;9;25
36455;440;106;6;53
36456;367;56;6;0
36457;491;71;6;12
36458;402;79;2;0
36459;451;74;4;20
36460;327;65;5;1
36461;644;53;11;32
36462;594;55;20;31
36463;517;45;4;34
36464;422;45;4;9
36465;559;49;6;11
36466;503;51;8;0
36467;343;79;2;25
36468;264;79;6;24
36469;422;68;4;8
36470;392;70;6;7
36471;478;76;20;68
36472;427;51;14;14
36473;573;37;12;47
36474;523;42;16;25
36475;513;43;58;11
36476;446;44;58;11
36477;504;50;6;11
36478;395;67;10;4
36479;593;91;7;44
36480;543;99;9;22
36481;680;58;8;42
36482;526;87;8;21
36483;503;68;8;32
36484;343;91;2;27
36485;660;68;6;12
36486;501;73;6;12
36487;647;35;10;24
36488;525;36;8;13
36489;502;57;26;0
36490;449;50;32;0
36491;508;71;3;3
36492;459;70;2;3
36493;626;83;2;6
36494;516;76;6;35
36495;695;51;18;35
36496;505;44;8;0
36497;535;148;19;11
36498;475;148;23;8
36499;454;34;6;9
36500;410;32;6;6
36501;518;11;35;44
36502;601;11;25;29
36503;327;39;23;25
36504;349;36;21;34
36505;510;55;4;11
36506;441;53;10;12
36507;456;19;6;37
36508;333;22;8;11
36509;593;50;4;22
36510;513;51;4;24
36511;453;32;15;48
36512;384;31;11;41
36513;598;97;10;22
36514;818;88;7;32
36515;532;56;6;18
36516;581;53;4;23
36517;644;69;6;67
36518;795;41;2;67
36519;423;84;22;20
36520;589;89;14;18
36521;514;37;6;34
36522;645;49;6;41
36523;583;57;0;19
36524;648;63;2;18
36525;321;92;7;9
36526;366;106;9;22
36527;496;31;2;18
36528;399;43;8;20
36529;352;14;20;8
36530;396;12;24;37
36531;501;51;13;19
36532;549;52;13;19
36533;303;55;12;4
36534;434;39;6;16
36535;355;41;17;24
36536;420;35;7;38
36537;313;9;4;0
36538;377;13;2;6
36539;525;58;31;20
36540;575;64;23;26
36541;464;46;14;7
36542;663;54;12;28
36543;435;10;6;5
36544;494;14;10;2
36545;652;27;0;36
36546;621;27;0;15
36547;552;27;0;2
36548;540;42;1;31
36549;477;42;1;12
36550;350;40;1;1
36551;665;32;0;72
36552;543;32;0;38
36553;373;2;0;17
36554;466;57;3;30
36555;404;45;4;21
36556;330;17;0;0
36557;658;96;3;52
36558;585;94;3;39
36559;508;57;5;19
36560;722;17;0;39
36561;671;17;0;36
36562;536;16;0;19
36563;618;38;0;23
36564;472;37;1;13
36565;378;47;2;4
36566;450;14;0;35
36567;368;9;0;20
36568;240;3;0;0
36569;499;8;6;24
36570;440;8;7;19
36571;307;9;4;3
36572;441;39;0;20
36573;342;37;0;13
36574;240;23;0;4
36575;541;29;7;5
36576;352;23;9;2
36577;228;17;4;0
36578;545;41;0;64
36579;487;17;0;10
36580;281;15;0;0
36581;495;30;0;37
36582;292;2;0;0
36583;431;26;2;4
36584;553;31;5;62
36585;315;4;0;0
36586;455;32;4;40
36587;602;21;1;7
36588;477;17;1;2
36589;348;1;0;0
36590;473;16;0;27
36591;311;28;0;0
36592;193;26;6;0
36593;714;25;0;63
36594;453;27;0;11
36595;270;9;0;0
36596;710;24;21;85
36597;615;25;21;76
36598;497;49;20;44
36599;502;5;1;58
36600;421;5;1;43
36601;344;3;0;4
36602;460;25;2;23
36603;385;26;1;17
36604;312;15;6;8
36605;614;29;2;18
36606;511;29;2;10
36607;344;22;1;0
36608;743;26;16;28
36609;604;33;13;18
36610;464;30;0;4
36611;452;20;0;17
36612;394;19;0;6
36613;256;14;0;0
36614;513;14;0;46
36615;352;32;0;8
36616;268;26;0;0
36617;580;25;2;37
36618;416;25;2;8
36619;280;18;0;0
36620;524;57;0;0
36621;335;100;0;0
36622;291;40;0;0
36623;596;29;0;30
36624;495;30;0;20
36625;316;33;0;0
36626;702;46;2;37
36627;629;47;9;30
36628;455;3;11;22
36629;394;21;0;0
36630;213;56;0;0
36631;176;17;0;0
36632;528;1;0;9
36633;63;8;0;0
36634;371;7;0;12
36635;251;24;0;0
36636;198;9;0;0
36637;55;7;0;0
36638;678;2;0;14
36639;78;11;0;0
36640;204;17;0;8
36641;334;10;0;4
36642;550;0;0;25
36643;235;2;0;0
36644;477;0;0;0
36645;132;1;0;0
36646;95;2;0;0
36647;38;0;0;0
36648;393;9;0;0
36649;241;2;0;0
36650;96;2;0;0
36651;706;9;0;0
36652;483;9;0;0
36653;1;0;0;0
36654;437;2;0;0
36655;277;12;0;0
36656;120;10;0;0
36657;38;17;0;0
36658;469;7;0;0
36659;308;9;0;4
36660;176;17;0;0
36661;79;8;0;0
36662;399;10;0;0
36663;233;19;0;0
36664;170;24;0;0
36665;267;10;0;0
36666;161;3;0;0
36667;97;6;0;0
36668;54;4;0;0
36669;308;37;0;0
36670;258;7;0;0
36671;44;18;0;0
36672;116;19;0;0
36673;1093;15;0;0
36674;604;55;0;206
36675;394;31;0;12
36676;93;21;0;17
36677;210;37;0;2
36678;305;6;0;0
36679;34;8;0;0
36680;382;13;0;44
36681;63;15;0;0
36682;180;12;0;4
36683;520;8;0;72
36684;305;22;0;54
36685;252;6;0;0
36686;104;22;0;0
36687;63;8;0;0
36688;45;8;0;0
36689;117;14;0;0
36690;195;16;0;0
36691;343;14;0;0
36692;333;24;0;0
36693;286;4;0;0
36694;172;10;0;0
36695;69;16;0;0
36696;497;5;0;0
36697;383;13;0;0
36698;216;7;0;0
36699;66;14;0;0
36700;350;13;0;0
36701;52;0;0;0
36702;132;7;0;0
36703;236;13;0;0
36704;343;12;0;9
36705;230;0;0;0
36706;55;0;0;0
36707;121;0;0;0
36708;272;1;0;0
36709;206;4;0;0
36710;54;16;0;0
36711;81;36;0;0
36712;417;0;0;24
36713;356;52;0;43
36714;52;10;0;0
36715;255;8;0;16
36716;147;4;0;0
36717;48;6;0;0
36718;151;8;0;0
36719;268;22;0;0
36720;380;10;0;0
36721;495;5;0;0
36722;642;5;0;0
36723;348;5;0;0
36724;179;29;0;0
36725;74;8;0;0
36726;546;20;0;0
36727;427;14;0;0
36728;273;19;0;0
36729;109;3;0;0
36730;219;1;0;0
36731;39;0;0;0
36732;125;0;0;0
36733;80;0;0;0
36734;344;6;0;0
36735;75;12;0;0
36736;139;14;0;0
36737;234;21;0;0
36738;298;19;0;0
36739;478;4;0;0
36740;67;13;0;0
36741;198;6;0;0
36742;275;4;0;0
36743;389;57;0;0
36744;522;54;0;0
36745;39;8;0;0
36746;65;10;0;0
36747;267;13;0;0
36748;141;29;0;0
36749;297;17;0;0
36750;201;19;0;0
36751;54;0;0;0
36752;68;8;0;0
36753;131;0;0;0
36754;383;1;0;0
36755;469;0;0;96
36756;258;8;0;0
36757;160;4;0;0
36758;106;0;0;0
36759;33;0;0;0
36760;511;6;0;0
36761;411;6;0;0
36762;310;5;0;0
36763;138;3;0;0
36764;414;6;0;0
36765;303;13;0;0
36766;198;4;0;0
36767;90;3;0;0
36768;69;7;0;0
36769;450;6;0;4
36770;101;20;0;0
36771;232;12;0;0
36772;562;6;0;245
36773;362;15;0;104
36774;219;20;0;39
36775;81;14;0;0
36776;313;12;0;32
36777;191;2;0;0
36778;47;4;0;0
36779;59;13;0;0
36780;381;15;0;0
36781;268;14;0;0
36782;138;0;0;0
36783;365;14;0;12
36784;65;13;0;0
36785;322;8;0;0
36786;20;26;0;0
36787;221;3;0;0
36788;70;38;0;0
36789;310;2;0;0
36790;52;0;0;0
36791;207;6;0;0
36792;114;0;0;0
36793;315;19;0;0
36794;438;8;0;0
36795;247;6;0;0
36796;124;7;0;0
36797;56;8;0;0
36798;47;6;0;0
36799;197;42;0;0
36800;117;29;0;0
36801;361;26;0;78
36802;388;16;0;0
36803;275;16;0;0
36804;139;22;0;0
36805;46;14;0;0
36806;70;0;0;0
36807;126;12;0;0
36808;254;6;0;0
36809;335;15;0;0
36810;522;8;0;34
36811;335;13;0;8
36812;62;12;0;0
36813;125;18;0;0
36814;221;9;0;14
36815;412;2;0;18
36816;246;16;0;9
36817;146;12;0;6
36818;64;2;0;0
36819;43;6;0;0
36820;84;2;0;0
36821;127;9;0;0
36822;246;6;0;0
36823;284;33;0;10
36824;199;27;0;0
36825;96;44;0;1
36826;6;44;0;0
36827;684;8;0;45
36828;515;5;0;0
36829;374;5;0;0
36830;255;6;0;0
36831;96;0;0;0
36832;358;12;0;0
36833;240;21;0;0
36834;141;0;0;0
36835;53;12;0;0
36836;415;2;0;0
36837;63;0;0;0
36838;70;35;0;0
36839;242;25;0;0
36840;517;11;0;11
36841;378;9;0;0
36842;287;4;0;0
36843;79;8;0;0
36844;33;13;0;0
36845;48;15;0;0
36846;94;23;0;0
36847;241;38;0;0
36848;166;28;0;32
36849;95;6;0;0
36850;507;20;0;70
36851;380;20;0;28
36852;522;0;0;12
36853;401;0;0;8
36854;237;15;0;0
36855;58;12;0;0
36856;607;2;0;0
36857;19;0;0;0
36858;437;1;0;0
36859;186;8;0;0
36860;59;15;0;0
36861;312;1;0;0
36862;245;1;0;0
36863;34;0;0;0
36864;123;0;0;0
36865;51;0;0;0
36866;100;0;0;0
36867;163;0;0;0
36868;310;5;0;0
36869;340;1;0;0
36870;39;1;0;0
36871;252;0;0;0
36872;120;2;0;0
36873;2383;115;0;45
36874;3347;73;0;210
36875;532;0;0;0
36876;1385;18;0;8
36877;2178;105;0;24
36878;1644;40;0;0
36879;1043;39;0;0
36880;372;11;0;0
36881;62;0;0;0
36882;145;0;0;0
36883;300;2;0;0
36884;507;4;0;7
36885;418;3;0;0
36886;289;4;0;0
36887;232;3;0;0
36888;75;0;0;0
36889;460;0;0;0
36890;47;1;0;0
36891;135;6;0;0
36892;283;0;0;0
36893;539;0;0;23
36894;505;5;0;9
36895;421;5;0;3
36896;181;7;0;4
36897;105;11;0;4
36898;416;15;0;0
36899;283;11;0;0
36900;127;5;0;0
36901;77;2;0;0
36902;138;8;0;0
36903;314;4;0;0
36904;430;10;0;0
36905;72;12;0;0
36906;70;0;0;0
36907;165;3;0;0
36908;272;5;0;0
36909;438;10;0;0
36910;447;11;0;0
36911;354;2;0;0
36912;144;3;0;0
36913;61;3;0;0
36914;877;1;0;34
36915;575;2;0;16
36916;450;11;0;0
36917;326;11;0;0
36918;95;0;0;0
36919;325;22;0;0
36920;197;29;0;0
36921;100;32;0;0
36922;50;23;0;0
36923;335;12;0;22
36924;42;8;0;0
36925;108;0;0;0
36926;203;0;0;0
36927;864;7;0;137
36928;88;2;0;0
36929;186;43;0;0
36930;575;6;0;0
36931;347;2;0;0
36932;525;0;0;0
36933;266;27;0;0
36934;161;11;0;0
36935;42;28;0;0
36936;30;0;0;0
36937;174;2;0;0
36938;244;9;0;0
36939;70;2;0;0
36940;382;10;0;36
36941;263;6;0;0
36942;72;0;0;0
36943;148;2;0;0
36944;444;38;0;0
36945;373;37;0;0
36946;236;63;0;0
36947;72;22;0;0
36948;1095;27;0;0
36949;766;22;0;0
36950;457;22;0;0
36951;227;36;0;0
36952;105;9;0;0
36953;148;0;0;0
36954;113;0;0;0
36955;79;0;0;0
36956;28;0;0;0
36957;136;23;0;1
36958;405;10;0;14
36959;234;34;0;3
36960;70;7;0;0
36961;453;42;0;14
36962;358;30;0;0
36963;213;58;0;0
36964;82;19;0;0
36965;143;2;0;0
36966;730;28;0;59
36967;359;27;0;8
36968;214;35;0;0
36969;62;8;0;0
36970;879;30;0;58
36971;301;13;0;0
36972;26;4;0;0
36973;51;11;0;0
36974;154;15;0;0
36975;451;19;0;4
36976;309;21;0;0
36977;209;9;0;0
36978;79;3;0;0
36979;441;37;0;0
36980;82;3;0;0
36981;362;46;0;0
36982;228;7;0;1
36983;516;1;0;0
36984;644;2;0;10
36985;417;1;0;0
36986;179;2;0;0
36987;75;2;0;0
36988;289;45;0;21
36989;293;7;0;0
36990;244;0;0;0
36991;61;0;0;0
36992;91;15;0;0
36993;234;9;0;0
36994;362;8;0;2
36995;469;8;0;27
36996;58;8;0;2
36997;507;0;0;28
36998;158;17;0;0
36999;312;6;0;6
37000;91;7;0;0
37001;71;0;0;0
37002;112;14;0;1
37003;287;19;0;16
37004;529;0;0;0
37005;387;15;0;0
37006;37;28;0;0
37007;215;27;0;0
37008;122;3;0;0
37009;380;12;0;24
37010;236;17;0;11
37011;121;14;0;0
37012;321;22;0;0
37013;192;44;0;0
37014;138;18;0;0
37015;94;2;0;0
37016;355;36;0;19
37017;190;50;0;0
37018;93;45;0;0
37019;42;29;0;0
37020;252;2;0;16
37021;158;19;0;0
37022;35;0;0;8
37023;78;36;0;0
37024;387;8;0;0
37025;279;4;0;0
37026;184;1;0;0
37027;467;8;0;28
37028;60;4;0;0
37029;284;36;0;0
37030;231;27;0;0
37031;117;18;0;0
37032;62;8;0;0
37033;367;45;0;0
37034;201;21;0;0
37035;529;56;0;199
37036;93;6;0;0
37037;444;48;0;0
37038;289;2;0;0
37039;42;0;0;0
37040;63;0;0;0
37041;206;2;0;2
37042;915;49;0;763
37043;742;19;0;46
37044;505;20;0;0
37045;307;8;0;0
37046;114;2;0;0
37047;371;18;0;0
37048;304;21;0;0
37049;175;17;0;0
37050;62;5;0;0
37051;117;0;0;0
37052;168;10;0;0
37053;232;10;0;0
37054;349;5;0;0
37055;398;1;0;4
37056;276;3;0;0
37057;162;6;0;0
37058;74;2;0;0
37059;543;6;0;15
37060;410;6;0;0
37061;279;17;0;0
37062;163;31;0;0
37063;67;0;0;0
37064;356;26;0;5
37065;62;5;0;0
37066;623;24;0;140
37067;172;9;0;0
37068;102;11;0;0
37069;352;37;0;0
37070;235;6;0;0
37071;48;14;0;0
37072;97;23;0;0
37073;423;44;0;0
37074;413;8;0;0
37075;255;12;0;0
37076;44;4;0;0
37077;138;4;0;0
37078;785;28;0;0
37079;1029;35;0;14
37080;675;16;4;10
37081;595;6;4;7
37082;736;6;0;13
37083;797;72;0;32
37084;1110;56;0;15
37085;863;25;0;0
37086;746;17;10;16
37087;698;71;0;17
37088;473;46;0;0
37089;574;46;0;0
37090;711;42;9;5
37091;761;10;6;11
37092;651;57;6;14
37093;1174;51;0;45
37094;605;11;0;12
37095;577;83;0;4
37096;755;75;0;4
37097;622;43;0;22
37098;399;8;2;15
37099;411;12;1;0
37100;557;12;1;6
37101;750;19;0;1
37102;608;47;0;49
37103;568;19;0;0
37104;725;17;0;0
37105;754;24;0;6
37106;498;18;0;0
37107;1108;37;0;12
37108;707;39;0;26
37109;664;66;0;16
37110;542;99;0;44
37111;834;50;12;0
37112;803;15;0;0
37113;586;28;4;0
37114;816;19;0;0
37115;1050;27;0;0
37116;952;44;0;0
37117;846;9;2;0
37118;1154;3;0;0
37119;501;18;0;0
37120;685;36;0;14
37121;874;61;3;14
37122;883;12;2;0
37123;974;74;1;6
37124;669;26;0;14
37125;651;28;0;14
37126;746;43;3;13
37127;710;46;0;7
37128;441;92;7;0
37129;554;123;4;17
37130;62;0;0;0
37131;149;57;7;0
37132;216;63;6;1
37133;312;56;10;0
37134;522;69;2;5
37135;570;44;2;0
37136;590;96;2;0
37137;854;15;3;17
37138;851;60;1;3
37139;614;124;0;0
37140;485;78;4;0
37141;474;85;11;17
37142;586;144;8;1
37143;477;171;5;27
37144;639;89;1;20
37145;645;75;8;12
37146;523;107;12;4
37147;361;116;9;0
37148;324;78;8;1
37149;191;80;6;0
37150;515;73;2;16
37151;300;95;6;0
37152;234;75;6;1
37153;149;58;6;0
37154;608;49;24;29
37155;420;129;8;0
37156;294;145;8;1
37157;201;145;5;0
37158;1006;92;36;0
37159;786;91;18;0
37160;625;88;12;1
37161;290;45;7;0
37162;672;44;10;0
37163;320;129;14;0
37164;126;161;3;1
37165;163;79;6;0
37166;649;142;12;0
37167;469;112;2;2
37168;255;89;2;1
37169;169;91;12;0
37170;486;95;9;0
37171;436;116;7;0
37172;365;98;14;1
37173;237;84;6;0
37174;759;108;4;0
37175;568;148;6;0
37176;381;106;12;1
37177;259;90;7;0
37178;981;44;24;8
37179;734;45;47;8
37180;489;79;7;1
37181;451;23;10;0
37182;837;42;6;0
37183;597;66;14;0
37184;445;54;12;1
37185;199;110;10;0
37186;1011;51;2;0
37187;741;56;12;20
37188;487;88;17;1
37189;323;95;12;0
37190;643;110;4;9
37191;527;133;6;10
37192;424;117;10;11
37193;223;113;19;7
37194;540;93;12;0
37195;456;76;9;0
37196;456;40;9;1
37197;312;25;10;0
37198;526;88;14;22
37199;428;104;13;21
37200;322;33;4;4
37201;275;41;3;0
37202;792;35;3;0
37203;609;29;4;0
37204;165;171;10;1
37205;193;77;10;0
37206;915;28;6;0
37207;723;21;12;0
37208;555;9;10;1
37209;261;103;11;0
37210;473;76;15;0
37211;407;50;22;0
37212;315;43;6;1
37213;268;36;5;0
37214;820;75;9;1
37215;665;84;12;1
37216;431;95;8;1
37217;266;66;9;0
37218;838;12;8;132
37219;630;17;16;132
37220;481;37;8;133
37221;281;45;6;0
37222;685;43;34;0
37223;418;99;14;0
37224;298;99;13;1
37225;206;54;19;0
37226;319;134;18;14
37227;257;136;4;5
37228;114;126;35;1
37229;59;101;8;0
37230;515;75;9;28
37231;342;75;6;26
37232;257;61;10;1
37233;143;44;10;0
37234;680;59;15;48
37235;480;49;27;4
37236;355;54;22;1
37237;201;58;2;0
37238;646;134;15;2
37239;489;151;19;2
37240;279;116;8;1
37241;222;48;4;0
37242;757;58;6;18
37243;562;43;3;0
37244;338;20;12;1
37245;197;48;3;0
37246;598;113;19;191
37247;357;131;14;72
37248;337;61;8;1
37249;158;70;4;0
37250;629;85;6;94
37251;526;88;4;39
37252;288;66;12;1
37253;133;90;6;0
37254;732;18;14;133
37255;520;38;19;122
37256;298;44;13;1
37257;223;36;13;0
37258;510;59;10;21
37259;354;92;10;10
37260;220;82;22;1
37261;216;31;8;0
37262;716;44;19;58
37263;648;41;23;43
37264;350;36;8;1
37265;187;24;7;0
37266;788;37;10;46
37267;530;48;13;0
37268;256;120;10;1
37269;156;80;3;0
37270;789;127;6;0
37271;515;175;10;0
37272;284;201;14;1
37273;216;97;1;0
37274;659;40;6;6
37275;360;96;16;0
37276;307;74;8;1
37277;143;55;2;0
37278;589;73;21;76
37279;474;57;30;24
37280;200;123;4;1
37281;163;88;2;0
37282;478;137;10;16
37283;348;145;10;0
37284;162;111;10;1
37285;66;131;4;0
37286;761;11;8;22
37287;486;43;16;2
37288;384;9;6;1
37289;191;61;4;0
37290;519;124;10;0
37291;197;196;10;0
37292;77;148;12;1
37293;101;80;2;0
37294;630;107;10;112
37295;509;75;14;80
37296;377;69;11;1
37297;229;49;7;0
37298;272;156;10;40
37299;281;144;10;0
37300;200;130;10;1
37301;172;41;4;0
37302;447;69;12;86
37303;572;79;17;101
37304;519;64;16;0
37305;440;23;13;1
37306;271;24;9;0
37307;94;1;0;0
37308;419;81;4;3
37309;535;77;9;4
37310;798;127;4;3
37311;883;138;9;68
37312;75;0;0;0
37313;183;67;1;0
37314;228;98;0;1
37315;346;94;0;0
37316;609;79;0;1
37317;609;79;0;0
37318;54;0;0;0
37319;276;14;2;37
37320;402;19;2;45
37321;479;20;3;44
37322;524;27;0;44
37323;88;1;0;0
37324;223;66;0;2
37325;319;62;0;3
37326;468;47;1;2
37327;609;37;1;2
37328;75;0;0;0
37329;209;113;2;0
37330;280;120;0;1
37331;408;92;22;0
37332;527;56;11;0
37333;536;54;11;0
37334;114;1;0;0
37335;422;36;0;3
37336;540;28;0;4
37337;641;55;0;1
37338;693;58;0;35
37339;72;0;0;0
37340;445;13;0;8
37341;544;3;0;11
37342;839;7;14;10
37343;1001;3;20;10
37344;130;1;0;0
37345;1300;47;0;0
37346;1512;48;0;1
37347;1536;48;0;0
37348;1659;48;1;0
37349;79;0;0;0
37350;279;67;4;0
37351;346;61;4;1
37352;446;59;12;0
37353;550;62;10;38
37354;65;0;0;0
37355;274;120;11;0
37356;346;123;7;1
37357;409;118;7;0
37358;489;111;7;0
37359;77;0;0;0
37360;271;82;0;0
37361;417;92;5;1
37362;564;79;33;0
37363;717;91;19;2
37364;69;0;0;0
37365;235;87;1;0
37366;376;76;12;1
37367;463;95;15;0
37368;623;88;5;9
37369;53;0;0;0
37370;141;73;1;0
37371;224;97;0;1
37372;292;106;2;0
37373;395;92;2;0
37374;409;60;2;0
37375;82;4;0;0
37376;185;113;1;0
37377;291;126;0;1
37378;404;103;0;0
37379;475;112;10;4
37380;61;0;0;0
37381;85;96;0;0
37382;125;97;1;4
37383;432;36;10;3
37384;527;35;6;3
37385;116;1;0;0
37386;474;28;0;0
37387;542;28;0;1
37388;753;28;22;0
37389;815;171;12;0
37390;74;0;0;0
37391;295;103;0;0
37392;408;100;0;1
37393;491;97;0;0
37394;674;99;0;0
37395;167;0;0;0
37396;529;37;1;0
37397;621;43;1;1
37398;827;32;6;2
37399;952;43;33;2
37400;97;1;0;0
37401;305;42;4;0
37402;421;52;7;1
37403;665;61;4;0
37404;745;81;10;18
37405;57;0;0;0
37406;170;43;0;0
37407;319;50;1;1
37408;457;42;4;0
37409;529;51;13;0
37410;84;0;0;0
37411;287;30;0;0
37412;438;31;0;0
37413;575;30;0;0
37414;660;30;0;6
37415;78;0;0;0
37416;343;39;0;0
37417;448;40;0;0
37418;495;47;3;0
37419;703;42;7;0
37420;60;0;0;0
37421;195;48;0;0
37422;242;48;0;0
37423;441;61;0;1
37424;459;60;0;46
37425;88;0;0;0
37426;341;3;0;4
37427;463;3;12;4
37428;742;6;38;4
37429;890;6;26;4
37430;73;0;0;0
37431;182;69;0;0
37432;335;79;0;0
37433;375;97;0;0
37434;575;91;7;0
37435;67;0;0;0
37436;198;8;0;0
37437;327;14;2;0
37438;505;22;10;2
37439;633;22;0;43
37440;112;0;0;0
37441;408;34;0;0
37442;711;62;35;0
37443;916;58;44;0
37444;1067;56;34;0
37445;66;0;0;0
37446;169;69;0;0
37447;252;104;3;0
37448;338;102;4;0
37449;485;89;1;0
37450;54;2;0;0
37451;201;39;0;0
37452;369;47;1;0
37453;463;39;9;0
37454;584;38;8;28
37455;66;0;0;0
37456;153;69;0;0
37457;318;81;1;0
37458;372;85;6;3
37459;498;82;0;26
37460;87;0;0;0
37461;112;114;0;4
37462;294;135;0;4
37463;504;128;0;4
37464;753;108;1;4
37465;79;0;0;0
37466;233;58;0;4
37467;334;59;1;4
37468;451;64;9;1
37469;551;58;20;2
37470;156;0;0;0
37471;861;30;0;0
37472;996;30;0;0
37473;1092;29;0;0
37474;1337;5;0;0
37475;74;0;0;0
37476;255;50;10;0
37477;389;70;12;0
37478;491;81;20;8
37479;752;78;8;8
37480;68;0;0;0
37481;374;26;1;0
37482;507;25;1;0
37483;691;34;2;0
37484;896;36;3;0
37485;106;0;0;0
37486;269;87;6;3
37487;390;93;6;3
37488;518;96;8;3
37489;719;88;4;3
37490;192;26;0;1
37491;170;177;0;2
37492;293;191;2;2
37493;476;133;43;4
37494;555;135;20;8
37495;95;0;0;0
37496;284;46;0;1
37497;383;60;0;3
37498;537;73;19;4
37499;630;72;11;6
37500;84;0;0;0
37501;131;136;0;1
37502;204;148;0;3
37503;477;127;0;11
37504;660;109;0;6
37505;89;0;0;0
37506;364;6;0;27
37507;462;7;0;27
37508;622;7;6;4
37509;814;7;4;4
37510;94;0;0;0
37511;299;109;0;2
37512;518;100;5;9
37513;787;91;12;2
37514;870;90;6;20
37515;89;0;0;0
37516;291;50;1;1
37517;519;24;5;1
37518;746;35;5;10
37519;871;34;5;10
37520;56;5;0;0
37521;116;117;0;0
37522;190;119;1;0
37523;317;102;2;0
37524;367;107;8;0
37525;66;0;0;0
37526;247;13;0;0
37527;349;13;2;36
37528;597;13;2;39
37529;777;13;0;15
37530;80;0;0;0
37531;298;23;0;0
37532;496;45;0;0
37533;616;37;7;0
37534;789;35;7;0
37535;63;0;0;0
37536;200;31;0;5
37537;285;40;0;4
37538;364;44;0;4
37539;534;23;8;4
37540;94;0;0;0
37541;190;70;0;0
37542;415;101;0;0
37543;588;90;11;0
37544;812;83;6;53
37545;84;1;0;0
37546;255;45;0;0
37547;442;78;0;7
37548;676;98;26;7
37549;897;99;2;7
37550;73;0;0;0
37551;219;46;0;0
37552;343;50;2;0
37553;490;105;10;0
37554;713;107;11;14
37555;87;0;0;0
37556;296;6;0;0
37557;382;13;2;8
37558;564;19;2;1
37559;809;36;4;1
37560;58;2;0;0
37561;186;16;0;0
37562;277;96;0;1
37563;491;64;0;1
37564;582;68;0;1
37565;105;2;0;0
37566;326;18;0;1
37567;505;37;0;9
37568;701;26;4;9
37569;1017;26;5;35
37570;96;0;0;0
37571;153;76;0;0
37572;247;101;4;0
37573;452;114;2;0
37574;682;106;2;4
37575;682;106;2;0
37576;82;0;0;0
37577;406;17;4;0
37578;619;18;8;0
37579;798;38;9;0
37580;1034;44;0;36
37581;138;0;0;0
37582;149;67;0;1
37583;250;125;2;1
37584;386;129;2;1
37585;477;148;2;1
37586;129;0;0;0
37587;284;39;4;0
37588;445;33;7;3
37589;600;34;3;11
37590;682;40;3;18
37591;100;0;0;0
37592;297;29;0;0
37593;489;37;0;72
37594;800;29;5;91
37595;937;27;16;91
37596;70;0;0;0
37597;207;44;0;0
37598;286;114;0;0
37599;420;117;6;0
37600;568;90;6;0
37601;110;0;0;0
37602;268;38;0;0
37603;511;33;15;0
37604;808;43;12;0
37605;852;38;11;0
37606;67;0;0;0
37607;166;20;0;0
37608;290;57;0;0
37609;336;71;3;0
37610;522;71;1;0
37611;79;1;0;0
37612;234;53;0;0
37613;411;87;0;1
37614;540;133;0;1
37615;702;154;2;43
37616;83;0;0;0
37617;219;39;0;0
37618;367;48;0;1
37619;521;58;8;1
37620;703;45;2;3
37621;76;0;0;0
37622;164;27;0;0
37623;325;41;3;1
37624;515;28;4;1
37625;711;29;2;3
37626;217;24;0;0
37627;585;20;2;0
37628;720;20;0;0
37629;754;20;0;0
37630;860;20;0;0
37631;102;0;0;0
37632;238;51;0;0
37633;364;65;0;0
37634;596;70;1;0
37635;742;68;0;21
37636;74;10;0;0
37637;174;19;0;0
37638;308;11;0;0
37639;458;11;6;0
37640;538;87;47;0
37641;140;0;0;0
37642;396;38;0;0
37643;540;39;0;0
37644;709;41;0;0
37645;1091;44;0;0
37646;84;0;0;0
37647;286;18;0;0
37648;436;18;10;0
37649;604;21;15;0
37650;778;20;18;0
37651;92;2;0;0
37652;176;71;1;0
37653;311;84;3;0
37654;478;71;3;0
37655;591;65;3;0
37656;94;0;0;0
37657;241;60;0;0
37658;291;98;14;11
37659;416;119;12;24
37660;576;103;8;24
37661;576;103;8;24
37662;1128;108;15;17
37663;1498;106;18;17
37664;1646;92;18;17
37665;1894;81;17;17
37666;2331;37;17;17
37667;2699;37;9;17
37668;63;0;0;0
37669;158;35;0;0
37670;303;41;1;1
37671;568;27;1;1
37672;750;19;0;69
37673;215;4;0;0
37674;578;37;10;0
37675;702;24;15;0
37676;882;32;16;0
37677;1118;19;16;0
37678;937;59;0;0
37679;1277;57;0;0
37680;1462;50;0;0
37681;1672;50;0;0
37682;1945;38;0;0
37683;76;0;0;0
37684;141;67;0;0
37685;181;111;10;0
37686;322;101;14;0
37687;487;98;7;7
37688;84;0;0;0
37689;136;35;0;0
37690;251;46;0;3
37691;417;73;0;5
37692;677;81;4;30
37693;89;0;0;0
37694;203;72;0;0
37695;364;92;0;0
37696;701;78;0;0
37697;902;78;0;0
37698;118;0;0;0
37699;292;28;0;0
37700;517;85;0;0
37701;714;95;2;2
37702;905;94;2;2
37703;50;0;0;0
37704;155;29;0;0
37705;214;52;0;0
37706;370;66;0;0
37707;413;104;0;0
37708;119;0;0;0
37709;263;11;0;0
37710;398;56;0;0
37711;646;64;6;11
37712;935;47;5;10
37713;77;0;0;0
37714;148;16;0;0
37715;293;15;0;0
37716;403;51;0;0
37717;594;46;0;0
37718;1265;11;0;0
37719;96;0;0;0
37720;243;28;0;0
37721;411;25;0;0
37722;579;26;1;7
37723;671;21;0;6
37724;71;0;0;0
37725;240;49;0;0
37726;465;39;3;18
37727;698;34;13;0
37728;894;42;0;28
37729;894;42;0;28
37730;59;0;0;0
37731;162;16;0;0
37732;298;39;0;0
37733;410;43;4;0
37734;483;48;6;2
37735;80;0;0;0
37736;128;65;0;0
37737;303;88;0;0
37738;415;90;0;0
37739;676;50;0;0
37740;124;0;0;0
37741;231;17;0;0
37742;389;31;0;0
37743;643;36;0;8
37744;1012;26;0;9
37745;176;0;0;8
37746;307;23;0;0
37747;533;58;18;0
37748;675;82;25;10
37749;1011;84;30;16
37750;74;0;0;0
37751;230;0;0;0
37752;427;4;0;0
37753;472;52;0;0
37754;624;41;0;42
37755;66;0;0;0
37756;154;16;0;0
37757;289;16;0;0
37758;421;40;1;11
37759;647;46;0;13
37760;65;0;0;0
37761;136;17;0;0
37762;235;25;0;0
37763;369;30;0;0
37764;591;68;4;10
37765;71;0;0;0
37766;132;44;0;1
37767;154;71;0;1
37768;308;80;0;1
37769;385;68;3;5
37770;96;0;0;0
37771;299;37;4;0
37772;433;33;12;0
37773;719;63;10;4
37774;836;64;9;23
37775;101;0;0;0
37776;231;34;0;0
37777;478;63;3;0
37778;681;65;13;0
37779;827;65;6;21
37780;101;0;0;0
37781;208;54;0;0
37782;349;78;0;0
37783;591;90;0;0
37784;911;77;0;14
37785;71;0;0;0
37786;190;1;0;0
37787;302;28;0;4
37788;563;11;0;10
37789;714;17;2;39
37790;60;0;0;0
37791;183;24;0;0
37792;259;50;0;0
37793;344;83;3;0
37794;429;78;2;7
37795;90;1;0;0
37796;162;33;0;0
37797;329;61;0;0
37798;513;60;0;0
37799;713;70;0;4
37800;132;1;0;0
37801;238;25;0;0
37802;369;36;0;0
37803;530;86;0;0
37804;790;84;0;16
37805;71;0;0;0
37806;147;30;0;0
37807;281;53;2;0
37808;336;77;2;0
37809;610;81;0;6
37810;61;0;0;0
37811;213;11;0;0
37812;361;14;2;0
37813;477;16;4;0
37814;791;20;0;7
37815;96;5;0;0
37816;294;48;21;0
37817;461;46;22;1
37818;588;59;20;0
37819;817;41;25;0
37820;86;2;0;0
37821;289;16;13;0
37822;401;15;9;1
37823;604;11;11;0
37824;740;14;8;0
37825;82;0;0;0
37826;217;52;13;0
37827;263;92;21;1
37828;334;109;27;16
37829;563;69;18;54
37830;117;1;0;0
37831;323;51;12;3
37832;446;77;30;4
37833;641;48;39;11
37834;902;51;13;11
37835;67;0;0;0
37836;499;102;6;1
37837;602;97;19;2
37838;851;88;13;3
37839;1051;87;15;3
37840;896;39;5;3
37841;705;41;11;3
37842;481;36;6;4
37843;330;38;8;3
37844;97;6;6;0
37845;121;5;6;0
37846;193;84;6;0
37847;325;135;16;1
37848;485;146;18;0
37849;604;137;12;5
37850;90;0;0;0
37851;296;55;5;0
37852;378;63;8;1
37853;517;98;7;0
37854;674;130;12;21
37855;77;0;0;0
37856;208;42;6;0
37857;289;83;6;1
37858;370;108;8;0
37859;420;100;4;0
37860;59;0;0;0
37861;142;68;12;0
37862;245;122;6;1
37863;238;200;16;0
37864;418;179;8;8
37865;94;1;0;0
37866;206;92;1;0
37867;235;97;9;1
37868;340;109;56;0
37869;487;102;16;18
37870;761;41;15;24
37871;495;51;15;0
37872;370;53;8;1
37873;181;53;4;0
37874;89;4;2;0
37875;89;2;4;0
37876;212;83;4;0
37877;284;90;8;1
37878;381;91;19;0
37879;769;50;12;0
37880;75;0;0;0
37881;188;32;14;0
37882;386;49;10;3
37883;492;51;8;2
37884;648;49;0;2
37885;462;138;8;0
37886;450;138;6;0
37887;314;142;7;0
37888;244;115;3;1
37889;156;105;4;0
37890;90;7;2;0
37891;85;1;0;0
37892;258;61;4;0
37893;385;61;14;1
37894;650;41;6;0
37895;885;17;8;0
37896;71;0;0;0
37897;212;52;9;0
37898;305;53;18;1
37899;408;53;19;0
37900;567;47;10;4
37901;91;1;0;0
37902;230;74;7;5
37903;277;126;13;6
37904;371;144;18;7
37905;485;126;6;14
37906;86;0;0;0
37907;111;111;6;0
37908;181;129;7;1
37909;336;120;35;0
37910;563;120;12;48
37911;89;1;0;0
37912;324;49;3;0
37913;417;60;12;1
37914;534;62;6;22
37915;685;64;4;22
37916;93;0;0;0
37917;439;23;0;4
37918;529;30;16;5
37919;743;32;14;4
37920;869;27;7;33
37921;533;180;2;24
37922;428;134;6;0
37923;206;121;12;1
37924;160;127;7;0
37925;81;6;6;0
37926;80;0;0;0
37927;201;95;1;1
37928;326;121;14;2
37929;470;150;11;1
37930;631;132;10;26
37931;98;6;0;0
37932;198;68;13;0
37933;319;57;20;1
37934;495;85;4;0
37935;674;80;8;0
37936;106;1;0;0
37937;332;21;1;0
37938;420;26;16;1
37939;510;32;8;0
37940;719;30;14;0
37941;81;4;4;0
37942;256;51;4;0
37943;404;59;11;1
37944;523;63;11;0
37945;716;66;6;0
37946;59;0;0;0
37947;268;49;5;0
37948;331;82;4;1
37949;528;103;28;0
37950;746;72;7;0
37951;98;1;0;0
37952;181;69;5;0
37953;245;91;9;1
37954;515;66;8;0
37955;670;55;4;8
37956;111;1;0;0
37957;164;63;6;38
37958;248;77;4;57
37959;359;67;16;52
37960;760;38;8;57
37961;82;0;0;0
37962;304;33;5;0
37963;366;32;6;1
37964;537;56;8;0
37965;634;52;20;24
37966;1145;17;0;0
37967;1331;17;0;0
37968;3130;44;0;0
37969;3494;44;0;0
37970;4151;17;0;0
37971;6469;79;0;0
37972;8262;16;0;0
37973;1928;4;1;0
37974;1578;31;0;0
37975;4116;5;0;0
37976;3538;33;0;0
37977;3228;24;0;1
37978;1372;20;0;0
37979;3709;32;0;0
37980;3468;50;0;17
37981;3468;50;0;0
37982;6067;54;0;0
37983;6938;23;0;0
37984;9473;7;0;0
37985;3519;52;0;0
37986;4446;4;0;0
37987;2873;1;0;0
37988;3097;1;0;0
37989;1659;10;0;0
37990;3486;3;0;0
37991;271;61;4;4
37992;385;50;3;6
37993;599;61;1;25
37994;755;98;1;42
37995;908;143;7;112
37996;124;19;0;0
37997;168;67;0;10
37998;353;70;0;214
37999;585;47;0;225
38000;516;270;0;351
38001;180;13;0;0
38002;228;74;1;2
38003;448;73;0;44
38004;676;104;0;44
38005;550;237;0;54
38006;118;2;0;0
38007;279;3;1;0
38008;474;0;3;1
38009;533;9;3;0
38010;656;1;1;33
38011;184;12;0;0
38012;286;6;1;0
38013;427;13;0;1
38014;707;16;0;0
38015;942;2;0;0
38016;1174;47;0;0
38017;1837;130;8;93
38018;2381;118;4;142
38019;2848;78;4;169
38020;102;50;0;0
38021;224;33;0;12
38022;313;47;0;29
38023;438;44;0;28
38024;564;38;0;28
38025;164;123;0;0
38026;301;134;0;0
38027;524;115;2;1
38028;699;130;2;0
38029;162;14;1;0
38030;242;18;1;0
38031;373;11;4;1
38032;512;8;3;0
38033;264;12;0;0
38034;684;10;0;46
38035;1040;5;5;81
38036;1571;3;11;81
38037;1801;2;9;81
38038;154;6;1;0
38039;314;45;2;4
38040;526;49;1;1
38041;773;42;1;0
38042;1017;23;0;32
38043;287;169;0;0
38044;541;127;2;0
38045;903;79;4;1
38046;1282;60;3;0
38047;1552;56;1;4
38048;139;56;0;0
38049;146;211;1;0
38050;415;197;0;1
38051;327;390;0;40
38052;511;375;2;56
38053;226;37;0;0
38054;401;59;0;0
38055;523;33;4;1
38056;657;32;4;0
38057;910;26;1;0
38058;119;15;0;0
38059;145;198;1;0
38060;149;137;0;5
38061;115;248;0;4
38062;124;298;0;4
38063;73;26;0;0
38064;133;29;0;0
38065;216;50;0;1
38066;248;52;0;0
38067;231;119;0;0
38068;185;0;0;0
38069;255;47;0;0
38070;627;19;0;5
38071;862;53;0;169
38072;1608;53;1;169
38073;346;66;1;0
38074;585;77;0;0
38075;714;285;0;21
38076;1210;284;12;2
38077;1393;283;13;2
38078;140;18;0;0
38079;174;67;0;0
38080;390;138;0;1
38081;573;144;0;0
38082;639;187;0;4
38083;164;16;0;0
38084;247;40;1;0
38085;386;50;0;81
38086;628;9;2;89
38087;701;44;4;88
38088;104;3;0;0
38089;164;20;0;0
38090;303;15;0;1
38091;551;5;0;16
38092;339;544;1;16
38093;177;24;0;0
38094;311;97;0;0
38095;640;153;0;1
38096;979;180;0;0
38097;1265;256;0;7
38098;89;17;0;0
38099;209;21;2;2
38100;386;16;2;10
38101;544;23;1;30
38102;681;30;5;25
38103;69;53;0;0
38104;319;38;1;0
38105;560;49;0;1
38106;472;527;0;0
38107;965;272;2;2
38108;195;20;0;0
38109;337;27;0;0
38110;573;40;0;118
38111;574;120;1;235
38112;699;130;10;381
38113;978;47;20;31
38114;210;28;2;13
38115;727;73;9;22
38116;361;18;2;20
38117;573;30;2;23
38118;200;26;0;0
38119;311;57;1;0
38120;624;63;0;1
38121;1139;42;98;32
38122;1216;43;98;54
38123;731;69;1;107
38124;155;39;0;0
38125;645;28;2;65
38126;279;37;0;8
38127;518;26;3;15
38128;146;1;0;0
38129;279;0;0;1
38130;380;25;0;19
38131;511;1;0;20
38132;75;14;0;0
38133;162;13;0;0
38134;292;20;2;4
38135;425;26;4;11
38136;560;27;2;36
38137;145;19;0;0
38138;331;10;0;0
38139;589;10;0;1
38140;857;9;0;0
38141;1284;10;1;0
38142;217;19;1;0
38143;340;31;0;0
38144;485;78;0;18
38145;755;101;0;16
38146;850;100;0;18
38147;154;11;0;0
38148;329;14;0;0
38149;445;27;3;15
38150;610;60;2;64
38151;731;72;4;106
38152;179;74;3;2
38153;433;12;3;6
38154;553;21;3;45
38155;797;16;1;119
38156;1015;11;7;230
38157;247;69;0;0
38158;343;131;0;1
38159;420;186;0;0
38160;528;222;0;12
38161;183;110;0;0
38162;334;91;0;0
38163;495;133;0;0
38164;141;11;0;0
38165;264;12;0;92
38166;402;24;1;223
38167;496;22;6;357
38168;676;143;0;134
38169;200;27;1;0
38170;319;19;0;0
38171;471;8;0;1
38172;599;8;0;0
38173;706;7;0;2
38174;212;66;0;0
38175;322;99;0;4
38176;422;106;0;18
38177;533;118;0;24
38178;685;105;0;62
38179;216;2;1;0
38180;359;0;0;0
38181;471;6;0;1
38182;557;54;0;0
38183;639;84;0;0
38184;140;12;0;0
38185;267;33;2;0
38186;426;21;5;14
38187;540;31;3;50
38188;642;42;52;88
38189;1909;145;0;0
38190;2246;145;0;1
38191;2703;139;1;0
38192;3241;93;13;0
38193;1377;64;36;0
38194;1584;67;23;1
38195;1897;57;6;0
38196;2184;41;4;0
38197;939;254;6;18
38198;1188;187;10;15
38199;1618;135;0;0
38200;2076;113;4;0
38201;1566;182;2;0
38202;2400;100;5;1
38203;2836;63;5;0
38204;3242;23;2;0
38205;1305;124;4;1
38206;1676;127;0;2
38207;2129;62;6;1
38208;2654;7;5;1
38209;1686;147;54;0
38210;2038;138;59;1
38211;2373;137;54;0
38212;2774;122;48;0
38213;2232;28;17;0
38214;2519;21;17;1
38215;3125;10;15;0
38216;3350;9;19;0
38217;1549;333;6;0
38218;1897;343;8;1
38219;3136;236;14;0
38220;4378;87;21;0
38221;1920;104;11;1
38222;2383;95;1;2
38223;2731;84;0;1
38224;3611;69;6;1
38225;1338;112;0;0
38226;1584;92;3;1
38227;2315;20;2;0
38228;2693;1;1;0
38229;1889;43;39;0
38230;2329;45;29;1
38231;2847;44;29;0
38232;3289;37;30;0
38233;1160;129;26;0
38234;1552;113;8;1
38235;1732;104;9;0
38236;2327;82;4;0
38237;1714;239;23;0
38238;2079;184;22;1
38239;2534;119;19;0
38240;2604;121;15;0
38241;2837;207;41;1
38242;3375;192;7;2
38243;4318;134;19;1
38244;5290;43;8;1
38245;1694;99;24;0
38246;1992;102;24;1
38247;2329;99;21;0
38248;2604;68;12;0
38249;2181;127;1;6
38250;2561;46;0;7
38251;3094;6;0;6
38252;3522;11;14;6
38253;1342;31;6;43
38254;2008;20;3;48
38255;2370;21;0;95
38256;2987;9;1;95
38257;1619;31;6;0
38258;1996;17;9;1
38259;2402;19;6;0
38260;2794;18;3;0
38261;3344;18;2;0
38262;3622;15;0;1
38263;4279;16;7;0
38264;4641;4;0;0
38265;1677;116;55;0
38266;1865;97;73;1
38267;2196;88;68;0
38268;2248;90;66;0
38269;1296;3;0;16
38270;1598;4;0;17
38271;1996;4;3;16
38272;2409;4;0;14
38273;1886;120;0;0
38274;2342;95;0;1
38275;2550;97;1;0
38276;3400;93;2;0
38277;1630;61;36;27
38278;1766;59;38;28
38279;2241;62;41;27
38280;2535;58;38;27
38281;1396;218;64;4
38282;1761;229;66;5
38283;2421;73;65;0
38284;2830;46;38;0
38285;2500;37;13;0
38286;2962;39;20;1
38287;3429;34;22;0
38288;4025;28;27;0
38289;1433;67;9;0
38290;1791;57;13;1
38291;2118;51;17;0
38292;2391;24;11;0
38293;1898;22;7;0
38294;2320;27;7;1
38295;2610;25;9;0
38296;3308;17;4;0
38297;1530;65;7;0
38298;1712;68;7;1
38299;2109;72;7;0
38300;2373;46;9;0
38301;2652;15;6;0
38302;4262;23;14;1
38303;5068;22;13;0
38304;5605;20;9;0
38305;1799;309;6;0
38306;2301;176;14;1
38307;2954;118;10;0
38308;3777;59;9;0
38309;66;0;0;0
38310;223;18;3;1
38311;308;26;5;1
38312;446;22;22;1
38313;734;20;13;15
38314;100;0;0;0
38315;256;33;0;0
38316;416;45;0;11
38317;598;45;2;17
38318;707;70;0;38
38319;157;6;0;0
38320;353;46;17;0
38321;554;44;22;6
38322;714;61;17;22
38323;891;71;2;35
38324;66;0;0;0
38325;229;15;0;0
38326;246;121;0;0
38327;365;80;5;4
38328;462;90;6;42
38329;62;0;0;0
38330;257;12;0;0
38331;381;37;18;0
38332;553;38;18;7
38333;698;51;20;41
38334;78;1;0;0
38335;216;18;0;0
38336;320;39;0;1
38337;464;70;1;14
38338;634;59;3;32
38339;52;0;0;0
38340;188;0;0;0
38341;327;2;0;10
38342;425;17;24;25
38343;633;43;1;41
38344;68;1;0;0
38345;316;17;0;0
38346;420;15;27;22
38347;563;26;16;41
38348;639;25;16;64
38349;621;22;20;64
38350;66;0;0;0
38351;190;0;0;0
38352;257;15;0;0
38353;345;41;0;0
38354;514;22;4;15
38355;103;20;0;0
38356;252;64;0;0
38357;540;55;6;1
38358;684;66;0;13
38359;1052;66;0;18
38360;57;0;0;0
38361;204;0;0;0
38362;439;27;0;2
38363;650;31;1;7
38364;826;34;4;0
38365;86;0;0;0
38366;252;15;0;0
38367;515;21;2;0
38368;631;79;6;31
38369;929;72;0;6
38370;57;1;0;0
38371;224;8;2;0
38372;409;11;13;0
38373;542;16;12;1
38374;791;23;0;21
38375;91;0;0;0
38376;281;2;0;0
38377;348;58;1;0
38378;532;30;8;7
38379;661;28;4;1
38380;59;0;0;0
38381;111;0;0;0
38382;222;2;1;0
38383;319;19;2;8
38384;454;35;2;8
38385;48;0;0;0
38386;168;1;0;0
38387;274;4;0;16
38388;359;51;1;15
38389;488;56;16;10
38390;89;0;0;0
38391;289;30;0;0
38392;558;33;4;0
38393;791;48;8;0
38394;1129;56;5;13
38395;84;0;0;0
38396;318;1;0;0
38397;530;14;0;0
38398;723;52;0;17
38399;943;40;0;4
38400;87;2;0;0
38401;337;1;0;1
38402;552;39;6;1
38403;749;38;3;1
38404;840;29;0;25
38405;58;0;0;0
38406;197;0;0;0
38407;309;12;1;0
38408;448;35;1;4
38409;689;14;1;34
38410;1390;2;0;4
38411;1847;1;2;4
38412;2462;24;2;0
38413;1927;10;3;4
38414;2296;4;3;0
38415;2603;25;2;0
38416;2147;38;6;0
38417;1730;30;1;11
38418;2095;41;14;4
38419;1448;58;3;2
38420;1256;14;0;1
38421;1639;27;12;0
38422;1820;28;12;0
38423;1710;6;5;0
38424;1966;6;6;0
38425;1164;6;5;25
38426;1735;17;5;25
38427;2871;20;1;7
38428;971;21;0;1
38429;1167;35;10;0
38430;1681;23;15;0
38431;2444;11;1;0
38432;2176;67;1;1
38433;1583;77;8;1
38434;1337;41;5;0
38435;1754;7;8;0
38436;455;227;0;0
38437;1553;104;10;0
38438;1753;3;1;12
38439;1263;5;0;0
38440;1237;6;0;0
38441;1682;20;4;0
38442;579;96;1;15
38443;346;114;2;11
38444;376;101;0;9
38445;939;29;0;53
38446;1;0;0;0
38447;979;33;6;42
38448;546;70;2;8
38449;432;79;2;10
38450;936;48;1;52
38451;415;114;1;3
38452;596;102;3;61
38453;450;66;3;5
38454;523;98;17;54
38455;599;0;1;28
38456;683;29;10;0
38457;136;17;3;12
38458;1385;36;4;3
38459;547;67;1;12
38460;916;51;0;0
38461;593;67;5;3
38462;407;44;2;18
38463;207;46;1;0
38464;100;1;0;0
38465;862;46;1;5
38466;604;73;4;59
38467;392;51;4;14
38468;208;46;1;0
38469;705;62;4;38
38470;537;37;5;0
38471;367;31;2;1
38472;230;20;2;0
38473;99;0;0;0
38474;750;47;1;0
38475;226;22;1;0
38476;360;33;3;1
38477;523;42;2;0
38478;794;59;1;5
38479;821;76;4;1
38480;871;47;4;0
38481;563;77;6;0
38482;356;48;7;1
38483;260;41;4;0
38484;100;0;0;0
38485;552;77;7;0
38486;346;49;6;1
38487;260;41;4;0
38488;708;4;25;7
38489;682;0;23;52
38490;499;7;5;0
38491;78;1;0;0
38492;317;0;0;1
38493;155;5;0;0
38494;487;8;6;0
38495;317;0;0;6
38496;155;5;0;0
38497;1091;33;2;0
38498;1141;30;1;0
38499;693;39;1;0
38500;339;33;4;1
38501;184;13;1;0
38502;102;1;1;0
38503;693;42;0;0
38504;335;39;5;1
38505;185;13;1;0
38506;836;145;1;0
38507;860;101;1;0
38508;417;119;11;0
38509;359;57;6;1
38510;199;7;4;0
38511;89;0;0;0
38512;417;122;10;0
38513;361;56;6;1
38514;199;7;4;0
38515;444;41;2;23
38516;436;46;1;0
38517;334;20;3;0
38518;211;4;0;1
38519;128;17;0;0
38520;62;0;0;0
38521;339;17;3;0
38522;211;4;0;1
38523;128;17;0;0
38524;620;42;1;12
38525;446;25;5;0
38526;603;53;3;2
38527;243;75;1;1
38528;149;1;0;0
38529;81;0;0;0
38530;448;25;3;0
38531;241;74;1;1
38532;148;1;0;0
38533;687;57;2;21
38534;516;17;16;0
38535;363;6;6;1
38536;196;6;0;0
38537;78;1;0;0
38538;692;41;5;2
38539;521;18;12;0
38540;358;9;4;1
38541;196;6;0;0
38542;670;89;5;17
38543;675;81;2;4
38544;405;72;10;0
38545;292;63;6;1
38546;156;17;0;0
38547;81;0;0;0
38548;370;74;10;0
38549;292;63;6;1
38550;156;17;0;0
38551;518;41;8;56
38552;518;32;5;2
38553;354;34;3;0
38554;274;1;1;1
38555;125;1;0;0
38556;70;0;0;0
38557;352;36;4;0
38558;274;1;1;1
38559;125;1;0;0
38560;473;43;2;10
38561;389;60;1;5
38562;306;40;3;0
38563;210;26;2;1
38564;156;13;3;0
38565;74;0;0;0
38566;303;43;2;0
38567;211;26;2;1
38568;156;13;3;0
38569;604;28;2;32
38570;575;40;1;0
38571;480;17;1;0
38572;391;4;1;1
38573;211;2;0;0
38574;75;0;0;0
38575;211;2;0;0
38576;391;4;1;1
38577;433;16;0;0
38578;538;76;2;17
38579;425;12;17;3
38580;325;0;4;1
38581;127;2;0;0
38582;66;0;0;0
38583;513;85;6;14
38584;454;12;5;1
38585;326;2;1;1
38586;128;2;0;0
38587;580;50;7;33
38588;465;73;3;0
38589;340;19;3;1
38590;237;8;0;0
38591;86;1;0;0
38592;565;77;6;0
38593;443;61;3;0
38594;239;8;1;0
38595;338;20;3;2
38596;588;51;4;64
38597;632;45;3;7
38598;413;45;10;4
38599;294;57;7;1
38600;179;3;2;0
38601;79;0;0;0
38602;364;43;12;4
38603;293;59;7;1
38604;179;3;1;0
38605;916;36;0;5
38606;1002;6;1;10
38607;635;14;1;1
38608;397;23;4;1
38609;231;7;3;0
38610;87;0;0;0
38611;621;18;1;2
38612;397;23;4;1
38613;231;7;3;0
38614;718;14;0;35
38615;727;22;3;1
38616;512;18;1;2
38617;354;23;1;2
38618;182;19;0;0
38619;83;1;0;0
38620;443;41;1;3
38621;349;20;1;2
38622;182;19;1;0
38623;604;52;18;4
38624;402;52;1;0
38625;675;28;3;2
38626;298;57;4;1
38627;162;2;2;0
38628;82;1;0;0
38629;398;46;0;0
38630;298;57;4;1
38631;162;2;2;0
38632;531;161;0;0
38633;593;152;6;0
38634;381;150;1;0
38635;294;72;8;1
38636;183;20;2;0
38637;85;0;1;0
38638;382;149;1;0
38639;294;72;8;1
38640;183;20;2;0
38641;466;50;1;14
38642;330;40;3;0
38643;476;52;3;2
38644;243;34;0;1
38645;150;0;1;0
38646;64;0;0;0
38647;332;39;3;0
38648;248;34;3;1
38649;150;0;1;0
38650;696;1;5;9
38651;609;1;7;11
38652;434;6;1;7
38653;321;3;6;1
38654;198;2;1;0
38655;75;0;0;0
38656;434;6;1;7
38657;308;11;5;3
38658;198;2;1;0
38659;809;35;8;1
38660;804;37;2;0
38661;553;18;9;0
38662;345;29;4;1
38663;189;8;3;0
38664;90;0;1;0
38665;554;17;8;0
38666;345;29;4;1
38667;189;8;3;0
38668;561;60;0;9
38669;474;80;2;0
38670;350;49;2;1
38671;268;20;1;1
38672;133;11;0;0
38673;78;1;0;0
38674;346;47;1;1
38675;266;17;1;11
38676;133;11;0;0
38677;564;83;2;2
38678;613;37;1;0
38679;392;43;2;0
38680;315;5;1;1
38681;139;17;1;0
38682;85;1;1;0
38683;392;43;2;0
38684;315;5;1;1
38685;139;17;1;0
38686;646;41;1;16
38687;624;56;3;0
38688;413;39;1;0
38689;254;28;0;1
38690;147;1;0;0
38691;78;0;1;0
38692;413;39;1;0
38693;254;28;0;1
38694;147;1;0;0
38695;773;19;2;17
38696;88;0;1;0
38697;232;5;2;0
38698;402;11;9;1
38699;541;11;7;2
38700;663;5;9;17
38701;514;10;4;0
38702;409;9;6;1
38703;228;5;2;0
38704;681;17;7;0
38705;800;40;41;13
38706;826;58;2;8
38707;502;41;20;12
38708;354;20;4;9
38709;177;4;0;0
38710;86;0;0;0
38711;504;41;20;0
38712;354;20;4;9
38713;176;4;0;0
38714;414;22;1;0
38715;327;29;5;4
38716;242;16;0;1
38717;404;64;1;0
38718;153;7;1;0
38719;67;0;1;0
38720;319;29;6;8
38721;242;16;0;1
38722;153;9;0;0
38723;562;68;10;21
38724;578;56;7;38
38725;428;43;11;3
38726;287;32;13;3
38727;241;36;2;0
38728;92;0;0;0
38729;429;42;10;0
38730;286;37;8;3
38731;241;36;2;0
38732;737;100;3;19
38733;633;18;1;22
38734;644;35;1;0
38735;389;53;3;0
38736;223;38;1;1
38737;152;1;0;0
38738;72;1;0;0
38739;389;53;3;0
38740;224;38;0;1
38741;152;1;0;0
38742;602;30;0;18
38743;629;27;3;0
38744;368;21;1;0
38745;285;21;1;1
38746;163;19;0;0
38747;81;0;3;0
38748;368;21;1;0
38749;285;21;1;1
38750;162;19;0;0
38751;456;61;2;22
38752;372;36;4;8
38753;256;16;5;1
38754;169;27;0;0
38755;60;1;0;0
38756;377;48;10;10
38757;342;33;4;3
38758;261;17;1;1
38759;170;27;0;0
38760;356;82;2;18
38761;374;74;3;0
38762;237;73;4;12
38763;205;7;3;1
38764;139;3;0;0
38765;65;1;0;0
38766;227;76;4;0
38767;205;7;2;1
38768;139;3;0;0
38769;601;68;1;10
38770;574;65;2;2
38771;360;53;4;5
38772;277;25;13;7
38773;138;4;0;0
38774;67;0;0;0
38775;360;53;4;2
38776;278;26;14;7
38777;137;4;0;0
38778;716;44;1;0
38779;661;74;0;0
38780;509;65;7;0
38781;276;78;3;1
38782;186;1;0;0
38783;91;0;0;0
38784;472;99;6;0
38785;273;83;3;1
38786;188;2;0;0
38787;704;22;9;21
38788;445;22;19;0
38789;297;6;3;1
38790;179;7;3;0
38791;91;5;0;0
38792;621;24;16;19
38793;441;22;19;0
38794;268;9;1;1
38795;179;7;3;0
38796;733;23;1;8
38797;721;23;2;0
38798;549;8;10;0
38799;356;35;5;1
38800;183;24;1;0
38801;85;0;0;0
38802;538;11;10;0
38803;356;35;5;1
38804;183;24;1;0
38805;643;37;2;2
38806;526;126;5;6
38807;472;40;8;0
38808;302;6;2;1
38809;168;0;0;0
38810;85;1;0;0
38811;471;40;8;0
38812;302;6;2;1
38813;168;0;0;0
38814;1032;64;6;2
38815;975;17;8;1
38816;649;15;15;0
38817;425;21;9;1
38818;240;8;3;0
38819;124;1;1;0
38820;642;20;17;0
38821;425;21;9;1
38822;240;8;2;0
38823;607;79;2;27
38824;427;36;10;0
38825;324;22;2;1
38826;573;30;14;4
38827;202;14;1;0
38828;74;1;0;0
38829;427;36;10;0
38830;324;22;2;1
38831;202;14;1;0
38832;839;58;20;20
38833;921;22;9;2
38834;710;23;11;0
38835;557;42;9;2
38836;290;48;4;2
38837;132;2;1;0
38838;737;29;9;0
38839;563;43;8;1
38840;290;48;4;0
38841;672;59;2;4
38842;611;47;2;1
38843;474;55;7;0
38844;338;34;4;1
38845;235;13;1;0
38846;95;1;0;0
38847;475;54;9;0
38848;338;34;4;1
38849;235;14;1;0
38850;630;39;1;3
38851;662;35;4;6
38852;424;27;8;0
38853;339;21;4;1
38854;116;7;2;0
38855;73;1;1;0
38856;424;27;8;0
38857;339;21;4;1
38858;116;7;2;0
38859;1274;24;5;3
38860;822;89;3;0
38861;572;38;2;1
38862;277;30;2;0
38863;117;1;0;0
38864;1219;44;1;9
38865;809;93;0;7
38866;545;40;3;1
38867;278;30;2;0
38868;426;86;1;7
38869;466;48;1;0
38870;333;45;3;0
38871;232;41;3;1
38872;126;13;0;0
38873;85;1;0;0
38874;332;46;3;0
38875;232;41;3;1
38876;126;13;0;0
38877;924;22;4;23
38878;832;22;9;16
38879;790;36;5;10
38880;615;27;20;0
38881;442;11;26;1
38882;225;2;0;0
38883;91;0;0;0
38884;618;26;21;0
38885;442;11;26;1
38886;225;2;0;0
38887;463;44;9;55
38888;471;43;8;53
38889;308;12;13;4
38890;199;6;1;1
38891;110;1;0;0
38892;54;1;0;0
38893;507;38;3;42
38894;314;11;14;6
38895;199;6;1;3
38896;110;0;0;0
38897;589;108;2;12
38898;594;71;1;12
38899;366;58;9;0
38900;253;49;11;1
38901;140;9;0;0
38902;84;1;0;0
38903;367;57;9;0
38904;253;49;11;1
38905;140;9;0;0
38906;999;82;2;0
38907;944;96;0;1
38908;993;81;2;0
38909;552;77;32;1
38910;170;2;1;0
38911;346;85;1;0
38912;657;72;1;0
38913;344;86;1;1
38914;170;1;1;0
38915;602;42;0;37
38916;350;19;14;0
38917;237;25;12;1
38918;123;2;1;0
38919;72;0;0;0
38920;615;24;1;10
38921;354;20;9;0
38922;239;23;12;1
38923;123;2;1;0
38924;624;74;1;3
38925;426;53;9;11
38926;346;36;2;1
38927;175;1;0;0
38928;74;0;0;0
38929;569;54;2;0
38930;420;54;7;5
38931;345;39;2;1
38932;176;3;2;0
38933;747;39;0;0
38934;723;43;1;0
38935;460;30;1;0
38936;324;34;6;1
38937;198;28;1;0
38938;87;1;0;0
38939;460;30;1;0
38940;324;34;6;1
38941;198;28;1;0
38942;722;59;1;11
38943;681;67;2;0
38944;451;49;12;0
38945;326;49;8;1
38946;142;21;0;0
38947;77;0;0;0
38948;452;48;13;0
38949;323;49;8;1
38950;142;21;0;0
38951;531;32;3;63
38952;571;7;0;0
38953;340;6;2;6
38954;250;6;1;1
38955;220;7;2;0
38956;65;0;0;0
38957;340;8;2;0
38958;250;6;1;1
38959;199;7;1;0
38960;562;67;6;3
38961;572;63;6;2
38962;347;76;2;1
38963;310;30;3;1
38964;138;3;0;0
38965;70;1;0;0
38966;356;68;2;3
38967;310;31;4;3
38968;138;3;0;0
38969;434;51;2;6
38970;463;37;1;0
38971;364;48;4;0
38972;291;30;2;1
38973;120;1;0;0
38974;63;1;0;0
38975;365;48;4;0
38976;283;30;2;1
38977;91;0;0;0
38978;702;52;3;26
38979;498;54;27;568
38980;393;13;8;18
38981;361;8;5;1
38982;221;2;0;0
38983;87;0;0;8
38984;403;9;7;0
38985;360;8;5;1
38986;221;2;0;0
38987;811;7;0;12
38988;776;9;3;0
38989;481;6;4;0
38990;290;21;6;1
38991;203;10;1;0
38992;93;1;0;0
38993;466;7;6;0
38994;292;20;4;1
38995;203;10;2;0
38996;637;20;2;58
38997;463;5;9;0
38998;368;18;1;1
38999;189;2;2;0
39000;68;0;0;0
39001;611;32;3;19
39002;467;4;9;0
39003;369;18;1;1
39004;189;2;2;0
39005;689;60;4;64
39006;698;41;9;0
39007;434;30;15;1
39008;264;23;11;2
39009;182;11;0;0
39010;81;0;0;0
39011;429;29;14;1
39012;267;23;10;2
39013;182;11;0;0
39014;795;25;0;18
39015;736;36;1;4
39016;457;33;4;0
39017;281;10;0;1
39018;135;11;0;0
39019;70;0;0;0
39020;457;33;4;0
39021;281;10;0;1
39022;135;11;0;0
39023;852;39;0;10
39024;510;23;5;0
39025;286;16;2;1
39026;249;19;1;0
39027;92;1;0;0
39028;859;26;3;3
39029;479;25;5;0
39030;282;15;1;1
39031;250;19;1;0
39032;788;35;1;25
39033;519;38;2;0
39034;390;33;1;1
39035;237;1;2;0
39036;63;0;0;0
39037;708;39;0;0
39038;523;39;1;0
39039;390;33;1;1
39040;189;34;3;0
39041;444;65;2;12
39042;453;66;5;0
39043;313;68;7;0
39044;235;37;3;1
39045;129;3;0;0
39046;82;0;0;0
39047;314;69;5;0
39048;232;38;3;1
39049;129;3;0;0
39050;629;27;9;10
39051;630;14;3;0
39052;396;19;0;0
39053;275;14;2;1
39054;162;3;0;0
39055;66;0;1;0
39056;396;19;0;0
39057;275;14;2;1
39058;162;3;0;0
39059;659;80;6;15
39060;657;70;3;0
39061;462;66;6;3
39062;421;56;5;1
39063;223;12;1;0
39064;87;0;0;0
39065;462;67;4;0
39066;419;56;6;1
39067;223;12;1;0
39068;923;53;0;12
39069;144;1;1;0
39070;194;37;1;0
39071;296;57;5;1
39072;644;50;0;37
39073;599;54;3;36
39074;97;1;1;0
39075;162;0;1;0
39076;345;1;3;1
39077;548;11;0;0
39078;756;45;0;0
39079;98;2;0;0
39080;186;7;0;0
39081;351;24;3;1
39082;520;30;5;0
39083;656;68;1;5
39084;577;72;3;0
39085;137;1;1;0
39086;251;14;1;0
39087;380;22;3;1
39088;637;49;2;10
39089;503;59;5;13
39090;102;0;1;0
39091;211;8;1;0
39092;302;42;11;1
39093;413;40;6;0
39094;638;10;1;33
39095;85;1;1;0
39096;168;5;1;0
39097;323;3;1;1
39098;459;13;0;0
39099;676;4;0;20
39100;667;13;1;32
39101;98;2;0;0
39102;185;18;2;0
39103;283;33;3;1
39104;386;61;1;0
39105;808;38;2;19
39106;108;1;0;0
39107;435;1;4;1
39108;215;3;1;0
39109;659;21;0;0
39110;558;71;4;2
39111;111;0;0;0
39112;225;6;2;0
39113;304;16;1;1
39114;442;51;2;0
39115;578;71;4;5
39116;519;18;2;3
39117;271;7;1;0
39118;119;0;1;0
39119;346;1;1;1
39120;469;22;1;0
39121;538;20;2;3
39122;719;107;3;13
39123;148;1;2;0
39124;230;2;1;0
39125;423;5;3;2
39126;633;54;0;0
39127;818;22;2;17
39128;104;0;0;0
39129;199;2;0;0
39130;373;1;3;1
39131;602;22;5;0
39132;771;14;1;18
39133;92;1;0;0
39134;190;3;1;0
39135;348;1;4;1
39136;570;15;3;61
39137;600;39;8;57
39138;80;0;1;0
39139;147;9;4;28
39140;263;50;7;5
39141;437;37;3;28
39142;863;45;1;9
39143;117;0;2;0
39144;247;8;1;0
39145;386;10;3;1
39146;668;43;2;0
39147;1886;174;4;0
39148;1686;180;2;2
39149;1539;144;1;0
39150;262;4;0;0
39151;658;27;0;0
39152;971;135;14;1
39153;675;26;2;0
39154;986;144;3;1
39155;1539;146;4;0
39156;672;74;2;19
39157;764;25;1;0
39158;100;1;0;0
39159;167;6;1;0
39160;386;8;4;1
39161;452;1;2;0
39162;166;7;1;0
39163;393;13;5;1
39164;453;12;2;0
39165;770;6;6;6
39166;712;10;0;0
39167;103;1;0;0
39168;202;8;4;0
39169;385;7;2;1
39170;516;9;3;0
39171;198;7;1;0
39172;393;7;3;1
39173;522;10;3;5
39174;549;8;2;20
39175;532;17;0;2
39176;59;0;1;0
39177;205;3;1;0
39178;287;8;0;2
39179;386;12;3;0
39180;202;4;2;0
39181;285;8;1;1
39182;377;8;2;1
39183;738;40;0;19
39184;735;61;2;24
39185;116;1;1;0
39186;210;5;2;0
39187;442;2;2;1
39188;599;2;2;1
39189;213;6;2;0
39190;446;2;2;1
39191;603;3;3;1
39192;913;25;0;26
39193;862;27;0;2
39194;90;0;0;0
39195;179;2;1;0
39196;403;19;2;1
39197;571;18;2;2
39198;178;2;1;0
39199;404;18;2;1
39200;586;15;0;11
39201;401;62;3;15
39202;419;62;0;2
39203;75;0;0;0
39204;228;5;2;1
39205;319;13;1;3
39206;322;63;3;25
39207;229;6;2;1
39208;321;12;2;9
39209;317;63;2;6
39210;428;67;0;0
39211;368;101;2;0
39212;72;0;1;0
39213;138;0;0;0
39214;261;14;1;1
39215;348;46;3;0
39216;137;0;0;0
39217;261;15;1;1
39218;347;47;1;0
39219;2037;83;22;17
39220;1889;84;27;0
39221;212;1;1;0
39222;593;28;2;0
39223;1072;114;42;1
39224;1513;98;25;0
39225;563;58;1;0
39226;1074;114;41;9
39227;1523;92;25;0
39228;697;4;1;26
39229;680;2;0;1
39230;71;0;0;0
39231;150;1;0;0
39232;277;0;1;1
39233;440;2;0;25
39234;149;1;1;0
39235;287;0;1;2
39236;434;2;0;1
39237;439;72;2;5
39238;487;81;0;5
39239;77;0;1;0
39240;283;8;0;5
39241;388;16;2;6
39242;132;1;1;0
39243;132;1;1;0
39244;288;9;1;1
39245;389;16;2;4
39246;660;37;0;9
39247;78;1;1;0
39248;156;1;1;0
39249;344;2;2;1
39250;501;16;2;0
39251;601;70;0;3
39252;154;2;1;0
39253;346;0;3;1
39254;514;13;0;0
39255;1165;22;0;2
39256;87;0;1;0
39257;148;2;0;0
39258;267;14;0;1
39259;633;14;38;0
39260;1141;47;1;3
39261;148;2;0;0
39262;271;14;1;1
39263;681;44;0;16
39264;571;10;1;8
39265;75;0;0;0
39266;166;11;1;0
39267;333;1;0;1
39268;416;21;3;8
39269;487;42;2;16
39270;165;12;0;0
39271;333;2;0;1
39272;433;4;2;0
39273;478;18;0;18
39274;67;0;1;0
39275;162;4;0;0
39276;295;3;1;1
39277;395;2;2;0
39278;500;27;1;0
39279;165;4;0;0
39280;286;5;0;1
39281;396;2;2;0
39282;977;12;1;10
39283;63;1;1;0
39284;163;2;1;0
39285;393;7;4;1
39286;587;2;3;0
39287;886;16;3;0
39288;163;2;1;0
39289;392;7;5;1
39290;587;2;3;0
39291;650;53;1;53
39292;681;34;0;24
39293;85;0;0;0
39294;226;12;1;0
39295;396;28;1;1
39296;534;37;0;0
39297;226;12;1;0
39298;402;22;1;1
39299;506;36;0;0
39300;524;78;1;4
39301;82;0;0;0
39302;116;74;1;0
39303;264;75;3;1
39304;304;101;1;0
39305;532;86;2;2
39306;117;76;1;0
39307;262;77;3;1
39308;304;101;0;0
39309;452;118;1;1
39310;79;0;0;0
39311;190;1;0;0
39312;338;31;2;1
39313;408;45;4;5
39314;449;97;2;0
39315;190;1;0;0
39316;337;31;2;1
39317;377;59;5;0
39318;901;32;0;5
39319;86;0;0;0
39320;224;9;1;0
39321;436;31;3;1
39322;789;40;6;40
39323;888;35;0;5
39324;185;27;1;0
39325;436;31;1;1
39326;788;39;7;0
39327;469;94;4;9
39328;68;0;0;0
39329;171;4;2;2
39330;235;47;7;5
39331;312;55;1;0
39332;473;82;1;0
39333;171;4;2;0
39334;232;46;6;1
39335;315;54;2;0
39336;724;29;3;19
39337;81;0;0;0
39338;226;4;2;15
39339;394;6;22;1
39340;609;6;24;5
39341;725;40;0;13
39342;93;0;0;0
39343;327;5;4;1
39344;404;38;2;0
39345;588;16;0;31
39346;76;1;0;0
39347;174;1;1;4
39348;341;0;2;1
39349;391;16;2;0
39350;172;2;1;2
39351;582;16;1;2
39352;339;0;1;1
39353;387;15;3;0
39354;519;30;4;0
39355;546;27;1;1
39356;72;0;1;0
39357;175;3;0;0
39358;287;9;2;1
39359;381;9;2;0
39360;175;3;0;0
39361;287;9;2;1
39362;381;9;2;0
39363;500;31;9;25
39364;79;0;1;0
39365;210;19;4;0
39366;316;22;2;5
39367;414;45;5;0
39368;478;74;1;0
39369;211;20;1;0
39370;316;21;3;1
39371;411;48;5;0
39372;694;32;5;1
39373;73;0;0;0
39374;208;8;2;0
39375;350;32;5;1
39376;480;22;0;1
39377;672;34;6;16
39378;203;7;3;0
39379;347;35;1;1
39380;475;28;0;8
39381;714;29;5;0
39382;85;0;1;0
39383;251;2;2;0
39384;386;24;0;1
39385;504;30;5;0
39386;703;39;2;0
39387;249;2;2;0
39388;387;24;1;1
39389;504;30;5;0
39390;530;43;1;0
39391;552;46;1;0
39392;73;0;1;0
39393;124;1;2;0
39394;267;5;2;1
39395;365;46;9;0
39396;373;45;0;8
39397;267;5;2;1
39398;124;1;2;0
39399;637;24;5;77
39400;80;0;1;0
39401;153;7;4;4
39402;342;19;5;18
39403;533;28;1;0
39404;669;35;4;87
39405;153;7;4;4
39406;346;20;4;5
39407;543;22;3;3
39408;496;36;3;100
39409;69;1;0;0
39410;256;7;2;0
39411;383;8;3;5
39412;451;8;1;2
39413;519;50;3;12
39414;256;7;2;0
39415;384;8;2;5
39416;451;9;2;4
39417;641;32;0;42
39418;75;0;0;0
39419;108;14;0;0
39420;239;15;3;1
39421;370;14;2;8
39422;653;7;0;0
39423;111;14;0;0
39424;252;16;3;1
39425;373;14;1;8
39426;482;54;1;4
39427;402;53;0;4
39428;283;25;4;0
39429;182;11;0;0
39430;101;6;0;0
39431;456;76;78;18
39432;374;100;79;0
39433;328;36;0;0
39434;221;0;0;0
39435;88;0;0;0
39436;544;62;0;21
39437;466;33;0;0
39438;379;8;0;0
39439;248;8;0;0
39440;84;4;0;0
39441;419;98;0;12
39442;391;90;0;0
39443;298;38;0;0
39444;201;10;0;0
39445;120;6;0;0
39446;390;67;7;13
39447;378;74;7;0
39448;315;16;12;0
39449;166;21;1;0
39450;90;0;0;0
39451;499;62;1;36
39452;500;63;0;4
39453;332;37;0;0
39454;226;11;0;0
39455;53;0;0;0
39456;571;92;0;0
39457;473;90;0;0
39458;398;40;0;0
39459;253;3;0;0
39460;89;0;0;0
39461;524;96;0;10
39462;482;82;0;0
39463;347;65;2;0
39464;204;19;0;0
39465;89;17;0;0
39466;454;121;0;0
39467;429;125;1;7
39468;274;92;6;0
39469;178;1;0;0
39470;67;0;0;0
39471;596;112;0;21
39472;413;150;0;0
39473;376;49;0;0
39474;191;23;10;0
39475;91;10;0;0
39476;414;97;0;20
39477;395;80;0;0
39478;233;69;0;0
39479;119;65;0;0
39480;55;0;0;0
39481;439;87;0;16
39482;314;68;0;0
39483;273;42;0;0
39484;207;17;0;0
39485;69;6;0;0
39486;567;29;0;18
39487;555;50;0;0
39488;391;34;0;0
39489;157;20;0;0
39490;63;0;0;0
39491;520;102;0;0
39492;442;107;0;0
39493;317;34;0;0
39494;143;7;0;0
39495;74;0;0;0
39496;565;26;0;47
39497;557;21;8;0
39498;305;26;0;0
39499;190;8;0;0
39500;53;0;0;0
39501;519;44;0;28
39502;499;57;0;0
39503;431;27;0;0
39504;183;23;0;0
39505;101;0;0;0
39506;475;5;0;30
39507;428;6;0;16
39508;346;2;0;0
39509;180;1;0;0
39510;90;1;0;0
39511;585;75;6;18
39512;541;80;6;0
39513;360;4;1;0
39514;174;5;0;0
39515;81;3;0;0
39516;589;31;0;33
39517;570;31;0;0
39518;362;30;0;0
39519;210;23;0;0
39520;73;0;0;0
39521;660;49;0;10
39522;541;50;0;3
39523;417;22;0;1
39524;224;4;0;1
39525;75;0;0;1
39526;462;65;0;29
39527;329;63;2;0
39528;294;14;0;0
39529;163;8;0;0
39530;100;2;0;0
39531;524;64;0;0
39532;493;76;2;0
39533;270;38;2;0
39534;189;13;0;0
39535;61;0;0;0
39536;477;76;3;12
39537;457;76;3;0
39538;307;49;1;0
39539;170;31;0;0
39540;69;0;0;0
39541;545;44;0;16
39542;476;44;0;0
39543;374;24;0;0
39544;187;8;0;0
39545;117;8;0;0
39546;505;51;0;92
39547;484;44;0;0
39548;323;34;0;0
39549;147;18;0;0
39550;83;8;0;0
39551;450;111;14;16
39552;219;183;1;12
39553;256;44;0;0
39554;204;10;0;0
39555;132;4;0;0
39556;586;95;0;14
39557;527;95;0;0
39558;346;19;0;0
39559;203;0;0;0
39560;58;0;0;0
39561;433;37;2;35
39562;401;38;5;0
39563;326;37;2;0
39564;153;3;0;0
39565;60;0;0;0
39566;717;23;0;2
39567;559;42;0;60
39568;482;65;0;0
39569;259;24;1;0
39570;97;2;0;0
39571;593;7;0;16
39572;497;24;0;0
39573;457;0;0;0
39574;248;0;0;0
39575;155;0;0;0
39576;524;111;0;0
39577;428;98;0;0
39578;385;73;0;0
39579;255;45;0;0
39580;77;18;0;0
39581;507;38;0;31
39582;511;34;0;0
39583;350;27;0;0
39584;174;1;0;0
39585;55;0;0;0
39586;566;130;5;5
39587;504;123;9;0
39588;290;71;16;0
39589;228;20;0;0
39590;99;16;0;0
39591;333;122;3;28
39592;328;109;17;0
39593;203;67;18;0
39594;115;74;0;0
39595;48;0;0;0
39596;438;28;0;20
39597;426;26;0;8
39598;358;16;0;4
39599;216;5;2;0
39600;138;2;0;0
39601;479;49;0;4
39602;435;53;0;8
39603;307;59;0;0
39604;213;8;0;0
39605;89;0;0;0
39606;601;82;0;0
39607;622;37;0;0
39608;443;16;0;7
39609;274;17;0;0
39610;159;0;0;0
39611;383;91;9;9
39612;290;77;3;0
39613;201;42;0;0
39614;124;0;0;0
39615;57;0;0;0
39616;560;108;0;40
39617;529;89;0;24
39618;402;39;0;15
39619;290;13;0;0
39620;156;10;0;0
39621;589;42;0;26
39622;592;41;0;0
39623;395;22;0;2
39624;246;0;0;0
39625;53;0;0;0
39626;654;65;0;25
39627;534;64;7;17
39628;404;68;11;8
39629;289;82;0;0
39630;149;71;0;0
39631;564;64;1;0
39632;513;70;1;0
39633;421;23;0;1
39634;243;12;0;0
39635;155;10;0;0
39636;646;41;9;0
39637;581;40;9;0
39638;405;24;8;0
39639;250;2;4;0
39640;127;2;0;0
39641;437;79;0;3
39642;434;82;0;0
39643;257;28;0;0
39644;180;26;0;0
39645;49;0;0;0
39646;650;39;2;0
39647;570;37;0;0
39648;417;28;7;1
39649;262;12;0;0
39650;117;22;0;0
39651;419;80;0;0
39652;342;78;7;0
39653;295;37;4;0
39654;187;18;0;0
39655;97;0;0;0
39656;536;88;0;35
39657;511;88;0;0
39658;410;9;0;0
39659;228;4;0;0
39660;125;4;0;0
39661;510;127;3;42
39662;464;108;1;34
39663;383;55;1;28
39664;265;33;1;0
39665;148;1;0;0
39666;618;39;0;18
39667;606;35;0;0
39668;507;37;0;0
39669;243;16;0;0
39670;143;18;0;0
39671;593;98;0;24
39672;499;113;0;0
39673;416;67;0;39
39674;285;27;0;0
39675;89;0;0;0
39676;448;52;1;87
39677;436;52;0;42
39678;389;18;0;0
39679;182;8;0;0
39680;56;4;0;0
39681;591;9;0;35
39682;428;5;0;0
39683;352;2;0;0
39684;228;0;0;0
39685;57;0;0;0
39686;494;120;3;16
39687;438;119;2;5
39688;319;105;2;0
39689;194;36;0;0
39690;135;6;0;0
39691;553;51;0;0
39692;537;43;0;0
39693;298;30;0;0
39694;187;8;0;0
39695;76;0;0;0
39696;513;45;10;36
39697;469;58;0;36
39698;342;75;0;0
39699;224;67;0;0
39700;161;0;0;0
39701;602;35;0;21
39702;563;35;0;14
39703;455;34;0;0
39704;186;22;0;0
39705;102;0;0;0
39706;530;49;3;24
39707;402;55;0;0
39708;318;52;0;0
39709;194;27;0;0
39710;58;0;0;0
39711;583;45;0;9
39712;516;43;0;0
39713;333;39;0;0
39714;197;8;0;0
39715;78;8;0;0
39716;74;1;0;0
39717;225;7;0;0
39718;422;24;2;0
39719;647;17;1;9
39720;699;19;1;67
39721;577;84;1;78
39722;606;48;1;0
39723;394;96;6;0
39724;215;46;0;0
39725;92;0;0;0
39726;441;76;1;22
39727;312;64;1;0
39728;246;17;0;0
39729;165;0;0;0
39730;436;70;1;14
39731;449;18;0;32
39732;420;16;0;8
39733;315;18;0;4
39734;121;0;0;0
39735;52;0;0;0
39736;502;65;0;56
39737;435;72;0;2
39738;384;70;0;0
39739;204;35;0;0
39740;95;0;0;0
39741;507;86;2;63
39742;451;38;16;0
39743;311;51;0;0
39744;264;5;0;0
39745;61;0;0;0
39746;497;72;0;0
39747;497;68;0;0
39748;389;73;0;0
39749;196;44;34;0
39750;162;4;0;0
39751;557;59;3;13
39752;422;48;0;13
39753;360;46;0;0
39754;192;35;0;0
39755;65;0;0;0
39756;596;8;3;60
39757;456;17;15;0
39758;307;21;0;0
39759;237;6;0;0
39760;69;0;0;0
39761;667;67;2;6
39762;558;84;0;0
39763;441;13;0;0
39764;195;35;0;0
39765;99;31;0;0
39766;125;0;0;0
39767;365;3;0;0
39768;470;3;0;0
39769;603;3;0;0
39770;694;3;0;31
39771;67;16;0;0
39772;96;22;0;0
39773;152;72;0;0
39774;170;89;0;0
39775;294;85;0;0
39776;541;28;3;45
39777;358;26;3;33
39778;326;13;0;0
39779;175;1;0;0
39780;57;0;0;0
39781;618;100;0;0
39782;529;100;0;0
39783;339;76;4;0
39784;190;71;0;0
39785;140;0;0;0
39786;581;50;2;0
39787;442;47;2;61
39788;378;28;2;0
39789;206;0;0;0
39790;86;0;0;0
39791;534;57;0;20
39792;470;62;0;20
39793;288;60;2;0
39794;170;40;0;0
39795;78;0;0;0
39796;395;91;0;18
39797;365;92;0;0
39798;274;103;0;0
39799;128;49;0;0
39800;68;1;0;0
39801;551;23;1;75
39802;501;23;1;72
39803;467;19;0;0
39804;277;18;0;0
39805;110;4;0;0
39806;540;94;0;28
39807;522;94;0;0
39808;367;79;0;0
39809;186;27;0;0
39810;75;12;0;0
39811;621;37;0;3
39812;531;39;0;0
39813;381;36;0;0
39814;259;24;0;0
39815;74;8;0;0
39816;72;46;0;0
39817;186;90;0;0
39818;358;98;0;0
39819;456;94;6;0
39820;472;94;6;0
39821;560;119;0;50
39822;508;139;0;0
39823;383;117;0;0
39824;295;13;0;0
39825;87;0;0;0
39826;635;45;9;4
39827;610;46;9;0
39828;356;27;0;0
39829;174;13;0;0
39830;93;0;0;0
39831;423;117;0;54
39832;486;75;0;0
39833;388;114;0;0
39834;241;75;0;0
39835;185;0;0;0
39836;429;27;0;8
39837;372;66;0;8
39838;216;97;1;8
39839;168;9;0;0
39840;103;3;0;0
39841;389;72;0;28
39842;364;70;0;0
39843;334;45;2;9
39844;187;10;0;0
39845;76;2;0;0
39846;81;23;0;0
39847;218;76;0;0
39848;320;74;0;0
39849;481;32;5;0
39850;491;32;5;7
39851;64;0;0;0
39852;124;1;0;0
39853;225;19;0;3
39854;414;26;0;2
39855;542;51;2;7
39856;521;49;2;2
39857;74;0;0;0
39858;139;6;0;0
39859;273;12;0;1
39860;552;28;0;8
39861;825;66;0;19
39862;98;1;0;0
39863;232;24;1;0
39864;271;58;0;1
39865;402;47;3;0
39866;640;81;0;0
39867;313;65;0;0
39868;431;60;0;0
39869;612;51;0;6
39870;423;82;0;11
39871;676;54;1;24
39872;283;71;0;0
39873;375;110;0;0
39874;504;157;0;0
39875;339;47;0;1
39876;586;43;3;0
39877;848;33;0;12
39878;64;0;0;0
39879;226;0;0;0
39880;362;3;0;0
39881;572;3;0;0
39882;826;3;0;15
39883;728;16;6;12
39884;866;16;0;15
39885;120;1;0;0
39886;345;35;0;0
39887;456;55;0;3
39888;729;57;0;13
39889;942;44;1;14
39890;897;51;0;12
39891;79;8;0;0
39892;140;61;0;0
39893;282;87;0;1
39894;438;119;0;0
39895;648;125;0;11
39896;637;107;0;12
39897;95;0;0;0
39898;203;9;0;0
39899;456;32;0;19
39900;735;43;2;15
39901;1010;42;0;19
39902;969;42;0;18
39903;76;0;0;0
39904;307;22;0;0
39905;431;20;1;0
39906;609;11;2;0
39907;870;4;9;0
39908;608;20;0;15
39909;780;25;0;16
39910;429;30;0;1
39911;649;30;0;0
39912;879;32;0;14
39913;63;0;0;0
39914;140;14;0;0
39915;312;27;2;0
39916;495;28;2;27
39917;682;36;0;29
39918;750;45;3;17
39919;954;41;1;17
39920;463;32;5;8
39921;597;48;3;22
39922;401;116;2;2
39923;596;106;0;0
39924;505;47;0;17
39925;794;40;1;34
39926;393;7;0;1
39927;543;11;3;0
39928;640;13;4;0
39929;470;63;0;0
39930;793;58;1;9
39931;568;38;0;7
39932;707;44;0;15
39933;77;0;0;0
39934;199;23;0;0
39935;270;32;0;1
39936;361;35;0;0
39937;519;39;0;8
39938;505;39;0;0
39939;372;39;9;29
39940;514;21;0;21
39941;540;79;3;23
39942;731;71;4;47
39943;337;57;10;33
39944;439;55;4;33
39945;738;139;23;41
39946;1062;140;8;55
39947;503;63;4;27
39948;611;69;4;52
39949;370;50;0;33
39950;413;47;0;34
39951;784;45;10;59
39952;896;49;10;69
39953;334;80;14;15
39954;665;55;0;46
39955;391;75;5;19
39956;599;77;3;34
39957;442;46;22;12
39958;530;59;26;26
39959;595;47;5;8
39960;708;36;1;57
39961;586;97;14;14
39962;607;29;31;14
39963;714;94;5;12
39964;921;91;1;20
39965;656;85;3;41
39966;801;98;7;33
39967;465;56;11;67
39968;595;58;13;75
39969;308;58;2;32
39970;452;70;0;32
39971;479;30;4;35
39972;621;45;0;54
39973;695;49;0;31
39974;822;58;0;53
39975;446;58;16;16
39976;666;19;23;25
39977;530;27;8;20
39978;670;57;3;33
39979;103;10;0;0
39980;230;27;0;0
39981;340;53;0;10
39982;537;47;0;16
39983;657;58;1;20
39984;126;9;0;0
39985;242;28;0;0
39986;396;104;0;0
39987;678;89;5;21
39988;1076;104;2;30
39989;84;0;0;0
39990;198;6;0;0
39991;236;22;0;0
39992;374;46;0;6
39993;436;54;0;70
39994;130;11;0;0
39995;235;10;0;0
39996;359;36;0;20
39997;503;68;0;22
39998;645;69;0;40
39999;82;8;0;0
40000;179;12;0;0
40001;268;21;0;0
40002;313;66;0;0
40003;468;56;0;0
40004;81;4;0;0
40005;145;3;0;0
40006;234;18;0;0
40007;330;62;0;15
40008;419;60;0;75
40009;75;1;0;0
40010;157;17;0;0
40011;284;16;0;0
40012;397;59;0;23
40013;541;69;0;11
40014;83;0;0;0
40015;223;46;0;0
40016;356;44;0;0
40017;534;56;0;15
40018;679;76;5;30
40019;128;8;0;0
40020;250;21;0;0
40021;396;38;0;0
40022;485;55;2;15
40023;656;53;4;37
40024;138;6;0;0
40025;215;23;0;0
40026;399;35;0;0
40027;525;76;8;37
40028;666;65;6;50
40029;189;0;0;0
40030;359;16;0;0
40031;550;20;0;12
40032;753;34;0;79
40033;816;94;9;39
40034;184;9;0;0
40035;277;36;0;0
40036;491;42;6;9
40037;613;56;2;58
40038;897;77;4;58
40039;117;7;0;0
40040;228;29;0;0
40041;371;49;0;0
40042;619;67;0;0
40043;776;59;0;17
40044;121;6;0;0
40045;274;12;0;0
40046;414;33;0;16
40047;513;68;12;21
40048;871;127;0;52
40049;125;12;0;0
40050;186;22;0;0
40051;319;30;0;0
40052;423;99;4;8
40053;709;85;1;34
40054;175;17;0;0
40055;361;20;0;0
40056;505;36;0;11
40057;652;92;0;85
40058;769;104;0;76
40059;150;3;0;0
40060;189;0;0;0
40061;335;42;0;9
40062;482;69;0;38
40063;557;106;0;27
40064;148;17;0;0
40065;237;29;0;0
40066;381;57;0;0
40067;441;58;23;9
40068;735;86;25;25
40069;138;14;0;0
40070;224;33;0;0
40071;289;49;0;0
40072;469;51;2;34
40073;595;60;1;54
40074;579;78;1;30
40075;92;5;0;0
40076;139;21;0;0
40077;239;45;0;0
40078;287;46;0;8
40079;377;55;9;23
40080;74;0;0;0
40081;162;31;0;0
40082;339;39;0;0
40083;484;49;0;0
40084;508;109;0;61
40085;76;4;0;0
40086;132;7;0;0
40087;229;6;0;0
40088;344;42;0;3
40089;473;85;0;3
40090;69;0;0;0
40091;151;26;0;0
40092;290;47;0;0
40093;389;60;0;2
40094;638;58;0;50
40095;102;1;0;0
40096;155;5;0;0
40097;317;25;0;0
40098;564;40;0;33
40099;684;45;0;31
40100;144;17;0;0
40101;231;27;0;0
40102;375;37;19;0
40103;641;74;16;6
40104;914;85;0;32
40105;77;19;0;0
40106;145;35;0;0
40107;226;63;0;4
40108;364;67;0;31
40109;386;96;0;26
40110;100;12;0;0
40111;161;14;0;0
40112;277;92;0;3
40113;532;84;2;38
40114;872;92;2;27
40115;846;124;2;29
40116;120;25;0;0
40117;236;40;0;0
40118;407;36;4;0
40119;651;102;4;0
40120;811;107;6;7
40121;197;27;0;0
40122;337;39;0;0
40123;531;71;0;14
40124;697;39;0;186
40125;1011;163;0;30
40126;1029;119;0;77
40127;84;4;0;0
40128;166;17;0;0
40129;302;55;0;9
40130;428;56;0;8
40131;533;84;3;25
40132;146;14;0;0
40133;247;29;0;0
40134;420;53;1;27
40135;655;71;6;15
40136;873;47;11;14
40137;108;0;0;0
40138;254;30;0;0
40139;289;68;0;0
40140;520;58;0;25
40141;641;74;0;28
40142;109;0;0;0
40143;172;29;0;0
40144;265;55;0;1
40145;403;70;2;10
40146;572;115;8;16
40147;122;24;0;0
40148;223;39;1;0
40149;338;56;8;4
40150;539;50;11;15
40151;655;29;9;45
40152;63;28;0;0
40153;169;33;0;0
40154;296;67;0;0
40155;604;90;0;29
40156;865;164;2;3
40157;136;17;0;0
40158;314;48;0;0
40159;442;77;0;0
40160;603;85;25;10
40161;796;77;10;9
40162;92;6;0;0
40163;182;29;0;0
40164;285;44;1;9
40165;385;74;6;16
40166;600;67;4;31
40167;143;16;0;0
40168;225;74;0;0
40169;265;102;19;3
40170;426;106;4;25
40171;558;72;20;25
40172;54;11;0;0
40173;128;20;0;0
40174;227;32;0;2
40175;267;69;1;31
40176;341;67;7;111
40177;95;1;0;0
40178;184;9;0;0
40179;271;36;0;0
40180;452;73;0;0
40181;535;74;0;0
40182;681;74;1;23
40183;733;64;0;6
40184;397;90;71;4
40185;464;80;7;14
40186;539;135;23;1
40187;634;33;0;75
40188;816;63;0;100
40189;791;19;41;15
40190;680;100;19;8
40191;377;118;9;23
40192;413;121;10;23
40193;549;120;5;42
40194;621;125;12;81
40195;1695;112;0;41
40196;826;59;0;59
40197;665;58;6;22
40198;1047;55;4;13
40199;1022;115;8;4
40200;907;30;30;24
40201;960;154;16;20
40202;788;50;2;25
40203;1323;51;0;6
40204;1254;174;7;119
40205;1962;185;0;7
40206;1073;54;0;2
40207;1124;109;10;60
40208;1212;124;10;82
40209;1210;156;9;34
40210;782;32;8;31
40211;255;51;3;1
40212;526;30;0;8
40213;730;21;9;30
40214;897;91;0;24
40215;808;54;0;27
40216;560;24;0;27
40217;533;172;0;40
40218;514;53;0;20
40219;881;64;1;14
40220;1059;45;0;2
40221;824;58;0;136
40222;733;66;0;0
40223;579;80;2;48
40224;736;119;20;74
40225;954;138;18;40
40226;537;16;0;5
40227;636;65;73;16
40228;2037;126;12;53
40229;560;103;0;35
40230;703;73;1;34
40231;709;142;3;97
40232;632;216;14;112
40233;520;144;0;56
40234;659;152;0;82
40235;687;135;2;28
40236;495;205;48;86
40237;182;4;0;28
40238;314;7;0;21
40239;593;46;0;21
40240;725;128;9;43
40241;798;117;9;50
40242;1059;32;15;83
40243;608;68;5;6
40244;230;209;4;40
40245;398;98;0;15
40246;865;104;2;49
40247;571;100;23;30
40248;847;32;0;32
40249;753;30;0;0
40250;0;0;0;5
40251;734;115;10;23
40252;609;125;8;23
40253;626;69;28;55
40254;660;112;18;53
40255;1542;61;0;44
40256;600;97;2;21
40257;707;89;2;12
40258;164;8;0;0
40259;416;18;0;0
40260;656;24;0;0
40261;752;74;0;0
40262;851;27;32;34
40263;548;88;3;17
40264;614;90;1;17
40265;682;100;2;5
40266;739;97;2;13
40267;813;94;0;8
40268;814;50;1;46
40269;858;65;1;39
40270;690;123;20;4
40271;788;123;35;4
40272;342;26;1;13
40273;582;46;36;44
40274;488;80;3;0
40275;523;125;2;0
40276;676;142;1;15
40277;718;157;1;65
40278;637;86;9;1
40279;750;71;10;5
40280;238;2;0;0
40281;427;19;0;62
40282;636;61;0;0
40283;796;57;0;6
40284;861;45;0;6
40285;293;36;0;0
40286;541;32;0;36
40287;234;92;7;20
40288;354;133;5;16
40289;461;135;5;20
40290;582;129;0;26
40291;1081;57;2;0
40292;1011;69;29;0
40293;543;64;1;61
40294;696;50;1;61
40295;980;63;1;9
40296;1058;65;1;35
40297;420;92;1;33
40298;515;114;1;50
40299;395;104;2;19
40300;537;127;2;12
40301;1136;87;32;39
40302;1379;75;20;37
40303;134;2;0;0
40304;244;3;0;0
40305;647;63;0;35
40306;814;50;0;119
40307;905;72;0;112
40308;703;43;2;24
40309;774;12;5;9
40310;569;23;6;11
40311;767;12;10;16
40312;662;59;8;18
40313;796;32;6;41
40314;762;22;6;27
40315;804;136;58;53
40316;578;253;0;34
40317;649;314;0;21
40318;817;320;1;0
40319;1153;235;0;0
40320;247;133;35;2
40321;405;177;10;5
40322;363;42;7;0
40323;524;45;4;0
40324;524;45;4;0
40325;609;11;0;43
40326;934;31;0;26
40327;498;116;42;0
40328;683;140;27;13
40329;133;2;0;0
40330;933;2;0;18
40331;1006;2;0;18
40332;854;98;0;0
40333;909;100;0;0
40334;740;25;1;2
40335;803;31;1;0
40336;463;5;1;0
40337;789;32;0;0
40338;2518;123;30;54
40339;3052;93;7;15
40340;870;27;0;47
40341;840;84;57;20
40342;258;49;0;7
40343;376;19;0;8
40344;238;25;0;0
40345;342;92;4;6
40346;559;94;2;41
40347;777;157;0;2
40348;449;66;0;37
40349;578;64;0;74
40350;621;119;0;37
40351;650;120;0;37
40352;657;99;1;0
40353;894;82;26;74
40354;178;2;0;0
40355;354;27;0;0
40356;420;48;0;0
40357;594;47;1;24
40358;732;56;113;36
40359;540;167;14;15
40360;671;196;14;36
40361;646;59;11;166
40362;874;42;11;134
40363;809;25;0;43
40364;1005;70;0;40
40365;630;116;1;23
40366;938;89;0;24
40367;702;70;20;66
40368;876;40;34;84
40369;1041;33;118;2
40370;1068;51;136;1
40371;439;30;8;0
40372;542;89;8;0
40373;704;115;8;15
40374;940;63;12;16
40375;1034;71;46;40
40376;565;14;5;15
40377;831;64;25;21
40378;275;5;0;0
40379;495;103;0;0
40380;683;116;0;1
40381;746;207;1;45
40382;909;188;7;53
40383;447;148;28;10
40384;664;212;40;23
40385;405;82;18;24
40386;518;108;39;24
40387;739;7;3;11
40388;802;4;4;15
40389;518;77;4;12
40390;606;70;0;21
40391;200;42;0;0
40392;296;48;1;0
40393;399;45;0;22
40394;624;59;0;50
40395;150;5;0;0
40396;268;51;0;0
40397;451;87;0;17
40398;670;73;0;75
40399;180;5;0;20
40400;337;5;0;20
40401;424;8;0;20
40402;504;141;0;52
40403;179;53;0;0
40404;371;49;0;20
40405;536;63;0;26
40406;717;63;2;37
40407;189;0;0;0
40408;288;56;0;0
40409;365;75;0;13
40410;538;123;0;26
40411;89;112;0;0
40412;168;125;0;8
40413;340;111;0;22
40414;534;80;0;36
40415;268;30;0;0
40416;483;10;0;0
40417;728;29;0;44
40418;873;63;0;32
40419;173;1;0;0
40420;334;23;0;0
40421;495;32;0;11
40422;673;59;0;28
40423;288;13;0;0
40424;482;70;0;26
40425;551;103;6;22
40426;673;124;51;58
40427;218;19;0;0
40428;247;56;0;0
40429;370;85;0;10
40430;504;68;0;28
40431;179;11;0;0
40432;275;15;0;0
40433;440;85;0;6
40434;632;88;0;28
40435;216;29;0;0
40436;295;81;0;0
40437;450;77;0;19
40438;583;100;0;50
40439;172;52;0;0
40440;260;51;0;0
40441;381;61;0;31
40442;469;67;0;43
40443;257;13;0;0
40444;478;25;0;14
40445;628;74;0;34
40446;787;68;0;53
40447;244;20;0;0
40448;391;58;2;0
40449;557;64;0;3
40450;569;155;0;28
40451;326;41;0;0
40452;515;93;0;22
40453;661;96;2;58
40454;1040;66;0;67
40455;298;1;0;0
40456;406;16;0;0
40457;493;84;0;16
40458;555;99;2;44
40459;59;0;0;8
40460;196;0;0;8
40461;194;78;0;8
40462;440;73;0;53
40463;207;31;0;0
40464;419;12;1;0
40465;675;29;8;33
40466;879;3;3;32
40467;273;31;0;0
40468;446;32;7;18
40469;622;68;0;16
40470;727;52;9;36
40471;184;69;0;0
40472;302;57;0;0
40473;448;46;24;36
40474;580;66;11;93
40475;116;42;0;0
40476;284;44;1;0
40477;291;126;6;12
40478;384;136;8;25
40479;301;1;1;0
40480;364;57;4;8
40481;692;44;8;25
40482;958;29;13;73
40483;602;49;1;0
40484;819;33;1;0
40485;1063;27;1;0
40486;1349;27;2;0
40487;122;0;0;0
40488;215;4;0;0
40489;324;17;0;18
40490;464;79;7;35
40491;329;16;0;0
40492;450;23;2;4
40493;555;39;1;34
40494;729;20;8;62
40495;299;16;1;0
40496;430;17;2;0
40497;541;21;2;27
40498;663;101;2;71
40499;152;51;0;0
40500;279;100;0;6
40501;517;83;16;27
40502;655;101;24;30
40503;179;30;0;0
40504;250;32;0;0
40505;418;36;0;20
40506;586;23;0;43
40507;442;12;1;0
40508;757;24;1;0
40509;1103;36;1;0
40510;1357;24;1;0
40511;167;14;0;0
40512;206;41;0;0
40513;315;84;0;0
40514;427;97;1;17
40515;54;0;0;0
40516;203;0;0;0
40517;291;6;0;0
40518;419;24;0;14
40519;471;51;0;28
40520;103;0;0;0
40521;282;19;0;0
40522;345;38;0;0
40523;527;43;0;40
40524;645;33;0;39
40525;189;0;0;0
40526;337;10;0;0
40527;537;177;0;14
40528;836;176;3;41
40529;1078;136;3;57
40530;141;0;0;0
40531;168;74;0;0
40532;244;111;0;0
40533;351;154;0;0
40534;493;183;0;22
40535;144;0;0;0
40536;241;100;0;0
40537;708;56;14;1
40538;960;54;13;26
40539;1091;30;34;25
40540;92;0;0;0
40541;280;24;0;52
40542;300;84;0;51
40543;423;99;0;62
40544;606;82;2;93
40545;111;0;0;0
40546;225;69;0;0
40547;312;99;0;0
40548;456;98;0;0
40549;516;169;0;13
40550;129;0;0;0
40551;312;0;0;0
40552;399;26;0;2
40553;510;38;0;7
40554;645;72;10;34
40555;140;1;0;0
40556;299;16;0;0
40557;413;52;0;2
40558;463;106;0;14
40559;86;0;0;3
40560;186;18;0;3
40561;252;35;0;3
40562;319;47;0;7
40563;422;127;1;14
40564;120;0;0;0
40565;237;4;0;0
40566;312;3;0;0
40567;484;20;0;12
40568;614;68;0;79
40569;126;0;0;0
40570;350;21;0;0
40571;543;49;2;4
40572;892;55;2;32
40573;1000;40;18;52
40574;138;0;0;0
40575;310;9;0;0
40576;487;112;0;14
40577;797;76;0;4
40578;919;102;0;50
40579;159;1;0;0
40580;459;13;0;0
40581;661;59;0;0
40582;865;76;0;5
40583;1081;106;2;8
40584;95;0;0;0
40585;243;6;0;2
40586;362;143;0;4
40587;495;123;2;3
40588;724;90;5;61
40589;70;0;0;0
40590;243;3;0;0
40591;374;19;0;0
40592;447;23;2;2
40593;389;223;0;3
40594;157;0;0;0
40595;111;173;0;0
40596;327;214;0;10
40597;498;197;2;36
40598;792;126;1;40
40599;58;0;0;0
40600;192;65;0;2
40601;251;103;0;4
40602;361;172;4;11
40603;109;0;0;0
40604;221;41;0;0
40605;336;72;0;0
40606;540;74;0;18
40607;708;128;0;32
40608;121;0;0;0
40609;269;2;0;0
40610;298;7;0;0
40611;338;75;0;5
40612;420;153;2;33
40613;228;0;0;0
40614;495;23;0;0
40615;649;73;0;0
40616;918;106;1;44
40617;1410;95;1;119
40618;217;0;0;0
40619;377;25;0;12
40620;569;90;0;16
40621;723;154;0;71
40622;775;234;0;77
40623;169;3;0;0
40624;239;54;0;0
40625;352;61;0;16
40626;473;67;0;30
40627;130;0;0;0
40628;292;35;0;0
40629;366;59;0;0
40630;475;65;0;7
40631;665;35;0;65
40632;154;0;0;0
40633;381;24;0;0
40634;483;88;3;0
40635;533;170;3;8
40636;789;177;3;33
40637;167;0;0;0
40638;258;34;0;0
40639;392;91;1;24
40640;460;148;1;7
40641;661;77;3;50
40642;244;2;0;0
40643;385;46;0;0
40644;538;53;0;0
40645;720;52;0;20
40646;987;42;0;45
40647;232;0;0;0
40648;352;136;0;0
40649;544;128;0;1
40650;647;68;46;82
40651;878;186;0;43
40652;141;0;0;0
40653;337;15;0;0
40654;523;16;0;4
40655;626;16;0;4
40656;840;17;6;6
40657;104;0;0;0
40658;275;5;0;0
40659;448;60;2;6
40660;640;57;24;26
40661;739;68;20;28
40662;119;13;0;0
40663;314;44;0;249
40664;398;88;1;344
40665;696;80;0;274
40666;993;29;0;383
40667;73;0;0;0
40668;164;86;0;0
40669;282;76;0;0
40670;486;75;0;32
40671;567;48;0;31
40672;128;0;0;0
40673;305;10;0;0
40674;401;40;0;0
40675;501;90;0;2
40676;589;159;0;54
40677;45;1;0;0
40678;116;1;0;0
40679;175;5;1;4
40680;198;14;1;25
40681;270;1;0;0
40682;538;16;0;0
40683;601;96;0;0
40684;848;76;6;41
40685;968;170;4;56
40686;315;0;0;0
40687;561;20;0;0
40688;668;55;0;0
40689;1240;39;0;0
40690;1380;60;0;0
40691;93;0;0;0
40692;201;3;0;0
40693;301;7;0;0
40694;366;45;3;11
40695;436;92;9;40
40696;224;0;0;0
40697;445;35;0;0
40698;713;109;3;13
40699;1071;63;3;51
40700;1431;49;5;62
40701;116;0;0;0
40702;307;0;0;0
40703;378;0;0;0
40704;485;79;0;0
40705;871;5;0;35
40706;171;0;0;0
40707;260;2;0;0
40708;250;40;0;12
40709;345;46;7;32
40710;471;68;0;52
40711;80;0;0;0
40712;275;5;0;0
40713;330;9;4;0
40714;486;20;4;1
40715;633;26;4;37
40716;136;2;0;0
40717;324;3;0;0
40718;375;6;0;0
40719;486;18;0;9
40720;670;31;0;42
40721;135;0;0;0
40722;343;32;0;0
40723;460;45;9;2
40724;628;30;9;32
40725;739;37;10;67
40726;213;9;0;0
40727;419;78;0;0
40728;607;72;4;3
40729;970;78;0;28
40730;1147;61;1;45
40731;125;0;0;0
40732;285;34;0;0
40733;301;129;0;0
40734;453;105;0;0
40735;749;98;0;3
40736;195;30;0;4
40737;551;54;2;76
40738;675;51;6;32
40739;1251;17;0;10
40740;1269;59;0;0
40741;811;47;0;102
40742;505;1;0;5
40743;298;127;0;51
40744;796;11;1;87
40745;382;62;0;8
40746;617;94;2;77
40747;919;6;0;1
40748;1802;14;13;98
40749;853;24;2;34
40750;1179;25;7;59
40751;1376;26;2;50
40752;644;6;0;6
40753;380;79;0;6
40754;271;4;0;22
40755;1084;4;0;130
40756;924;7;0;13
40757;1332;7;0;13
40758;475;71;0;42
40759;517;8;0;62
40760;575;60;0;28
40761;1217;27;2;23
40762;374;37;0;0
40763;397;17;0;13
40764;632;2;0;6
40765;536;2;0;0
40766;272;40;0;12
40767;252;40;0;12
40768;358;44;3;29
40769;789;67;0;99
40770;359;25;2;12
40771;1759;13;1;81
40772;2207;8;2;171
40773;535;26;1;44
40774;235;60;0;6
40775;1232;17;0;118
40776;631;20;1;51
40777;1006;12;14;36
40778;953;3;0;146
40779;442;227;0;0
40780;616;63;15;29
40781;628;23;8;0
40782;336;69;4;1
40783;438;101;10;0
40784;441;64;12;0
40785;576;46;32;0
40786;307;21;6;23263
40787;694;88;8;2
40788;734;22;0;0
40789;633;58;2;20
40790;641;66;0;26
40791;747;47;4;0
40792;608;61;6;1
40793;533;122;0;0
40794;367;73;12;0
40795;271;80;4;1
40796;495;135;28;29
40797;422;16;0;9
40798;435;70;10;512
40799;613;21;2;28
40800;842;27;30;0
40801;551;104;6;0
40802;281;100;12;0
40803;444;102;14;0
40804;925;9;0;16
40805;611;53;0;0
40806;573;143;6;99
40807;648;21;0;1
40808;467;30;0;10
40809;386;6;2;0
40810;437;310;44;42
40811;810;51;0;0
40812;845;138;32;28
40813;816;96;6;0
40814;378;57;54;0
40815;465;0;0;21
40816;16;439;1;1
40817;857;110;9;45
40818;532;62;10;26
40819;567;202;4;0
40820;880;123;4;1
40821;600;23;1;9
40822;491;64;6;0
40823;558;86;12;0
40824;700;149;29;27
40825;465;9;0;1
40826;728;23;17;2
40827;653;100;0;28
40828;555;45;0;88
40829;530;30;0;20
40830;591;50;0;36
40831;610;88;0;23
40832;421;95;7;66
40833;287;100;0;0
40834;507;104;3;0
40835;388;133;0;16
40836;452;40;0;0
40837;678;7;2;21
40838;592;30;0;0
40839;616;135;0;82
40840;717;42;2;133
40841;689;141;0;36
40842;672;122;1;2
40843;530;52;2;3
40844;548;56;1;40
40845;731;74;8;46
40846;795;14;0;30
40847;693;99;0;17
40848;666;59;1;2
40849;559;104;6;348
40850;959;92;2;71
40851;899;70;0;23
40852;894;39;0;2
40853;880;54;0;10
40854;946;47;2;7
40855;819;46;7;33
40856;864;137;0;21
40857;641;19;5;13
40858;684;124;0;31
40859;830;92;0;6
40860;817;115;2;77
40861;755;61;1;0
40862;784;97;2;0
40863;730;37;0;46
40864;874;78;15;43
40865;646;68;0;36
40866;793;85;2;68
40867;724;87;0;50
40868;768;81;5;30
40869;1031;7;3;12
40870;777;16;1;0
40871;1068;24;0;49
40872;1095;74;0;16
40873;680;25;1;77
40874;572;115;8;16
40875;590;89;6;48
40876;870;64;0;8
40877;842;166;0;76
40878;733;44;2;7
40879;689;28;0;66
40880;648;83;0;46
40881;655;182;0;78
40882;731;122;0;11
40883;568;25;0;100
40884;738;156;0;59
40885;713;12;15;2
40886;615;63;8;101
40887;672;118;1;32
40888;712;93;0;23
40889;634;59;0;48
40890;766;38;11;64
40891;764;117;6;27
40892;673;56;3;44
40893;897;77;4;58
40894;475;105;3;37
40895;697;200;0;5
40896;727;58;1;15
40897;438;68;0;35
40898;560;159;0;16
40899;750;52;10;49
40900;665;166;1;56
40901;786;135;0;19
40902;775;62;1;45
40903;569;114;0;28
40904;514;79;0;38
40905;558;50;2;0
40906;876;159;8;73
40907;735;86;25;25
40908;568;60;3;11
40909;430;112;1;25
40910;663;120;3;31
40911;614;88;0;41
40912;704;64;0;12
40913;573;117;0;66
40914;580;82;10;17
40915;914;85;0;32
40916;591;91;0;26
40917;455;149;19;97
40918;386;96;0;26
40919;773;70;0;0
40920;805;44;3;12
40921;512;155;2;18
40922;598;2;0;49
40923;801;127;5;3
40924;873;47;11;14
40925;701;21;12;67
40926;740;27;2;44
40927;781;16;1;1
40928;749;130;0;46
40929;560;76;2;21
40930;551;140;1;22
40931;664;98;0;0
40932;716;69;2;64
40933;766;10;78;81
40934;948;34;6;1
40935;561;87;1;28
40936;384;33;0;0
40937;789;40;0;0
40938;788;57;0;0
40939;1072;58;0;0
40940;1095;8;0;0
40941;640;6;0;0
40942;1087;10;0;0
40943;426;13;1;0
40944;829;20;1;9
40945;372;25;0;0
40946;601;43;0;0
40947;442;30;1;0
40948;780;32;0;4
40949;413;15;0;0
40950;674;20;1;0
40951;446;45;3;0
40952;687;56;1;1
40953;352;0;0;0
40954;568;1;0;15
40955;407;11;0;0
40956;688;31;0;0
40957;395;14;0;0
40958;668;64;0;0
40959;367;24;0;0
40960;635;102;1;8
40961;566;11;13;0
40962;1099;19;0;8
40963;367;26;0;0
40964;731;49;0;15
40965;662;15;0;0
40966;1115;33;2;14
40967;1295;21;0;14
40968;435;39;1;0
40969;782;54;0;0
40970;381;30;0;0
40971;628;31;0;0
40972;529;22;0;0
40973;767;24;0;3
40974;498;10;0;0
40975;802;12;0;20
40976;354;31;0;0
40977;688;60;2;5
40978;428;3;0;0
40979;809;15;0;0
40980;483;38;0;0
40981;1124;23;0;9
40982;1094;15;0;4
40983;578;33;4;0
40984;1105;14;0;4
40985;467;73;1;0
40986;933;83;0;14
40987;347;11;0;0
40988;659;45;1;0
40989;1886;56;6;6
40990;1933;55;6;6
40991;339;3;0;0
40992;627;29;0;0
40993;229;45;0;0
40994;371;52;0;0
40995;419;52;0;0
40996;537;81;0;22
40997;374;24;0;0
40998;502;22;0;33
40999;457;25;3;0
41000;696;20;1;18
41001;403;17;16;0
41002;769;28;4;6
41003;629;41;4;0
41004;942;29;0;0
41005;615;22;1;0
41006;824;45;2;4
41007;813;28;0;0
41008;1069;35;0;0
41009;531;22;2;0
41010;700;35;1;37
41011;620;31;0;0
41012;1065;25;16;7
41013;589;60;0;0
41014;852;62;22;6
41015;449;47;0;0
41016;652;33;1;5
41017;584;29;0;0
41018;863;13;2;13
41019;602;23;0;0
41020;1010;18;0;4
41021;454;15;0;0
41022;640;26;0;3
41023;809;22;7;144
41024;1054;35;3;132
41025;757;44;6;0
41026;1091;32;6;7
41027;440;38;0;0
41028;532;85;0;7
41029;594;24;8;0
41030;939;31;4;0
41031;346;41;2;0
41032;583;56;5;0
41033;422;15;1;0
41034;666;23;0;12
41035;585;59;3;0
41036;835;60;4;6
41037;608;34;13;0
41038;889;37;1;0
41039;914;38;1;0
41040;374;46;0;0
41041;564;32;0;6
41042;626;12;1;0
41043;780;54;0;7
41044;397;28;0;0
41045;525;18;0;12
41046;486;54;0;0
41047;658;66;1;6
41048;540;6;3;0
41049;683;7;1;19
41050;540;4;3;0
41051;763;19;0;5
41052;436;35;0;0
41053;663;57;1;12
41054;454;37;6;8
41055;577;47;4;0
41056;412;83;0;0
41057;628;169;4;5
41058;850;281;4;17
41059;1158;197;8;16
41060;612;99;3;12
41061;952;150;3;78
41062;1223;140;3;47
41063;1447;124;3;84
41064;426;107;0;0
41065;708;168;4;19
41066;1006;253;0;31
41067;1325;216;1;16
41068;389;62;0;34
41069;566;121;0;37
41070;826;121;2;33
41071;682;108;4;6
41072;1206;152;4;22
41073;1467;178;4;63
41074;1746;97;8;8
41075;562;152;4;0
41076;1072;164;2;39
41077;1367;155;16;51
41078;1643;169;12;45
41079;449;215;0;0
41080;632;275;0;14
41081;846;237;0;14
41082;370;170;0;8
41083;618;177;0;0
41084;810;159;6;0
41085;453;109;0;0
41086;653;115;23;23
41087;839;93;24;47
41088;605;100;1;0
41089;820;140;4;51
41090;1083;195;4;77
41091;1261;204;16;56
41092;634;82;0;15
41093;800;79;1;15
41094;1023;79;1;16
41095;1202;80;1;15
41096;1324;80;2;15
41097;972;43;0;1
41098;1015;33;0;1
41099;1452;33;0;2
41100;1544;33;0;1
41101;1794;31;0;1
41102;562;35;0;1
41103;728;36;0;1
41104;797;35;0;2
41105;881;36;0;1
41106;1039;35;1;1
41107;945;6;0;1
41108;1042;6;0;1
41109;1245;6;0;2
41110;1448;7;2;1
41111;1610;1;2;1
41112;505;2;0;0
41113;719;2;0;0
41114;848;2;0;1
41115;1008;3;1;0
41116;1071;4;1;0
41117;490;1;0;0
41118;544;1;0;0
41119;589;1;0;1
41120;717;2;1;0
41121;846;2;1;0
41122;336;63;0;0
41123;464;63;0;0
41124;623;63;0;1
41125;742;46;0;0
41126;913;20;1;0
41127;343;126;1;0
41128;431;116;0;0
41129;529;116;0;1
41130;635;116;0;0
41131;906;48;1;0
41132;617;59;0;0
41133;904;61;0;0
41134;952;61;0;1
41135;999;61;0;0
41136;1063;53;0;0
41137;491;52;0;1
41138;577;60;1;1
41139;746;52;3;2
41140;834;52;1;1
41141;968;53;0;1
41142;489;21;0;0
41143;579;21;0;0
41144;704;21;0;1
41145;799;21;0;0
41146;897;23;2;0
41147;570;214;0;12
41148;369;272;0;12
41149;784;215;0;13
41150;883;212;1;12
41151;1069;151;1;12
41152;862;102;0;0
41153;1103;102;0;0
41154;1232;103;1;1
41155;1423;83;0;0
41156;1772;84;0;0
41157;803;108;0;2
41158;904;96;4;2
41159;1088;55;2;2
41160;1328;54;0;1
41161;1506;28;1;1
41162;779;0;0;0
41163;908;3;1;0
41164;1015;4;1;1
41165;1219;1;0;0
41166;1428;0;0;0
41167;2530;86;0;0
41168;3071;20;0;0
41169;1500;79;0;0
41170;1754;74;0;0
41171;2114;74;0;1
41172;2618;74;2;0
41173;3180;9;3;0
41174;834;24;0;0
41175;1011;24;0;1
41176;1286;23;0;2
41177;1441;28;3;1
41178;1604;19;1;1
41179;663;14;0;0
41180;780;14;0;0
41181;931;14;0;1
41182;1058;14;1;0
41183;1343;2;0;0
41184;489;20;1;0
41185;612;20;0;0
41186;688;22;0;1
41187;938;23;1;0
41188;982;24;1;0
41189;569;53;0;0
41190;689;53;0;0
41191;930;41;0;1
41192;1052;42;2;0
41193;1202;30;1;0
41194;675;16;0;0
41195;755;16;0;0
41196;1011;16;0;1
41197;1131;16;0;0
41198;1194;17;0;0
41199;768;52;0;0
41200;982;41;0;0
41201;1291;27;0;1
41202;1401;28;0;0
41203;1709;6;0;0
41204;511;137;0;0
41205;573;139;0;0
41206;1046;42;0;1
41207;1376;6;1;0
41208;1650;3;1;0
41209;215;1;1;0
41210;275;1;0;0
41211;307;1;0;1
41212;319;1;0;0
41213;400;4;4;0
41214;469;130;8;0
41215;580;205;0;2
41216;689;171;0;3
41217;861;127;0;0
41218;988;88;0;0
41219;1186;5;0;0
41220;1293;18;0;0
41221;1540;19;0;1
41222;1798;7;2;0
41223;2244;6;0;0
41224;2003;48;10;0
41225;2371;48;10;0
41226;2656;26;10;1
41227;3442;28;10;0
41228;3994;26;10;0
41229;1235;48;10;0
41230;1407;48;10;0
41231;1692;26;10;1
41232;1906;26;10;0
41233;2457;26;10;0
41234;766;21;0;0
41235;864;22;0;0
41236;1118;22;0;1
41237;1398;16;0;0
41238;1566;15;1;0
41239;576;31;0;24
41240;775;61;0;1
41241;984;57;0;2
41242;1057;57;0;1
41243;1172;45;0;0
41244;772;0;2;0
41245;820;0;2;0
41246;1087;2;2;1
41247;1144;2;2;0
41248;1237;2;2;0
41249;764;35;0;6
41250;810;38;0;6
41251;1040;38;0;7
41252;1212;16;0;6
41253;1422;1;0;6
41254;524;150;0;0
41255;715;135;0;0
41256;1341;54;0;1
41257;1538;23;1;0
41258;1592;22;0;0
41259;508;20;0;1
41260;572;20;2;1
41261;708;20;0;2
41262;836;21;1;1
41263;1074;14;1;1
41264;548;0;0;0
41265;640;3;0;0
41266;764;3;0;1
41267;883;4;0;0
41268;976;6;1;0
41269;1579;106;5;0
41270;2003;94;1;0
41271;2357;95;1;1
41272;2874;54;1;0
41273;3265;52;2;0
41274;927;7;0;2
41275;964;15;0;2
41276;1092;15;0;3
41277;1446;13;0;0
41278;1628;8;0;0
41279;439;8;0;101
41280;523;12;0;6
41281;503;131;0;32
41282;734;86;3;3
41283;867;51;0;8
41284;549;181;0;1
41285;755;127;0;1
41286;1014;82;2;2
41287;1232;70;2;1
41288;1389;58;1;1
41289;1308;52;5;0
41290;1445;50;12;1
41291;1619;49;13;0
41292;2009;102;4;0
41293;777;12;6;0
41294;506;33;0;0
41295;604;42;0;0
41296;775;18;0;2
41297;985;23;0;1
41298;1257;15;0;0
41299;357;44;0;0
41300;777;20;0;0
41301;1055;11;0;1
41302;1332;6;0;0
41303;1515;4;0;0
41304;394;72;1;7
41305;690;121;1;9
41306;839;110;0;10
41307;1047;110;0;9
41308;1476;112;2;9
41309;236;41;8;0
41310;499;28;12;0
41311;623;16;17;1
41312;1062;33;8;0
41313;1224;31;7;0
41314;161;10;0;1
41315;304;27;0;1
41316;430;28;1;2
41317;594;32;1;1
41318;1117;17;8;1
41319;629;20;18;1
41320;497;9;1;0
41321;587;31;0;0
41322;685;30;3;1
41323;789;28;0;0
41324;857;16;1;0
41325;935;118;10;390
41326;1167;80;10;390
41327;1724;61;10;391
41328;2239;44;7;263
41329;2625;1;5;0
41330;408;40;5;0
41331;776;14;0;0
41332;1017;149;0;1
41333;1387;115;0;0
41334;1846;5;0;0
41335;1159;58;0;0
41336;1542;49;0;0
41337;1866;37;0;0
41338;2216;30;3;0
41339;2618;28;2;0
41340;1555;30;4;0
41341;1356;40;2;0
41342;1080;71;0;1
41343;704;61;9;0
41344;411;9;5;0
41345;583;25;0;0
41346;1429;23;0;0
41347;1834;22;0;0
41348;2073;21;0;0
41349;2607;13;0;0
41350;775;41;0;1
41351;893;27;0;1
41352;1084;21;0;2
41353;1184;15;2;1
41354;1286;14;1;1
41355;733;123;4;25
41356;1051;38;2;6
41357;1284;12;6;0
41358;1422;10;2;0
41359;617;35;4;8
41360;226;37;1;0
41361;580;0;0;0
41362;781;36;3;1
41363;962;36;0;0
41364;1076;36;1;0
41365;436;138;11;28
41366;632;143;8;29
41367;887;108;6;28
41368;1111;67;4;28
41369;445;42;10;0
41370;662;45;6;0
41371;690;43;4;0
41372;724;35;16;1
41373;791;36;7;0
41374;938;10;4;0
41375;566;39;4;0
41376;825;2;0;0
41377;965;10;2;0
41378;1109;10;0;1
41379;1288;9;0;0
41380;1438;15;2;0
41381;8270;36;0;1
41382;7045;21;0;0
41383;6057;21;0;0
41384;3604;40;0;0
41385;1916;93;0;0
41386;675;57;0;0
41387;846;30;1;0
41388;1228;30;1;0
41389;1423;12;1;0
41390;329;3;0;0
41391;1049;136;1;0
41392;1107;150;0;0
41393;1559;101;0;1
41394;1962;92;0;0
41395;2756;27;1;0
41396;899;88;20;0
41397;1123;121;8;8
41398;1570;112;20;10
41399;1824;114;7;9
41400;1996;140;4;9
41401;1137;129;10;0
41402;1409;107;6;1
41403;1722;97;4;0
41404;2078;45;7;0
41405;821;113;13;0
41406;474;126;0;0
41407;696;69;0;5
41408;882;66;0;6
41409;1190;37;0;5
41410;1555;12;2;5
41411;326;224;8;0
41412;859;78;6;1
41413;1164;26;8;0
41414;1179;28;8;21
41415;515;26;0;0
41416;616;41;3;1
41417;703;30;3;0
41418;799;19;3;2
41419;888;8;3;0
41420;1031;4;2;0
41421;588;50;8;37
41422;815;33;8;36
41423;1114;33;6;36
41424;518;12;10;0
41425;314;20;7;0
41426;310;162;1;0
41427;1241;48;1;0
41428;1592;58;1;1
41429;1803;46;1;0
41430;2122;48;5;0
41431;33;264;1;4
41432;314;135;0;0
41433;493;112;2;1
41434;582;112;0;0
41435;815;44;1;0
41436;644;57;0;0
41437;792;47;0;0
41438;939;24;0;1
41439;1044;15;0;0
41440;1135;9;1;0
41441;482;73;6;0
41442;533;82;0;0
41443;225;121;19;1
41444;455;56;11;2
41445;531;58;19;1
41446;760;11;8;1
41447;120;24;4;0
41448;584;20;0;1
41449;634;36;0;1
41450;785;26;0;2
41451;943;27;3;1
41452;1026;27;1;1
41453;774;5;0;0
41454;932;24;1;0
41455;1331;4;0;1
41456;1399;5;1;0
41457;1541;4;0;0
41458;432;46;0;0
41459;611;36;0;0
41460;825;39;0;1
41461;1032;34;1;0
41462;1241;27;0;0
41463;1768;0;0;0
41464;1481;5;0;0
41465;903;5;0;0
41466;361;56;0;0
41467;1189;5;0;20
41468;546;41;0;0
41469;560;83;0;0
41470;799;67;0;1
41471;966;67;0;0
41472;1143;69;2;0
41473;110;292;0;0
41474;377;225;0;0
41475;511;226;0;1
41476;642;226;0;0
41477;758;228;2;0
41478;1730;1;0;0
41479;1998;1;0;0
41480;2315;4;0;1
41481;2560;3;2;0
41482;3065;1;0;0
41483;1534;1;0;0
41484;954;54;2;0
41485;1175;53;0;0
41486;1449;56;0;76
41487;1677;42;1;75
41488;2018;30;1;75
41489;154;82;0;0
41490;314;159;2;0
41491;483;3;161;1
41492;773;4;74;0
41493;1030;3;0;0
41494;310;7;0;0
41495;458;11;0;0
41496;541;7;0;1
41497;585;7;2;0
41498;641;1;0;0
41499;871;13;0;0
41500;1000;7;0;0
41501;1044;7;2;1
41502;1108;8;2;0
41503;1228;3;0;0
41504;621;7;0;0
41505;88;87;0;0
41506;152;136;1;0
41507;312;89;0;1
41508;516;59;0;0
41509;651;35;0;0
41510;352;14;3;0
41511;817;41;14;0
41512;968;33;20;1
41513;1270;35;4;0
41514;1471;33;8;0
41515;912;8;0;0
41516;1315;8;0;2
41517;1673;12;2;2
41518;1983;10;1;1
41519;2296;9;0;1
41520;490;33;0;0
41521;741;62;0;37
41522;832;32;0;38
41523;896;54;0;3
41524;1088;22;0;3
41525;549;41;0;0
41526;633;41;3;0
41527;717;41;0;1
41528;872;41;0;0
41529;991;22;0;0
41530;837;255;4;0
41531;1194;178;2;0
41532;1401;147;3;1
41533;1573;93;6;0
41534;1586;94;9;0
41535;142;125;0;0
41536;558;152;17;2
41537;753;151;1;3
41538;1200;97;1;2
41539;1373;71;2;2
41540;1377;65;0;2
41541;268;2;16;0
41542;364;2;0;0
41543;438;2;0;1
41544;569;0;0;0
41545;625;1;0;0
41546;260;2;16;0
41547;731;22;0;0
41548;805;22;0;0
41549;996;20;0;1
41550;1164;20;1;0
41551;1404;1;0;0
41552;635;22;16;0
41553;622;10;16;0
41554;393;87;8;16
41555;597;69;10;15
41556;819;41;0;15
41557;341;16;12;0
41558;210;10;6;0
41559;631;115;18;0
41560;753;97;10;24
41561;1018;28;8;12
41562;1218;3;5;0
41563;563;10;14;0
41564;523;9;10;0
41565;1142;84;8;0
41566;1376;79;8;1
41567;1656;48;8;0
41568;2080;25;8;0
41569;639;43;0;0
41570;1074;20;10;0
41571;1202;25;6;1
41572;1561;9;11;34
41573;1819;13;0;0
41574;441;0;0;0
41575;545;49;0;1
41576;654;25;0;2
41577;733;1;0;1
41578;923;0;0;1
41579;401;6;0;0
41580;622;2;0;0
41581;800;2;0;1
41582;888;3;0;0
41583;968;3;0;0
41584;621;10;2;0
41585;855;81;2;0
41586;1020;11;2;1
41587;1148;13;0;0
41588;1253;9;0;0
41589;252;4;0;0
41590;498;19;0;0
41591;743;36;0;0
41592;860;26;0;0
41593;1107;0;0;0
41594;550;23;0;0
41595;681;61;0;0
41596;937;54;0;1
41597;1083;32;0;0
41598;1184;37;12;0
41599;1077;85;18;1
41600;1427;84;4;2
41601;1700;44;2;4
41602;1887;13;6;7
41603;320;53;26;17
41604;160;6;7;0
41605;309;8;4;1
41606;335;4;8;2
41607;401;4;2;1
41608;616;2;2;1
41609;801;10;9;0
41610;1598;16;23;1
41611;2001;23;17;2
41612;2435;25;17;1
41613;2872;28;21;1
41614;932;36;0;0
41615;1067;23;0;0
41616;1144;11;0;1
41617;1237;8;2;0
41618;1416;1;0;0
41619;677;56;0;0
41620;737;56;0;0
41621;929;26;0;0
41622;1122;26;4;0
41623;1370;27;0;1
41624;1568;4;2;0
41625;1759;3;0;0
41626;962;5;0;0
41627;1191;160;0;0
41628;1395;111;0;1
41629;1669;80;0;0
41630;1952;6;0;0
41631;605;42;2;0
41632;685;30;5;0
41633;823;18;2;1
41634;871;14;4;0
41635;905;13;4;0
41636;552;63;0;13
41637;902;65;0;13
41638;1028;56;1;14
41639;1260;52;1;13
41640;1386;54;1;13
41641;712;19;10;1
41642;1229;21;8;0
41643;1440;21;12;0
41644;480;12;18;0
41645;228;55;11;0
41646;374;102;0;0
41647;456;107;0;4
41648;623;88;0;39
41649;814;35;0;0
41650;985;1;1;0
41651;235;61;8;0
41652;376;74;9;0
41653;568;65;9;1
41654;670;65;10;0
41655;879;38;9;0
41656;754;68;0;0
41657;1146;23;0;0
41658;1541;17;2;1
41659;1717;42;1;0
41660;1822;102;3;45
41661;822;8;0;0
41662;985;5;0;0
41663;1073;5;1;1
41664;1212;6;0;0
41665;1332;9;1;0
41666;540;38;0;14
41667;508;148;0;0
41668;857;113;7;1
41669;1011;70;7;0
41670;1379;37;2;0
41671;287;19;7;5
41672;490;90;14;1
41673;656;66;9;0
41674;596;16;8;0
41675;433;16;10;0
41676;211;26;5;0
41677;148;115;0;0
41678;449;278;0;0
41679;767;234;1;1
41680;1057;153;0;0
41681;1467;33;1;0
41682;316;5;0;0
41683;387;1;2;0
41684;389;9;4;1
41685;523;7;16;0
41686;696;1;16;0
41687;911;30;0;0
41688;1232;26;0;0
41689;1354;27;0;1
41690;1479;29;1;0
41691;1632;20;2;0
41692;496;117;0;0
41693;543;115;0;0
41694;705;93;0;1
41695;828;91;0;0
41696;1043;60;0;0
41697;211;103;1;0
41698;710;56;4;0
41699;965;56;8;1
41700;1054;50;3;0
41701;1324;19;6;0
41702;559;13;0;0
41703;729;16;0;0
41704;934;16;1;1
41705;1121;16;4;0
41706;1142;16;2;0
41707;199;12;4;0
41708;391;20;8;0
41709;602;34;16;41
41710;692;10;8;16
41711;809;17;8;0
41712;843;71;0;1
41713;977;71;6;1
41714;1023;71;0;2
41715;1108;71;0;1
41716;1255;73;0;1
41717;161;10;0;0
41718;292;21;0;0
41719;516;19;0;4
41720;623;17;0;4
41721;696;16;1;6
41722;812;70;2;0
41723;1169;70;4;1
41724;1363;72;7;0
41725;1527;70;7;0
41726;441;15;10;0
41727;251;71;0;0
41728;679;25;0;0
41729;837;25;0;0
41730;952;25;0;0
41731;1271;25;0;0
41732;1128;17;3;0
41733;592;90;16;0
41734;810;61;3;1
41735;1096;13;7;0
41736;1117;17;9;0
41737;516;13;6;0
41738;1029;126;24;6
41739;1449;119;30;6
41740;2007;101;32;7
41741;2440;65;38;6
41742;2751;57;33;6
41743;1339;102;0;0
41744;3006;64;0;0
41745;764;80;2;0
41746;2188;71;0;0
41747;1470;108;2;0
41748;576;33;0;0
41749;662;25;2;0
41750;857;25;1;1
41751;1012;15;1;0
41752;1196;1;1;0
41753;574;13;0;0
41754;235;59;9;0
41755;562;22;20;0
41756;1035;7;10;1
41757;1227;9;3;0
41758;1542;69;12;0
41759;1890;35;5;1
41760;2487;14;5;1
41761;977;123;0;0
41762;600;102;0;0
41763;178;53;0;25
41764;658;0;0;0
41765;748;6;0;0
41766;992;7;0;1
41767;1121;9;1;0
41768;1184;5;0;0
41769;206;330;0;0
41770;696;113;0;0
41771;840;101;0;1
41772;908;127;0;0
41773;1198;82;0;0
41774;941;72;60;0
41775;1124;74;21;0
41776;1415;43;28;1
41777;1518;48;16;0
41778;1639;29;12;0
41779;1380;114;33;13
41780;1634;86;31;13
41781;1916;48;28;13
41782;2532;4;0;1
41783;971;69;6;0
41784;280;223;0;0
41785;732;164;0;1
41786;1312;63;0;2
41787;1651;25;0;1
41788;1829;22;1;1
41789;527;1;1;0
41790;1199;24;0;0
41791;1492;251;7;20
41792;1782;236;9;19
41793;2171;52;19;19
41794;402;102;0;0
41795;827;12;0;0
41796;1216;12;0;1
41797;1422;14;1;0
41798;1614;16;1;0
41799;1837;68;2;47
41800;1666;62;2;47
41801;1472;85;5;48
41802;1357;83;15;47
41803;176;0;0;0
41804;1378;56;11;11
41805;1156;55;5;13
41806;976;76;5;20
41807;872;92;5;19
41808;125;2;0;1
41809;1780;60;41;76
41810;1619;61;37;76
41811;1488;70;41;77
41812;1302;70;39;76
41813;170;0;0;0
41814;1886;65;22;113
41815;1582;109;20;112
41816;1343;111;18;114
41817;1219;109;20;150
41818;168;0;0;0
41819;2051;56;12;6
41820;1698;57;16;6
41821;1517;64;12;9
41822;1361;68;13;8
41823;193;0;0;0
41824;1252;14;2;6
41825;1128;11;2;6
41826;1065;9;0;7
41827;954;9;0;6
41828;125;2;0;0
41829;1974;6;14;40
41830;1861;9;14;40
41831;1519;117;12;41
41832;1166;225;12;40
41833;165;2;0;0
41834;1919;116;6;15
41835;1452;197;10;17
41836;1165;195;10;20
41837;1021;196;12;19
41838;161;0;0;0
41839;1803;85;0;0
41840;1429;82;2;0
41841;1178;86;2;1
41842;1079;82;2;0
41843;156;0;2;0
41844;1392;15;2;29
41845;1169;60;4;29
41846;1059;66;4;28
41847;911;66;2;29
41848;124;0;0;0
41849;1937;39;4;4
41850;1708;36;2;3
41851;1463;39;2;4
41852;1360;40;4;3
41853;157;0;2;0
41854;2030;1;0;6
41855;1773;0;0;6
41856;1497;16;6;7
41857;1329;32;2;4
41858;169;2;4;0
41859;1579;71;5;0
41860;1304;69;16;0
41861;1093;75;14;1
41862;950;92;10;0
41863;145;2;2;0
41864;1405;26;6;0
41865;1266;27;24;0
41866;1059;27;26;1
41867;941;43;18;0
41868;132;2;0;0
41869;3028;32;10;22
41870;2535;147;6;22
41871;1920;163;7;23
41872;1711;165;7;22
41873;242;2;2;0
41874;1963;106;1;6
41875;1647;110;23;6
41876;1431;121;11;7
41877;1305;108;19;6
41878;189;2;0;0
41879;1862;64;0;0
41880;1585;81;2;0
41881;1337;79;4;1
41882;1220;88;0;0
41883;162;0;0;0
41884;1889;69;2;0
41885;1595;79;2;0
41886;1270;83;6;1
41887;1143;112;0;0
41888;187;6;0;0
41889;2111;37;2;4
41890;1852;62;2;6
41891;1695;65;0;7
41892;1420;95;8;4
41893;186;2;2;0
41894;1821;32;10;2
41895;1543;25;12;2
41896;1314;27;12;3
41897;1178;39;7;2
41898;165;0;0;0
41899;1453;82;0;0
41900;1232;87;4;0
41901;963;116;8;1
41902;793;118;8;0
41903;146;0;2;0
41904;2201;45;4;3
41905;1644;107;4;2
41906;1392;106;8;3
41907;1252;115;2;2
41908;185;2;0;0
41909;2105;34;6;0
41910;1750;66;6;0
41911;1455;97;10;1
41912;1324;97;8;0
41913;175;0;0;0
41914;2698;57;0;15
41915;2155;97;4;15
41916;1759;146;8;16
41917;1564;151;6;15
41918;213;4;2;0
41919;2054;36;0;0
41920;1764;51;6;0
41921;1384;113;10;1
41922;1245;115;6;0
41923;195;2;4;0
41924;2151;14;5;0
41925;1582;77;1;0
41926;1415;81;3;1
41927;1258;83;5;0
41928;183;2;0;0
41929;1793;52;2;0
41930;1551;51;2;0
41931;1248;53;4;1
41932;1105;113;6;0
41933;165;4;0;0
41934;2867;13;0;2
41935;2575;14;5;2
41936;2082;13;5;3
41937;1784;14;5;2
41938;219;2;0;0
41939;1945;20;2;4
41940;1740;19;4;4
41941;1467;19;8;5
41942;1279;19;4;4
41943;166;0;0;0
41944;2944;4;0;0
41945;2582;5;2;0
41946;2075;4;2;1
41947;1823;2;2;0
41948;213;2;4;0
41949;32936;4;0;0
41950;27104;254;5;9
41951;4865;54;0;0
41952;4345;68;0;0
41953;14335;36;5;0
41954;2517;159;2;0
41955;2320;159;2;0
41956;3922;6;2;0
41957;3528;12;17;0
41958;1310;47;3;11
41959;1165;63;3;11
41960;2209;114;0;114
41961;2129;101;0;114
41962;1470;208;0;0
41963;1106;247;0;0
41964;1488;103;0;1
41965;1435;103;0;1
41966;4303;80;6;0
41967;3638;92;6;0
41968;1724;48;21;0
41969;1623;48;22;0
41970;1443;24;0;13
41971;1255;29;2;13
41972;0;0;0;0
41973;3714;256;0;0
41974;3365;227;1;0
41975;4723;3;0;0
41976;3890;99;0;17
41977;6870;196;0;0
41978;5806;238;0;0
41979;4347;77;50;6
41980;3360;108;50;5
41981;3579;79;0;60
41982;3420;82;0;60
41983;1606;20;10;68
41984;1006;99;10;68
41985;1725;178;0;0
41986;1494;156;0;0
41987;1699;84;1;0
41988;1546;76;1;0
41989;2226;140;0;0
41990;1845;129;0;0
41991;42;0;0;0
41992;160;2;0;0
41993;180;27;0;0
41994;207;69;0;0
41995;305;79;0;0
41996;345;55;0;22
41997;121;11;0;0
41998;226;16;0;0
41999;321;35;1;3
42000;429;65;10;33
42001;591;69;0;36
42002;90;3;0;0
42003;204;11;19;0
42004;415;28;0;0
42005;465;60;0;2
42006;495;74;0;31
42007;92;5;0;0
42008;236;18;0;0
42009;301;37;2;0
42010;388;61;0;4
42011;575;47;10;51
42012;62;3;0;0
42013;129;60;2;0
42014;158;88;0;0
42015;171;194;2;0
42016;198;194;0;70
42017;118;0;0;0
42018;259;48;0;0
42019;315;120;0;0
42020;427;179;0;5
42021;577;115;0;20
42022;207;4;0;0
42023;423;6;0;4
42024;558;76;0;4
42025;640;108;6;4
42026;794;112;1;13
42027;109;11;0;0
42028;352;39;7;0
42029;539;143;14;17
42030;808;177;13;15
42031;895;204;2;18
42032;133;0;0;0
42033;269;85;0;0
42034;415;69;2;0
42035;442;76;2;0
42036;704;72;1;12
42037;40;20;0;0
42038;255;25;0;0
42039;339;16;0;0
42040;538;29;0;0
42041;587;120;4;0
42042;171;4;0;0
42043;296;10;0;0
42044;453;16;4;0
42045;711;50;0;21
42046;808;29;0;45
42047;37;8;0;0
42048;207;12;0;0
42049;292;38;1;4
42050;469;61;5;4
42051;527;66;3;29
42052;64;20;0;0
42053;169;9;8;0
42054;324;85;0;30
42055;477;64;0;0
42056;541;79;0;59
42057;50;13;0;0
42058;102;20;0;0
42059;167;62;0;0
42060;180;101;7;1
42061;252;119;5;1
42062;97;0;0;0
42063;245;1;0;0
42064;317;90;0;0
42065;403;142;0;0
42066;431;144;0;34
42067;276;60;0;20
42068;128;20;0;0
42069;316;19;0;0
42070;380;62;23;6
42071;581;45;16;34
42072;659;45;17;52
42073;86;14;0;0
42074;221;19;0;0
42075;220;108;0;16
42076;303;143;25;38
42077;358;161;20;49
42078;139;20;0;8
42079;302;23;1;10
42080;410;64;2;10
42081;587;71;9;10
42082;670;66;3;81
42083;139;20;0;0
42084;255;22;0;0
42085;406;33;0;2
42086;428;65;0;25
42087;493;78;0;43
42088;109;4;19;0
42089;300;0;0;0
42090;382;42;0;26
42091;444;43;0;26
42092;485;84;0;29
42093;470;72;11;29
42094;353;79;7;28
42095;612;53;16;83
42096;503;94;70;104
42097;527;83;1;24
42098;664;117;0;163
42099;727;31;0;1
42100;1452;137;0;1
42101;586;24;0;0
42102;547;46;0;0
42103;880;51;0;0
42104;687;90;1;16
42105;1695;35;5;0
42106;1635;42;5;0
42107;749;108;4;8
42108;519;46;0;0
42109;799;80;13;7
42110;605;24;0;6
42111;398;29;0;0
42112;269;25;0;0
42113;131;6;0;0
42114;68;0;0;0
42115;535;84;0;0
42116;894;43;1;2
42117;917;28;0;0
42118;2014;59;0;12
42119;470;42;0;0
42120;645;58;2;0
42121;656;81;0;23
42122;906;96;17;73
42123;567;46;0;0
42124;508;48;0;11
42125;298;48;0;0
42126;194;47;0;0
42127;135;15;0;0
42128;74;0;0;0
42129;1109;56;0;3
42130;94;0;0;0
42131;180;0;0;0
42132;235;4;0;0
42133;369;15;0;0
42134;528;40;0;0
42135;778;45;4;11
42136;833;50;0;15
42137;710;21;2;4
42138;526;7;0;0
42139;279;27;0;0
42140;224;15;0;0
42141;96;0;0;0
42142;410;97;0;6
42143;564;69;0;4
42144;556;81;0;0
42145;912;55;3;18
42146;882;55;3;18
42147;2101;11;0;0
42148;469;69;1;3
42149;1624;8;0;2
42150;612;32;0;0
42151;800;30;6;6
42152;679;41;3;0
42153;770;12;0;76
42154;493;73;0;8
42155;742;63;0;0
42156;618;31;0;9
42157;348;7;12;0
42158;782;46;0;0
42159;757;46;0;0
42160;1593;7;0;0
42161;595;54;0;0
42162;969;7;0;0
42163;1466;7;0;28
42164;448;49;13;0
42165;325;34;14;0
42166;196;54;0;0
42167;122;25;0;0
42168;74;0;0;0
42169;374;67;20;0
42170;258;60;0;0
42171;210;12;0;0
42172;117;21;0;0
42173;585;83;9;0
42174;485;39;0;0
42175;348;27;0;0
42176;262;23;0;0
42177;134;0;0;0
42178;449;71;0;6
42179;356;27;0;0
42180;221;16;0;0
42181;133;14;0;0
42182;73;0;0;0
42183;538;44;0;19
42184;508;34;0;0
42185;460;33;0;35
42186;1718;36;0;0
42187;2107;25;0;0
42188;629;59;2;32
42189;348;85;2;16
42190;268;55;0;0
42191;223;15;0;0
42192;122;21;0;0
42193;72;0;0;0
42194;441;48;0;15
42195;301;14;0;0
42196;180;4;0;0
42197;96;12;0;0
42198;61;0;0;0
42199;740;3;1;11
42200;884;34;1;0
42201;470;47;0;45
42202;807;35;3;8
42203;570;2;2;0
42204;2718;14;0;0
42205;623;66;0;27
42206;845;76;0;4
42207;622;90;8;6
42208;619;80;11;0
42209;781;67;4;28
42210;502;74;0;0
42211;318;46;0;0
42212;723;90;2;11
42213;604;53;1;0
42214;462;34;1;0
42215;274;12;0;0
42216;118;0;0;0
42217;749;51;3;16
42218;540;31;7;0
42219;1391;15;2;0
42220;1797;45;0;0
42221;1042;102;0;0
42222;1094;63;1;0
42223;465;69;2;9
42224;473;22;0;0
42225;284;21;0;0
42226;785;62;0;0
42227;420;28;0;3
42228;409;15;0;0
42229;619;80;0;0
42230;800;59;0;0
42231;933;62;0;0
42232;666;84;0;0
42233;891;65;0;0
42234;1004;62;0;0
42235;1027;47;4;33
42236;578;25;14;24
42237;356;15;12;12
42238;808;18;4;0
42239;676;44;0;0
42240;967;53;3;0
42241;774;27;0;3
42242;584;30;0;4
42243;331;37;0;0
42244;458;77;0;2
42245;465;131;1;49
42246;867;36;2;0
42247;1618;113;9;39
42248;962;68;1;11
42249;657;19;0;8
42250;664;178;7;22
42251;768;175;0;0
42252;494;21;0;0
42253;513;76;0;118
42254;543;40;0;0
42255;555;103;0;0
42256;532;71;0;0
42257;920;113;8;22
42258;776;49;4;18
42259;579;51;0;0
42260;374;38;0;0
42261;186;0;0;0
42262;481;43;1;47
42263;627;142;16;15
42264;653;46;2;1
42265;688;57;19;16
42266;700;99;4;4
42267;693;97;0;0
42268;483;75;0;22
42269;914;73;0;0
42270;615;68;0;42
42271;631;99;25;0
42272;713;2;0;16
42273;441;66;0;12
42274;833;165;0;15
42275;518;52;1;50
42276;1341;48;1;0
42277;931;62;1;0
42278;723;60;0;0
42279;529;66;0;0
42280;684;21;9;74
42281;782;69;0;44
42282;107;0;0;0
42283;260;10;0;0
42284;723;13;0;0
42285;539;10;0;0
42286;699;94;0;11
42287;608;153;7;29
42288;567;72;0;0
42289;505;35;0;52
42290;648;25;0;37
42291;703;88;0;20
42292;615;63;8;101
42293;862;8;2;7
42294;516;13;2;0
42295;438;68;0;35
42296;590;89;0;0
42297;774;48;1;13
42298;867;66;7;18
42299;881;59;0;43
42300;773;70;0;0
42301;727;74;4;67
42302;860;36;0;24
42303;701;21;12;67
42304;440;5;0;38
42305;716;69;2;64
42306;606;32;1;45
42307;464;16;1;0
42308;305;40;1;1
42309;175;11;2;0
42310;98;2;0;0
42311;79;1;1;0
42312;384;25;2;0
42313;499;50;2;25
42314;164;7;2;0
42315;276;7;2;1
42316;589;46;2;0
42317;498;34;1;0
42318;369;36;1;1
42319;247;15;1;0
42320;101;0;0;0
42321;387;51;3;27
42322;242;58;1;67
42323;255;31;1;1
42324;159;20;2;0
42325;56;0;0;0
42326;398;38;0;0
42327;286;6;1;1
42328;563;16;3;4
42329;214;12;1;0
42330;84;3;0;0
42331;336;47;5;149
42332;222;38;3;0
42333;162;15;3;1
42334;111;1;1;0
42335;63;2;0;0
42336;268;16;1;0
42337;202;18;0;1
42338;115;7;0;0
42339;74;0;0;0
42340;272;10;2;0
42341;627;50;3;84
42342;400;6;3;0
42343;302;16;0;1
42344;247;1;1;0
42345;100;1;1;0
42346;527;101;5;13
42347;370;42;2;0
42348;274;50;3;1
42349;270;20;1;0
42350;111;1;0;0
42351;601;27;1;53
42352;371;25;2;0
42353;307;9;0;1
42354;186;11;1;0
42355;94;0;0;0
42356;307;29;2;0
42357;482;10;2;63
42358;261;19;3;1
42359;158;11;3;0
42360;85;2;0;0
42361;740;62;2;39
42362;499;19;0;0
42363;386;5;3;1
42364;330;2;0;0
42365;109;0;0;0
42366;179;23;1;0
42367;274;29;2;1
42368;500;26;2;0
42369;799;68;0;32
42370;100;1;0;0
42371;223;100;0;0
42372;416;36;5;134
42373;261;32;4;1
42374;215;4;0;0
42375;66;0;0;0
42376;447;30;0;33
42377;279;33;2;0
42378;202;35;1;1
42379;138;23;2;0
42380;78;1;0;0
42381;621;16;16;36
42382;471;15;3;0
42383;273;48;4;1
42384;191;33;0;0
42385;89;1;0;0
42386;587;88;2;25
42387;458;49;3;0
42388;329;43;3;1
42389;241;5;3;0
42390;116;1;0;0
42391;475;46;1;24
42392;324;82;2;1
42393;232;38;2;0
42394;580;98;8;33
42395;102;0;0;0
42396;316;62;0;0
42397;321;146;1;3
42398;118;115;2;1
42399;128;33;0;0
42400;70;0;0;0
42401;737;61;2;11
42402;432;37;1;33
42403;298;38;0;0
42404;206;14;0;0
42405;94;0;0;0
42406;747;5;0;0
42407;545;5;0;0
42408;309;4;0;0
42409;195;11;0;0
42410;94;0;0;0
42411;654;50;2;18
42412;480;18;2;0
42413;321;13;0;0
42414;143;11;0;0
42415;93;0;0;0
42416;568;74;0;0
42417;409;40;0;0
42418;255;21;0;0
42419;139;10;0;0
42420;80;0;0;0
42421;527;37;0;24
42422;397;53;0;0
42423;266;3;4;0
42424;152;5;0;0
42425;76;0;0;0
42426;816;30;0;10
42427;588;28;0;0
42428;380;25;0;0
42429;193;4;0;0
42430;66;0;0;0
42431;820;23;0;0
42432;704;28;0;0
42433;459;7;0;0
42434;201;48;0;0
42435;85;0;0;0
42436;937;41;2;7
42437;605;31;0;0
42438;478;13;0;0
42439;308;8;0;0
42440;124;0;0;0
42441;1129;29;0;24
42442;1139;18;0;0
42443;707;42;0;0
42444;422;28;0;0
42445;111;0;0;0
42446;807;74;0;0
42447;612;21;0;0
42448;418;28;0;0
42449;261;13;0;0
42450;98;0;0;0
42451;470;65;0;0
42452;233;83;0;0
42453;223;26;0;0
42454;123;12;0;0
42455;68;0;0;0
42456;514;57;0;30
42457;389;34;0;0
42458;238;16;0;0
42459;159;8;0;0
42460;78;0;0;0
42461;635;32;0;0
42462;422;43;11;32
42463;324;9;0;0
42464;137;10;0;0
42465;86;0;0;0
42466;680;43;0;24
42467;456;19;0;0
42468;303;21;0;0
42469;158;17;0;0
42470;85;0;0;0
42471;872;42;3;0
42472;574;78;2;0
42473;390;50;0;0
42474;161;38;0;0
42475;90;0;0;0
42476;756;69;0;6
42477;589;36;0;14
42478;394;34;0;0
42479;214;16;0;0
42480;84;0;0;0
42481;867;31;8;8
42482;297;11;0;0
42483;651;24;10;0
42484;364;25;16;0
42485;233;6;0;0
42486;73;0;0;0
42487;493;13;0;7
42488;313;18;0;0
42489;156;18;2;0
42490;125;4;0;0
42491;71;0;0;0
42492;427;93;1;0
42493;372;57;0;0
42494;261;24;0;0
42495;134;7;0;0
42496;66;0;0;0
42497;766;21;0;7
42498;487;19;3;4
42499;440;4;2;0
42500;219;15;0;0
42501;94;0;0;0
42502;512;25;0;0
42503;361;47;0;0
42504;228;29;0;0
42505;119;13;0;0
42506;69;0;0;0
42507;882;68;0;0
42508;685;7;0;0
42509;516;10;0;0
42510;343;18;0;0
42511;94;0;0;0
42512;531;22;0;2
42513;329;31;0;0
42514;293;12;0;0
42515;168;7;0;0
42516;81;0;0;0
42517;598;15;0;4
42518;433;15;0;0
42519;262;24;0;0
42520;112;10;0;0
42521;65;0;0;0
42522;562;51;0;0
42523;401;31;1;0
42524;326;41;0;0
42525;177;12;0;0
42526;81;0;0;0
42527;661;51;0;37
42528;491;48;0;0
42529;310;4;0;0
42530;174;3;0;0
42531;81;0;0;0
42532;699;24;0;23
42533;455;17;0;0
42534;360;23;0;0
42535;222;5;0;0
42536;79;0;0;0
42537;584;79;0;0
42538;430;18;0;312
42539;337;25;0;0
42540;212;25;0;0
42541;86;0;0;0
42542;742;52;0;4
42543;499;32;0;0
42544;377;7;0;0
42545;258;0;0;0
42546;103;0;0;0
42547;633;33;0;0
42548;398;33;0;0
42549;252;19;0;0
42550;153;12;0;0
42551;67;0;0;0
42552;676;57;0;12
42553;599;56;2;5
42554;364;22;0;0
42555;222;4;0;0
42556;77;0;0;0
42557;609;85;4;22
42558;480;28;0;0
42559;262;52;0;14
42560;196;17;0;0
42561;90;0;0;0
42562;541;1;0;0
42563;382;6;1;0
42564;260;7;0;0
42565;130;11;0;0
42566;65;0;0;0
42567;1125;16;0;32
42568;1025;31;0;13
42569;848;20;24;32
42570;365;61;0;0
42571;118;0;0;0
42572;1153;62;1;3
42573;1112;57;1;0
42574;568;56;2;0
42575;308;30;0;0
42576;106;0;0;0
42577;561;62;7;65
42578;450;47;0;0
42579;301;69;2;1
42580;192;26;2;0
42581;74;0;0;0
42582;701;69;1;105
42583;491;25;0;0
42584;301;38;2;1
42585;254;21;0;0
42586;94;0;1;0
42587;457;96;4;16
42588;347;72;0;0
42589;287;49;2;1
42590;175;23;0;0
42591;99;2;1;0
42592;442;5;0;18
42593;345;0;1;0
42594;235;6;2;1
42595;143;0;1;0
42596;74;0;0;0
42597;685;24;2;6
42598;316;37;0;0
42599;228;54;0;1
42600;148;5;1;0
42601;75;0;0;0
42602;528;34;1;2
42603;398;21;2;0
42604;285;17;0;1
42605;145;16;1;0
42606;73;0;0;0
42607;720;15;7;95
42608;570;13;2;0
42609;428;11;1;1
42610;231;10;1;0
42611;91;0;0;0
42612;705;20;0;32
42613;347;32;2;0
42614;301;23;1;1
42615;221;5;2;0
42616;76;0;0;0
42617;670;52;2;137
42618;516;3;2;0
42619;371;3;1;1
42620;237;5;3;0
42621;81;1;0;0
42622;640;25;0;32
42623;408;24;0;0
42624;248;13;1;1
42625;178;3;2;0
42626;62;0;0;0
42627;459;54;0;64
42628;420;12;1;0
42629;314;2;2;1
42630;167;33;2;0
42631;96;0;0;0
42632;468;42;0;0
42633;320;31;3;0
42634;224;20;1;1
42635;96;27;0;0
42636;62;0;0;0
42637;506;65;0;79
42638;431;35;0;0
42639;339;18;3;1
42640;233;17;2;0
42641;106;1;0;0
42642;527;26;2;16
42643;437;21;1;0
42644;294;14;3;1
42645;169;17;0;0
42646;91;4;0;0
42647;837;12;0;22
42648;553;26;1;0
42649;444;17;1;1
42650;255;9;1;0
42651;98;1;0;0
42652;702;4;5;51
42653;517;6;2;0
42654;301;5;2;1
42655;169;5;1;0
42656;77;0;0;0
42657;626;65;3;35
42658;471;51;4;0
42659;349;46;1;1
42660;252;35;1;0
42661;89;0;0;0
42662;461;54;4;6
42663;311;7;1;1
42664;334;18;2;0
42665;171;11;0;0
42666;62;1;0;0
42667;456;56;1;6
42668;338;8;3;0
42669;270;6;0;1
42670;151;6;1;0
42671;73;1;0;0
42672;396;40;1;0
42673;286;15;1;1
42674;116;40;0;0
42675;582;120;1;67
42676;119;1;0;0
42677;880;51;0;35
42678;752;22;1;0
42679;465;44;0;1
42680;248;15;2;0
42681;113;0;1;0
42682;309;67;0;19
42683;234;45;1;0
42684;152;39;3;1
42685;95;28;2;0
42686;58;1;0;0
42687;810;25;4;14
42688;457;61;1;0
42689;365;58;3;1
42690;312;11;1;0
42691;95;0;0;0
42692;704;13;12;30
42693;548;10;0;0
42694;429;8;0;1
42695;209;7;1;0
42696;80;0;0;0
42697;351;43;3;8
42698;302;17;1;0
42699;234;24;1;1
42700;137;18;1;0
42701;61;1;1;0
42702;643;19;23;5
42703;378;29;2;0
42704;258;30;1;1
42705;163;6;2;0
42706;76;0;0;0
42707;589;30;1;8
42708;374;11;1;0
42709;276;16;1;1
42710;160;3;0;0
42711;72;0;1;0
42712;801;16;0;6
42713;494;20;0;0
42714;342;6;0;1
42715;214;13;2;0
42716;101;0;0;0
42717;428;43;2;10
42718;352;18;2;0
42719;252;11;1;1
42720;161;6;0;0
42721;69;0;0;0
42722;579;8;0;9
42723;332;20;1;0
42724;219;16;2;1
42725;122;1;0;0
42726;64;0;1;0
42727;892;53;0;120
42728;562;66;1;0
42729;404;79;2;1
42730;255;87;3;0
42731;118;0;0;0
42732;531;86;9;69
42733;399;25;2;0
42734;243;31;0;1
42735;141;30;0;0
42736;81;1;1;0
42737;697;118;1;24
42738;587;70;1;0
42739;457;73;2;1
42740;263;32;0;0
42741;135;0;1;0
42742;816;54;8;0
42743;675;20;1;102
42744;474;19;1;1
42745;336;4;1;0
42746;89;1;0;0
42747;626;48;2;20
42748;440;17;0;0
42749;277;49;2;1
42750;216;4;1;0
42751;72;0;0;0
42752;743;19;1;14
42753;425;67;2;0
42754;290;50;1;1
42755;196;15;0;0
42756;93;0;0;0
42757;554;22;0;0
42758;474;15;0;0
42759;303;4;2;1
42760;192;7;1;0
42761;53;1;0;0
42762;673;62;2;0
42763;470;42;1;0
42764;351;43;1;1
42765;227;6;1;0
42766;110;2;1;0
42767;502;25;2;27
42768;383;19;1;0
42769;263;21;1;5
42770;186;6;0;0
42771;55;1;0;0
42772;584;75;0;4
42773;419;22;2;0
42774;208;22;2;1
42775;165;5;1;0
42776;77;0;0;0
42777;584;53;2;11
42778;382;48;3;0
42779;324;6;1;1
42780;120;10;0;0
42781;64;0;0;0
42782;697;47;3;0
42783;470;27;1;0
42784;375;4;1;1
42785;202;4;1;0
42786;75;0;0;0
42787;711;60;2;47
42788;500;74;5;0
42789;401;34;0;1
42790;235;18;2;0
42791;88;0;0;0
42792;591;23;8;104
42793;428;31;0;0
42794;305;29;3;1
42795;209;9;1;0
42796;100;1;0;0
42797;376;136;32;6
42798;395;16;3;0
42799;230;18;2;1
42800;104;22;0;0
42801;72;0;0;0
42802;736;35;10;33
42803;463;6;2;0
42804;259;53;2;1
42805;225;6;2;0
42806;66;1;0;0
42807;599;75;0;56
42808;518;24;0;0
42809;328;18;2;1
42810;200;7;3;0
42811;105;1;0;0
42812;347;92;1;15
42813;299;42;0;0
42814;274;16;3;1
42815;214;5;4;0
42816;61;1;0;0
42817;451;10;2;0
42818;555;69;3;10
42819;371;38;3;1
42820;235;19;0;0
42821;83;2;0;0
42822;413;60;3;40
42823;393;4;2;0
42824;206;72;2;1
42825;142;4;0;0
42826;74;0;0;0
42827;667;8;0;37
42828;529;6;1;0
42829;280;6;19;1
42830;147;10;2;0
42831;69;0;0;0
42832;802;38;5;25
42833;557;10;0;0
42834;425;9;1;1
42835;231;3;0;0
42836;93;0;0;0
42837;498;32;5;105
42838;393;11;0;0
42839;317;4;1;1
42840;168;3;0;0
42841;79;0;1;0
42842;362;25;1;0
42843;267;29;1;0
42844;142;20;2;1
42845;103;13;0;0
42846;60;1;0;0
42847;588;29;4;14
42848;429;30;2;4
42849;278;33;1;5
42850;187;21;1;0
42851;65;0;0;0
42852;658;18;1;4
42853;447;13;1;0
42854;297;16;0;1
42855;173;4;0;0
42856;74;0;1;0
42857;647;35;7;66
42858;449;40;1;0
42859;315;20;1;1
42860;186;12;0;0
42861;111;0;0;0
42862;948;41;2;3
42863;631;56;3;0
42864;400;72;0;1
42865;309;20;1;0
42866;93;0;0;0
42867;586;37;11;47
42868;500;15;1;0
42869;368;10;3;1
42870;263;10;1;0
42871;91;0;0;0
42872;622;3;0;26
42873;441;13;0;0
42874;276;11;1;1
42875;165;7;0;0
42876;65;0;0;0
42877;819;63;8;29
42878;622;72;1;0
42879;435;74;1;1
42880;306;18;2;0
42881;124;0;1;0
42882;470;78;1;26
42883;397;51;2;0
42884;346;12;2;1
42885;191;12;0;0
42886;90;0;1;0
42887;863;17;1;16
42888;547;21;2;14
42889;433;16;4;1
42890;244;11;1;0
42891;124;2;0;0
42892;713;11;1;63
42893;469;13;0;0
42894;335;1;2;1
42895;169;1;0;0
42896;68;1;1;0
42897;878;39;1;0
42898;587;49;3;0
42899;499;34;1;1
42900;353;4;3;0
42901;86;1;0;0
42902;938;118;0;13
42903;668;124;0;0
42904;550;31;0;1
42905;351;51;2;0
42906;100;0;0;0
42907;903;35;3;2
42908;555;18;0;0
42909;414;5;2;1
42910;259;4;0;0
42911;83;0;0;0
42912;529;168;0;10
42913;410;87;0;0
42914;340;43;2;1
42915;209;24;1;0
42916;94;1;0;0
42917;510;34;0;67
42918;403;34;0;0
42919;214;21;2;1
42920;149;2;1;0
42921;64;0;0;0
42922;566;2;14;16
42923;460;2;1;0
42924;328;1;1;1
42925;155;1;0;0
42926;72;0;0;0
42927;669;38;13;0
42928;449;13;1;0
42929;228;38;2;1
42930;162;32;0;0
42931;91;1;1;0
42932;804;25;1;4
42933;468;53;2;4
42934;332;29;2;1
42935;204;32;3;0
42936;78;0;0;0
42937;850;3;0;21
42938;511;6;2;0
42939;405;6;2;1
42940;306;6;1;0
42941;95;1;0;0
42942;528;47;1;4
42943;386;13;1;0
42944;231;38;3;1
42945;135;12;1;0
42946;65;1;0;0
42947;549;21;1;17
42948;396;39;0;0
42949;219;35;2;1
42950;154;18;1;0
42951;73;0;0;0
42952;611;61;4;0
42953;417;38;1;0
42954;260;20;2;1
42955;183;6;1;0
42956;78;1;0;0
42957;854;2;1;19
42958;569;7;2;0
42959;343;15;1;1
42960;199;15;0;0
42961;104;1;0;0
42962;919;3;1;16
42963;897;3;1;16
42964;436;3;1;1
42965;191;7;0;0
42966;77;0;0;0
42967;715;41;2;7
42968;1247;18;1;1
42969;498;33;0;0
42970;415;20;1;1
42971;102;1;0;0
42972;717;5;2;109
42973;514;8;2;8
42974;381;16;2;1
42975;245;8;1;0
42976;85;0;0;0
42977;342;172;0;2
42978;318;42;2;0
42979;248;55;2;1
42980;162;14;0;0
42981;111;1;1;0
42982;684;69;1;0
42983;554;60;1;0
42984;459;43;0;1
42985;335;43;3;0
42986;83;0;1;0
42987;577;41;12;69
42988;482;45;10;0
42989;364;37;2;1
42990;303;12;0;0
42991;105;0;0;0
42992;538;13;4;12
42993;405;26;1;0
42994;354;19;2;1
42995;263;11;1;0
42996;99;0;0;0
42997;689;25;4;222
42998;518;21;3;16
42999;349;22;4;1
43000;223;13;2;1
43001;96;0;1;0
43002;961;4;1;28
43003;529;13;2;0
43004;375;39;1;1
43005;203;26;0;0
43006;74;0;0;0
43007;704;19;7;12
43008;518;35;1;0
43009;407;19;1;1
43010;302;21;0;0
43011;92;0;0;0
43012;573;97;0;22
43013;395;90;1;0
43014;271;35;1;1
43015;192;5;1;0
43016;84;0;0;0
43017;764;48;14;31
43018;417;43;2;0
43019;321;21;0;1
43020;165;20;1;0
43021;80;0;0;0
43022;517;78;7;36
43023;368;56;1;0
43024;272;51;2;1
43025;200;15;1;0
43026;82;0;0;0
43027;608;49;31;2
43028;534;40;4;0
43029;349;47;14;1
43030;205;14;4;0
43031;73;4;0;0
43032;577;59;4;0
43033;426;60;10;11
43034;359;23;11;1
43035;152;39;6;0
43036;729;73;1;33
43037;341;115;2;7
43038;355;20;1;1
43039;195;44;1;0
43040;92;0;0;0
43041;701;88;1;16
43042;699;17;0;83
43043;737;12;3;0
43044;589;11;0;0
43045;452;12;0;1
43046;325;12;2;0
43047;102;1;0;0
43048;579;44;1;50
43049;503;61;1;62
43050;468;28;1;3
43051;378;23;1;1
43052;204;12;0;0
43053;72;0;0;0
43054;522;34;4;18
43055;401;10;2;0
43056;321;6;1;1
43057;186;5;0;0
43058;71;0;0;0
43059;537;4;3;16
43060;588;19;4;6
43061;382;19;2;0
43062;301;12;0;1
43063;180;10;0;0
43064;71;0;0;0
43065;531;31;3;0
43066;1164;4;0;0
43067;722;7;1;25
43068;558;11;0;1
43069;273;15;1;0
43070;89;0;1;0
43071;1173;13;1;12
43072;453;152;3;0
43073;348;44;1;0
43074;252;54;3;1
43075;138;26;1;0
43076;78;0;0;0
43077;527;88;8;0
43078;580;36;8;45
43079;322;31;1;0
43080;307;23;1;1
43081;207;15;1;0
43082;67;0;1;0
43083;524;41;10;8
43084;703;80;2;64
43085;649;49;1;0
43086;508;52;1;1
43087;351;4;1;0
43088;102;0;1;0
43089;686;68;1;35
43090;649;31;2;33
43091;634;35;2;35
43092;464;8;1;0
43093;280;19;1;1
43094;207;9;1;0
43095;81;0;0;0
43096;559;34;1;0
43097;282;42;2;0
43098;200;40;1;1
43099;163;9;0;0
43100;62;0;1;0
43101;517;36;2;6
43102;841;17;2;5
43103;618;21;1;0
43104;483;32;2;1
43105;263;13;2;0
43106;104;1;0;0
43107;780;45;1;0
43108;672;2;3;30
43109;689;5;3;32
43110;483;5;2;0
43111;317;4;1;1
43112;169;5;1;0
43113;75;0;0;0
43114;675;101;1;0
43115;435;48;2;0
43116;280;60;3;1
43117;161;10;0;0
43118;68;2;0;0
43119;647;67;4;0
43120;699;18;8;5
43121;422;39;1;0
43122;275;15;1;1
43123;164;4;0;0
43124;99;0;0;0
43125;571;46;1;0
43126;1001;32;0;54
43127;816;12;1;0
43128;500;12;29;1
43129;290;13;0;0
43130;82;1;0;0
43131;1083;1;2;24
43132;673;16;1;0
43133;435;39;0;0
43134;348;13;0;1
43135;236;9;3;0
43136;70;2;0;0
43137;473;42;0;0
43138;761;8;0;0
43139;821;2;0;0
43140;450;7;7;0
43141;301;11;1;1
43142;155;10;0;0
43143;78;0;0;0
43144;522;8;8;0
43145;144;29;0;0
43146;227;27;0;1
43147;550;32;1;7
43148;351;35;0;0
43149;255;23;1;1
43150;139;24;1;0
43151;78;1;0;0
43152;551;32;0;10
43153;596;57;2;20
43154;518;93;0;16
43155;292;119;0;0
43156;338;49;1;1
43157;214;2;0;0
43158;89;0;0;0
43159;791;25;1;4
43160;737;20;1;8
43161;542;19;2;4
43162;395;18;0;5
43163;285;19;0;4
43164;84;0;0;0
43165;618;31;4;27
43166;618;30;3;26
43167;443;22;1;0
43168;362;6;1;1
43169;185;11;1;0
43170;94;1;1;0
43171;671;58;4;4
43172;466;50;1;4
43173;274;45;1;1
43174;152;13;0;0
43175;88;2;0;0
43176;438;60;5;0
43177;772;17;0;56
43178;651;47;3;66
43179;392;47;2;0
43180;348;11;0;1
43181;218;26;1;0
43182;87;0;0;0
43183;554;113;5;43
43184;536;111;4;0
43185;429;55;1;0
43186;343;40;2;1
43187;267;24;2;0
43188;89;0;0;0
43189;913;7;5;20
43190;769;4;5;46
43191;410;6;4;1
43192;257;12;1;0
43193;89;0;0;0
43194;887;9;6;24
43195;576;14;16;14
43196;483;22;13;16
43197;379;13;2;0
43198;331;11;1;1
43199;181;18;2;0
43200;79;0;0;0
43201;668;33;0;0
43202;422;27;0;0
43203;298;31;1;1
43204;180;37;1;0
43205;95;0;1;0
43206;707;20;2;0
43207;666;38;1;8
43208;481;9;0;12
43209;336;30;1;1
43210;244;18;2;0
43211;90;0;0;0
43212;663;29;2;16
43213;647;7;18;4
43214;500;101;15;12
43215;421;28;12;4
43216;325;23;4;5
43217;255;17;3;0
43218;69;2;4;0
43219;627;60;14;27
43220;636;49;10;19
43221;398;52;6;0
43222;248;46;15;1
43223;180;45;4;0
43224;87;4;4;0
43225;804;21;5;0
43226;554;59;4;85
43227;469;22;6;0
43228;302;20;11;1
43229;192;10;5;0
43230;68;4;4;0
43231;883;20;10;7
43232;831;14;14;9
43233;843;16;20;1
43234;476;22;2;1
43235;311;24;5;0
43236;89;0;2;0
43237;540;27;10;1
43238;533;30;6;0
43239;397;21;6;0
43240;245;24;7;1
43241;189;12;2;0
43242;75;0;2;0
43243;1115;5;1;51
43244;1126;3;1;51
43245;1014;5;0;75
43246;644;6;16;1
43247;380;15;4;0
43248;84;4;4;0
43249;665;41;14;62
43250;652;40;6;33
43251;421;46;8;0
43252;312;49;6;1
43253;197;42;0;0
43254;77;2;0;0
43255;422;43;4;3
43256;410;38;6;4
43257;313;47;6;0
43258;240;32;6;1
43259;150;18;2;0
43260;62;2;4;0
43261;973;48;34;83
43262;906;58;29;27
43263;882;54;32;79
43264;743;47;8;1
43265;391;46;6;0
43266;130;4;4;0
43267;745;20;5;3
43268;729;16;3;0
43269;483;37;8;0
43270;364;21;4;1
43271;250;13;6;0
43272;108;4;4;0
43273;438;25;8;2
43274;374;51;6;1
43275;275;21;6;0
43276;193;28;4;1
43277;122;17;2;0
43278;71;0;4;0
43279;897;34;8;9
43280;882;42;7;9
43281;649;43;14;9
43282;496;20;4;10
43283;329;13;6;0
43284;114;6;2;0
43285;648;23;6;2
43286;603;32;7;8
43287;454;12;6;0
43288;264;8;0;1
43289;179;12;2;0
43290;75;4;4;0
43291;700;53;6;5
43292;720;33;6;8
43293;564;18;8;0
43294;376;3;12;1
43295;278;17;2;0
43296;101;6;4;0
43297;459;58;16;0
43298;384;75;10;16
43299;327;35;6;0
43300;232;32;6;1
43301;136;32;2;0
43302;65;0;2;0
43303;627;59;20;27
43304;629;47;2;10
43305;390;41;4;0
43306;318;28;8;1
43307;179;17;8;0
43308;71;0;4;0
43309;873;25;6;10
43310;857;28;5;0
43311;597;30;10;0
43312;316;53;10;1
43313;230;61;3;0
43314;91;8;4;0
43315;558;63;9;22
43316;440;129;5;17
43317;396;43;10;0
43318;267;15;7;1
43319;141;9;4;0
43320;58;8;4;0
43321;489;11;16;0
43322;431;22;7;0
43323;362;21;10;0
43324;209;18;17;1
43325;147;12;4;0
43326;56;2;8;0
43327;941;11;7;0
43328;927;14;15;8
43329;687;15;0;0
43330;459;19;6;1
43331;300;13;9;0
43332;86;4;2;0
43333;639;45;6;45
43334;631;48;4;19
43335;388;51;6;0
43336;307;13;8;1
43337;186;13;4;0
43338;78;4;2;0
43339;609;47;6;0
43340;564;45;6;0
43341;406;65;8;0
43342;326;25;10;1
43343;236;6;7;0
43344;66;4;0;0
43345;699;91;14;40
43346;713;81;16;32
43347;588;47;4;0
43348;452;81;10;1
43349;299;41;5;0
43350;114;0;8;0
43351;731;5;4;0
43352;711;3;2;0
43353;501;6;10;0
43354;305;10;8;1
43355;158;7;10;0
43356;71;4;2;0
43357;756;19;6;0
43358;752;22;2;0
43359;421;26;6;0
43360;311;21;2;1
43361;187;11;4;0
43362;76;2;2;0
43363;699;15;2;48
43364;658;13;4;44
43365;461;6;6;0
43366;350;5;10;1
43367;225;8;1;0
43368;77;8;0;0
43369;849;33;8;8
43370;773;47;15;6
43371;607;35;14;0
43372;469;21;10;1
43373;329;10;7;0
43374;117;0;2;0
43375;959;12;13;8
43376;891;11;17;8
43377;572;10;8;0
43378;415;20;2;1
43379;290;11;7;0
43380;118;4;4;0
43381;499;110;2;0
43382;483;122;1;0
43383;364;121;2;0
43384;351;30;5;1
43385;261;20;1;0
43386;87;1;1;0
43387;637;76;2;4
43388;600;73;2;1
43389;442;81;0;0
43390;367;62;1;1
43391;276;39;3;0
43392;105;0;1;0
43393;747;37;4;18
43394;727;40;2;5
43395;595;32;4;0
43396;463;22;0;1
43397;352;16;2;0
43398;63;1;0;0
43399;532;20;4;0
43400;438;93;2;0
43401;357;15;2;0
43402;267;31;2;1
43403;165;3;0;0
43404;65;0;0;0
43405;497;20;0;0
43406;431;52;3;20
43407;356;17;5;0
43408;232;17;0;1
43409;137;10;0;0
43410;68;1;1;0
43411;691;40;2;6
43412;662;46;0;8
43413;457;52;4;0
43414;336;2;1;1
43415;201;4;3;0
43416;79;0;0;0
43417;628;25;12;0
43418;579;40;12;0
43419;483;49;1;0
43420;318;39;4;1
43421;187;12;1;0
43422;74;1;0;0
43423;738;7;2;72
43424;746;5;2;62
43425;495;6;0;0
43426;383;6;2;1
43427;183;2;0;0
43428;64;0;1;0
43429;943;19;7;0
43430;923;27;2;0
43431;730;21;5;2
43432;505;11;1;1
43433;331;11;1;0
43434;100;0;1;0
43435;838;44;6;70
43436;702;39;10;56
43437;618;54;8;4
43438;426;30;12;1
43439;371;18;8;0
43440;105;4;0;0
43441;804;30;0;0
43442;790;37;1;0
43443;579;19;2;0
43444;420;35;1;1
43445;224;27;0;0
43446;74;0;0;0
43447;541;26;0;20
43448;537;25;2;20
43449;289;17;4;0
43450;190;14;1;1
43451;130;2;0;0
43452;49;0;0;0
43453;558;8;3;0
43454;419;6;1;0
43455;347;5;2;1
43456;256;4;1;0
43457;69;2;0;0
43458;542;9;1;4
43459;609;32;3;6
43460;609;36;2;0
43461;472;20;1;0
43462;335;7;3;1
43463;232;3;1;0
43464;68;0;0;0
43465;658;21;1;23
43466;478;14;20;0
43467;563;14;13;9
43468;273;28;1;1
43469;126;26;0;0
43470;75;0;0;0
43471;505;40;7;64
43472;524;22;7;0
43473;428;36;0;0
43474;351;6;1;1
43475;210;7;0;0
43476;72;0;0;0
43477;570;5;1;2
43478;327;39;4;0
43479;544;24;0;2
43480;271;16;3;1
43481;186;10;0;0
43482;62;0;1;0
43483;512;59;3;0
43484;509;59;1;0
43485;358;63;3;0
43486;259;44;2;1
43487;174;20;3;0
43488;70;0;1;0
43489;687;0;2;12
43490;677;6;2;11
43491;438;0;1;0
43492;251;2;1;1
43493;139;2;1;0
43494;62;0;0;0
43495;483;57;3;6
43496;337;63;3;0
43497;254;51;3;1
43498;160;22;1;0
43499;71;1;1;0
43500;483;46;2;6
43501;829;6;4;16
43502;477;41;0;0
43503;731;32;6;0
43504;289;28;2;1
43505;242;8;1;0
43506;72;1;0;0
43507;922;10;1;8
43508;890;11;0;8
43509;839;13;1;0
43510;513;16;2;1
43511;279;21;1;0
43512;98;1;0;0
43513;610;6;24;9
43514;535;31;15;24
43515;355;53;4;0
43516;263;60;2;1
43517;145;35;2;0
43518;68;1;0;0
43519;710;21;41;31
43520;696;48;44;6
43521;521;65;7;0
43522;414;34;2;1
43523;270;26;3;0
43524;68;2;0;0
43525;642;23;0;0
43526;662;19;1;0
43527;431;40;4;0
43528;305;34;1;1
43529;203;15;1;0
43530;81;1;0;0
43531;531;12;1;60
43532;390;11;1;0
43533;290;2;1;1
43534;153;3;0;0
43535;55;1;0;0
43536;554;13;0;50
43537;751;17;3;0
43538;544;31;4;0
43539;404;32;0;1
43540;284;13;1;0
43541;102;1;1;0
43542;609;27;4;0
43543;723;9;14;3
43544;721;9;9;6
43545;453;32;0;0
43546;337;35;2;1
43547;226;15;1;0
43548;87;0;1;0
43549;432;33;5;39
43550;468;50;4;29
43551;323;16;4;36
43552;253;7;3;1
43553;150;7;1;0
43554;63;2;0;0
43555;613;74;4;121
43556;521;137;2;46
43557;356;58;3;0
43558;338;21;3;1
43559;189;14;2;0
43560;85;0;0;0
43561;655;49;1;0
43562;626;52;2;0
43563;482;40;1;0
43564;330;34;2;1
43565;190;18;3;0
43566;92;2;0;0
43567;634;111;4;12
43568;629;104;7;0
43569;464;84;1;0
43570;375;80;1;1
43571;210;38;1;0
43572;96;1;1;0
43573;510;15;0;0
43574;478;25;2;0
43575;313;53;3;0
43576;216;63;4;1
43577;153;13;1;0
43578;70;0;0;0
43579;695;55;3;15
43580;595;9;0;14
43581;406;6;3;1
43582;253;12;1;0
43583;87;1;0;0
43584;707;54;1;59
43585;671;26;3;0
43586;640;48;1;0
43587;469;30;1;0
43588;102;1;1;0
43589;241;12;1;0
43590;342;19;4;1
43591;806;54;2;0
43592;814;53;2;0
43593;623;69;1;0
43594;99;2;1;0
43595;241;19;1;0
43596;400;52;3;1
43597;860;24;1;0
43598;867;23;0;0
43599;593;33;0;0
43600;451;7;1;1
43601;310;1;1;0
43602;99;0;1;0
43603;689;49;3;17
43604;693;12;5;6
43605;458;31;1;4
43606;375;29;2;1
43607;269;11;2;0
43608;89;2;1;0
43609;609;68;1;0
43610;619;51;1;0
43611;424;60;4;0
43612;78;1;1;0
43613;205;13;1;0
43614;322;42;2;1
43615;417;122;3;6
43616;437;108;3;0
43617;320;81;2;0
43618;85;2;1;0
43619;178;12;0;0
43620;280;24;0;1
43621;490;34;19;78
43622;505;33;8;42
43623;412;16;23;6
43624;255;36;8;1
43625;162;13;0;0
43626;73;1;0;0
43627;546;51;1;0
43628;538;51;0;0
43629;402;49;1;0
43630;83;1;0;0
43631;178;25;4;0
43632;277;31;1;1
43633;806;13;1;48
43634;760;29;1;36
43635;574;33;0;0
43636;427;14;2;1
43637;265;10;3;0
43638;110;0;1;0
43639;584;44;1;0
43640;447;33;1;0
43641;310;7;3;1
43642;179;8;3;0
43643;77;2;0;0
43644;548;49;4;12
43645;1096;85;15;12
43646;1093;80;1;8
43647;925;99;17;12
43648;628;82;5;1
43649;327;33;4;0
43650;130;1;1;0
43651;967;22;3;54
43652;842;36;2;48
43653;652;23;3;0
43654;545;40;3;1
43655;267;20;0;0
43656;101;1;0;0
43657;714;43;5;18
43658;654;71;6;33
43659;545;21;10;0
43660;321;18;0;1
43661;146;21;0;0
43662;89;1;1;0
43663;730;25;1;9
43664;726;24;1;2
43665;532;16;10;0
43666;99;1;0;0
43667;190;27;0;0
43668;359;31;1;1
43669;802;93;1;3
43670;612;124;7;0
43671;575;77;3;0
43672;380;51;2;1
43673;202;4;2;0
43674;88;3;0;0
43675;724;16;0;10
43676;423;24;4;0
43677;287;29;2;1
43678;155;13;1;0
43679;66;0;1;0
43680;728;12;0;0
43681;681;62;9;0
43682;682;59;6;0
43683;554;47;7;0
43684;402;22;1;1
43685;224;32;1;0
43686;91;0;0;0
43687;525;92;1;0
43688;543;79;1;0
43689;94;0;0;0
43690;204;22;2;0
43691;288;12;1;1
43692;463;51;2;0
43693;447;76;3;4
43694;315;73;1;0
43695;278;41;5;1
43696;161;25;1;0
43697;86;1;1;0
43698;417;88;2;0
43699;788;78;2;10
43700;663;59;1;14
43701;567;47;3;14
43702;423;35;0;1
43703;105;1;0;0
43704;275;7;5;0
43705;807;32;6;7
43706;758;39;12;3
43707;458;39;4;0
43708;258;37;1;1
43709;220;26;2;0
43710;89;1;1;0
43711;726;90;2;2
43712;681;103;3;0
43713;101;0;1;0
43714;217;15;1;0
43715;301;27;0;1
43716;526;33;1;0
43717;678;40;14;13
43718;726;40;3;0
43719;522;25;1;0
43720;95;2;0;0
43721;350;11;2;1
43722;163;4;0;0
43723;699;34;0;0
43724;644;48;1;0
43725;427;51;2;0
43726;94;0;0;0
43727;216;13;2;0
43728;282;54;4;1
43729;523;29;2;0
43730;502;31;2;0
43731;441;36;2;0
43732;357;15;3;1
43733;181;9;1;0
43734;83;0;2;0
43735;547;38;4;4
43736;534;29;3;14
43737;424;18;0;28
43738;294;28;3;1
43739;152;8;0;0
43740;76;1;2;0
43741;680;31;8;8
43742;626;30;10;8
43743;671;28;15;0
43744;325;33;6;1
43745;175;14;10;0
43746;81;6;0;0
43747;1061;127;8;4
43748;959;129;2;4
43749;1076;125;4;0
43750;610;66;6;1
43751;369;14;8;0
43752;130;10;2;0
43753;2061;111;5;13
43754;871;49;10;14
43755;859;48;10;14
43756;853;58;8;11
43757;98;2;4;0
43758;253;28;5;0
43759;395;24;10;1
43760;594;111;11;0
43761;304;94;14;0
43762;607;107;2;0
43763;311;61;6;1
43764;218;42;9;0
43765;87;4;4;0
43766;505;36;24;0
43767;500;47;25;0
43768;376;52;8;0
43769;250;38;2;1
43770;172;12;8;0
43771;76;4;4;0
43772;506;60;14;11
43773;482;78;6;3
43774;434;36;12;0
43775;335;33;14;1
43776;222;20;9;0
43777;106;0;4;0
43778;495;66;8;1
43779;475;74;6;1
43780;365;65;16;0
43781;304;23;4;1
43782;152;17;10;0
43783;71;6;4;0
43784;828;72;18;0
43785;661;79;27;0
43786;781;87;6;0
43787;451;48;10;1
43788;291;40;2;0
43789;115;6;4;0
43790;546;49;8;0
43791;387;51;16;0
43792;552;60;14;0
43793;261;55;4;1
43794;139;13;2;0
43795;78;4;6;0
43796;614;85;37;14
43797;543;87;42;16
43798;427;82;12;0
43799;405;42;14;1
43800;290;22;1;0
43801;118;4;0;0
43802;619;57;26;0
43803;501;60;14;0
43804;581;60;14;15
43805;355;48;12;1
43806;195;37;5;0
43807;96;4;6;0
43808;593;50;12;0
43809;408;44;12;0
43810;561;95;10;0
43811;388;36;14;1
43812;281;39;5;0
43813;105;6;8;0
43814;689;40;4;7
43815;630;41;12;7
43816;662;48;6;23
43817;351;46;12;1
43818;199;33;7;0
43819;85;0;6;0
43820;620;65;8;0
43821;414;54;14;0
43822;482;121;10;0
43823;290;45;6;1
43824;76;6;2;0
43825;145;16;8;0
43826;670;53;8;27
43827;663;51;2;0
43828;403;49;20;0
43829;295;41;4;1
43830;185;36;8;0
43831;81;6;6;0
43832;820;81;6;0
43833;561;74;2;0
43834;771;82;4;0
43835;405;64;10;1
43836;234;36;15;0
43837;130;6;0;0
43838;773;54;4;0
43839;682;57;4;0
43840;456;76;6;0
43841;355;74;8;1
43842;181;57;10;0
43843;108;2;4;0
43844;569;93;13;8
43845;412;108;14;0
43846;500;109;10;0
43847;338;25;14;1
43848;198;27;2;0
43849;98;2;2;0
43850;644;111;6;0
43851;447;50;23;0
43852;598;87;12;0
43853;258;47;2;1
43854;154;10;10;0
43855;82;4;0;0
43856;782;87;11;2
43857;791;67;14;3
43858;591;62;16;11
43859;405;61;12;1
43860;293;38;2;0
43861;133;6;6;0
43862;619;23;3;27
43863;624;38;12;0
43864;447;42;15;0
43865;271;24;8;1
43866;209;30;7;0
43867;73;4;8;0
43868;644;12;11;6
43869;593;32;19;0
43870;533;20;4;0
43871;419;17;10;1
43872;286;11;7;0
43873;118;4;2;0
43874;603;54;14;4
43875;597;69;12;0
43876;386;70;16;0
43877;255;41;10;1
43878;153;8;10;0
43879;90;4;2;0
43880;626;42;11;4
43881;609;44;24;4
43882;403;38;13;0
43883;278;37;4;1
43884;232;21;5;0
43885;74;6;2;0
43886;729;84;8;22
43887;600;73;14;0
43888;699;91;14;0
43889;486;41;8;1
43890;297;41;6;0
43891;109;8;4;0
43892;883;26;12;56
43893;597;47;4;0
43894;842;45;8;62
43895;417;55;14;1
43896;249;25;8;0
43897;97;4;4;0
43898;506;77;4;0
43899;471;78;8;0
43900;355;102;10;0
43901;218;88;6;1
43902;186;28;10;0
43903;93;2;6;0
43904;627;75;18;28
43905;639;66;16;8
43906;476;10;14;0
43907;269;16;2;1
43908;209;20;2;0
43909;83;2;4;0
43910;670;40;11;8
43911;428;44;10;12
43912;614;80;9;0
43913;312;33;4;1
43914;198;28;4;0
43915;95;4;6;0
43916;773;79;12;0
43917;703;83;19;0
43918;666;61;8;35
43919;349;46;9;1
43920;229;27;3;0
43921;97;4;0;0
43922;555;39;10;0
43923;416;30;16;0
43924;476;32;10;0
43925;225;43;6;1
43926;146;30;6;0
43927;61;0;0;0
43928;622;9;16;12
43929;572;22;12;0
43930;369;13;8;5
43931;199;13;11;1
43932;89;13;2;0
43933;51;0;6;0
43934;645;46;2;163
43935;460;30;16;0
43936;579;68;12;12
43937;323;13;12;1
43938;175;14;8;0
43939;119;8;8;0
43940;501;104;8;0
43941;421;169;2;0
43942;400;34;20;0
43943;239;47;2;1
43944;127;26;2;0
43945;85;6;4;0
43946;800;79;6;28
43947;808;78;4;28
43948;572;40;10;0
43949;399;37;10;1
43950;258;27;3;0
43951;110;2;8;0
43952;865;76;14;12
43953;845;68;8;0
43954;649;44;6;0
43955;395;48;18;1
43956;248;25;3;0
43957;88;0;2;0
43958;617;57;16;2
43959;627;49;6;2
43960;409;35;20;0
43961;283;39;2;1
43962;128;33;2;0
43963;77;14;0;0
43964;918;62;6;4
43965;739;55;11;0
43966;690;39;14;4
43967;436;39;20;1
43968;262;24;7;0
43969;104;2;6;0
43970;556;92;10;0
43971;382;117;22;0
43972;517;106;4;0
43973;331;53;10;1
43974;203;45;7;0
43975;91;8;2;0
43976;785;79;15;6
43977;541;32;10;0
43978;274;55;10;1
43979;168;15;4;0
43980;89;6;8;0
43981;750;78;12;0
43982;297;9;0;0
43983;650;5;42;0
43984;835;5;54;39
43985;919;7;54;39
43986;1149;7;54;39
43987;464;11;0;0
43988;734;4;39;63
43989;1011;5;51;65
43990;1203;5;51;37
43991;1442;5;51;37
43992;439;85;0;32
43993;117;4;0;0
43994;222;13;0;0
43995;398;9;13;28
43996;585;13;5;28
43997;681;32;8;28
43998;151;5;0;0
43999;320;16;6;24
44000;774;20;6;0
44001;970;25;5;0
44002;970;25;5;0
44003;125;8;0;0
44004;266;21;0;0
44005;526;18;0;165
44006;828;18;0;0
44007;812;16;4;140
44008;150;10;0;0
44009;345;27;0;0
44010;555;19;5;6
44011;815;19;6;6
44012;815;19;6;6
44013;94;2;0;0
44014;193;9;0;0
44015;370;5;0;0
44016;504;16;0;0
44017;625;15;0;0
44018;898;33;17;12
44019;83;2;0;0
44020;190;10;0;0
44021;325;25;0;0
44022;425;25;0;0
44023;635;40;0;0
44024;315;35;0;0
44025;425;35;0;0
44026;370;92;4;12
44027;411;102;6;0
44028;282;37;0;0
44029;566;45;2;2
44030;703;45;2;19
44031;913;43;2;5
44032;1055;43;0;5
44033;120;1;0;0
44034;249;8;0;0
44035;362;66;12;40
44036;485;60;10;40
44037;610;58;12;40
44038;312;3;0;0
44039;637;14;0;82
44040;746;15;0;18
44041;899;15;0;18
44042;1120;17;0;0
44043;126;4;0;0
44044;237;33;0;0
44045;361;127;4;0
44046;506;149;0;0
44047;655;145;0;0
44048;99;2;0;0
44049;186;12;0;0
44050;308;90;2;36
44051;373;148;2;36
44052;458;115;0;55
44053;146;0;0;0
44054;265;70;0;0
44055;413;46;0;0
44056;817;37;0;0
44057;902;33;0;49
44058;128;2;0;0
44059;410;28;0;0
44060;575;55;0;0
44061;780;55;0;10
44062;835;60;0;50
44063;171;1;0;0
44064;347;105;5;0
44065;472;96;5;0
44066;966;64;25;20
44067;1051;55;5;22
44068;148;3;0;0
44069;354;50;0;0
44070;520;65;0;0
44071;650;75;0;80
44072;940;60;0;32
44073;203;6;0;0
44074;528;30;2;77
44075;644;87;6;48
44076;768;65;0;0
44077;850;65;0;40
44078;1000;55;0;36
44079;155;5;0;0
44080;445;30;0;0
44081;640;40;0;0
44082;930;40;0;61
44083;1025;40;0;100
44084;182;10;0;0
44085;493;19;0;0
44086;613;21;0;20
44087;970;30;0;0
44088;994;29;1;5
44089;119;1;0;0
44090;264;22;4;0
44091;360;36;4;16
44092;564;86;4;0
44093;727;88;0;17
44094;637;21;0;352
44095;661;21;0;352
44096;517;117;4;0
44097;73;1;0;0
44098;186;14;0;0
44099;187;70;0;0
44100;304;41;0;0
44101;408;59;0;0
44102;297;51;0;0
44103;402;56;0;0
44104;1088;4;2;0
44105;542;132;8;6
44106;628;131;0;5
44107;340;156;0;0
44108;58;2;0;0
44109;138;4;0;0
44110;174;7;0;80
44111;299;25;10;64
44112;422;13;0;400
44113;480;13;0;400
44114;319;9;0;111
44115;393;9;0;543
44116;273;4;0;0
44117;717;10;0;0
44118;960;9;0;0
44119;1223;10;0;0
44120;1376;9;0;0
44121;154;6;0;0
44122;255;20;0;0
44123;527;41;28;12
44124;653;40;12;12
44125;792;32;16;12
44126;116;5;0;0
44127;200;4;0;0
44128;297;2;1;0
44129;350;16;0;0
44130;518;34;9;8
44131;233;7;0;0
44132;465;10;0;0
44133;722;11;10;0
44134;968;9;10;0
44135;1065;9;10;0
44136;156;10;0;0
44137;355;20;0;0
44138;635;124;26;0
44139;970;88;42;0
44140;1160;130;40;0
44141;381;6;0;0
44142;521;36;9;0
44143;641;31;2;2
44144;99;1;0;0
44145;207;8;0;0
44146;297;6;0;0
44147;324;62;0;0
44148;406;130;0;0
44149;422;120;26;0
44150;485;120;5;0
44151;647;19;5;8
44152;423;28;9;36
44153;700;30;0;40
44154;836;117;7;0
44155;905;133;7;0
44156;90;1;0;0
44157;160;1;0;0
44158;250;4;0;0
44159;369;12;0;0
44160;560;31;0;58
44161;430;19;0;0
44162;501;6;0;0
44163;82;18;0;0
44164;178;32;0;0
44165;456;18;6;0
44166;665;20;0;0
44167;705;20;0;0
44168;98;5;0;0
44169;206;8;0;0
44170;303;15;0;0
44171;423;27;0;16
44172;544;28;14;46
44173;623;26;1;45
44174;369;33;0;18
44175;460;68;2;75
44176;83;2;0;0
44177;216;8;0;0
44178;316;10;4;30
44179;507;11;2;93
44180;628;12;0;80
44181;65;1;0;0
44182;160;25;0;0
44183;187;96;0;0
44184;270;129;5;25
44185;423;105;5;25
44186;70;1;0;0
44187;148;1;0;0
44188;215;20;0;0
44189;329;19;1;0
44190;522;25;1;35
44191;324;19;1;0
44192;466;17;1;8
44193;1001;0;0;0
44194;634;20;0;0
44195;938;25;0;50
44196;125;35;0;0
44197;250;50;0;0
44198;355;75;0;30
44199;445;95;0;60
44200;629;70;0;100
44201;87;1;0;0
44202;173;0;0;0
44203;226;2;0;0
44204;288;37;2;0
44205;411;46;0;8
44206;678;41;4;60
44207;805;41;4;44
44208;889;41;0;50
44209;154;0;0;0
44210;220;4;0;0
44211;331;10;0;0
44212;447;12;0;0
44213;500;100;0;24
44214;1374;88;0;28
44215;688;10;0;0
44216;875;44;1;11
44217;861;45;1;0
44218;3964;311;287;592
44219;5232;335;284;647
44220;5952;393;248;448
44221;1125;19;2;16
44222;135;2;0;0
44223;164;54;0;0
44224;375;104;1;0
44225;557;105;1;23
44226;852;101;0;14
44227;765;70;0;0
44228;1000;111;0;11
44229;422;56;12;0
44230;568;49;8;0
44231;620;50;0;0
44232;821;174;0;24
44233;912;176;0;20
44234;1060;75;0;18
44235;1100;70;0;18
44236;1228;88;0;18
44237;1265;90;0;18
44238;1820;140;0;210
44239;206;14;0;0
44240;406;22;0;0
44241;617;100;70;0
44242;843;93;9;0
44243;1054;90;8;0
44244;484;104;8;0
44245;661;94;0;0
44246;719;94;0;0
44247;151;2;0;0
44248;472;24;0;0
44249;586;171;0;7
44250;1082;26;0;0
44251;1069;50;8;43
44252;120;3;0;0
44253;203;3;0;0
44254;282;75;0;0
44255;519;69;0;12
44256;504;65;0;12
44257;120;5;0;0
44258;282;40;0;0
44259;463;71;10;0
44260;685;92;14;15
44261;956;99;0;40
44262;86;0;0;0
44263;176;1;0;0
44264;246;5;0;0
44265;345;6;0;0
44266;543;24;0;55
44267;225;8;0;0
44268;301;18;0;0
44269;510;20;0;0
44270;681;82;0;0
44271;828;99;0;0
44272;138;2;0;0
44273;271;9;0;0
44274;447;10;0;0
44275;611;18;0;8
44276;774;26;0;30
44277;121;9;0;0
44278;267;22;0;0
44279;462;14;0;0
44280;607;19;0;0
44281;879;54;10;50
44282;777;39;4;35
44283;158;3;0;0
44284;241;15;0;0
44285;426;23;0;0
44286;613;30;5;14
44287;699;40;0;25
44288;111;12;0;0
44289;210;39;0;0
44290;236;65;0;0
44291;432;49;0;0
44292;745;35;0;50
44293;738;35;0;0
44294;132;11;0;0
44295;229;34;0;0
44296;330;33;0;0
44297;448;32;8;17
44298;687;34;0;24
44299;90;5;0;0
44300;156;32;0;0
44301;234;54;0;0
44302;339;64;0;0
44303;397;94;0;10
44304;750;30;0;10
44305;209;22;0;0
44306;360;40;0;0
44307;598;88;0;0
44308;784;123;0;0
44309;950;100;0;0
44310;1365;49;0;105
44311;177;7;0;0
44312;287;3;0;0
44313;386;39;0;4
44314;591;42;0;25
44315;730;130;0;65
44316;111;16;0;0
44317;312;92;0;0
44318;600;100;0;40
44319;855;100;0;0
44320;930;125;0;50
44321;2239;16;6;0
44322;2370;56;6;22
44323;572;60;7;3
44324;824;39;9;17
44325;1095;27;5;13
44326;1125;100;30;0
44327;265;34;0;18
44328;412;29;0;18
44329;324;52;0;8
44330;443;48;0;0
44331;593;21;2;4
44332;815;10;0;11
44333;625;52;0;0
44334;719;53;0;80
44335;762;48;0;21
44336;936;39;0;33
44337;168;0;0;0
44338;70;18;0;0
44339;166;31;0;0
44340;300;48;0;0
44341;486;0;0;0
44342;676;0;0;0
44343;52;0;0;0
44344;119;0;0;0
44345;211;0;0;0
44346;416;0;0;0
44347;528;0;0;0
44348;61;7;0;0
44349;146;20;0;0
44350;268;29;0;0
44351;376;59;0;0
44352;557;81;3;6
44353;227;3;0;0
44354;299;14;0;0
44355;454;28;0;0
44356;656;80;0;36
44357;846;69;35;36
44358;143;5;0;0
44359;306;25;0;0
44360;411;17;0;0
44361;494;70;0;0
44362;604;56;0;22
44363;88;3;0;0
44364;160;13;0;0
44365;225;40;0;0
44366;335;85;0;0
44367;450;76;0;0
44368;80;3;0;0
44369;267;17;0;0
44370;331;62;0;0
44371;649;68;0;0
44372;831;90;0;0
44373;170;2;0;0
44374;278;10;0;0
44375;368;35;0;16
44376;538;15;1;40
44377;600;33;0;56
44378;74;3;0;0
44379;187;3;0;0
44380;246;34;0;0
44381;399;71;0;0
44382;573;46;0;16
44383;102;11;0;0
44384;179;29;0;0
44385;270;40;0;0
44386;324;48;0;0
44387;471;48;0;11
44388;94;10;0;0
44389;186;6;0;0
44390;295;20;0;0
44391;396;87;0;14
44392;611;75;0;14
44393;138;29;0;0
44394;260;37;0;0
44395;388;45;0;0
44396;495;82;0;42
44397;651;63;0;30
44398;113;19;0;0
44399;229;45;0;0
44400;359;32;0;0
44401;397;51;0;0
44402;625;47;1;0
44403;70;0;0;0
44404;213;20;0;0
44405;356;35;0;0
44406;476;50;0;0
44407;626;35;0;0
44408;76;17;0;0
44409;152;18;0;0
44410;251;56;0;0
44411;403;61;0;0
44412;533;63;0;0
44413;139;11;0;0
44414;218;33;0;0
44415;345;33;0;0
44416;463;31;0;0
44417;571;38;0;0
44418;76;0;0;0
44419;249;6;0;0
44420;398;69;0;53
44421;478;80;6;0
44422;603;73;12;29
44423;78;4;0;0
44424;163;11;0;0
44425;221;52;0;0
44426;375;75;0;0
44427;518;88;0;10
44428;65;2;0;0
44429;174;6;0;0
44430;262;11;0;0
44431;361;26;0;0
44432;503;41;0;6
44433;92;10;0;0
44434;160;20;0;0
44435;304;51;0;0
44436;373;85;0;0
44437;508;92;0;0
44438;156;13;0;0
44439;247;23;0;0
44440;425;38;0;0
44441;528;52;0;0
44442;648;83;5;18
44443;123;6;0;0
44444;223;26;0;0
44445;367;71;0;0
44446;521;63;2;0
44447;785;43;10;0
44448;93;0;0;0
44449;268;2;0;0
44450;314;0;0;0
44451;349;0;0;0
44452;463;32;0;7
44453;98;0;0;0
44454;312;0;0;0
44455;340;1;0;4
44456;378;1;0;18
44457;594;10;0;20
44458;114;0;0;0
44459;257;0;0;0
44460;418;10;0;0
44461;506;10;0;0
44462;714;19;0;0
44463;64;6;0;0
44464;203;11;0;0
44465;197;34;0;0
44466;262;22;8;1
44467;365;26;8;1
44468;27;18;0;0
44469;73;22;0;0
44470;280;1;0;0
44471;403;4;0;0
44472;597;3;0;0
44473;33;0;0;2
44474;63;2;0;4
44475;220;2;0;4
44476;265;4;0;12
44477;380;12;0;22
44478;78;1;0;0
44479;156;0;0;0
44480;308;2;0;0
44481;463;1;1;0
44482;589;1;1;0
44483;39;0;0;0
44484;110;2;0;0
44485;284;0;0;0
44486;353;19;0;0
44487;489;29;0;0
44488;30;8;0;0
44489;80;0;0;0
44490;253;16;0;0
44491;324;41;0;0
44492;420;51;0;0
44493;87;2;0;0
44494;218;1;0;0
44495;312;2;0;0
44496;386;2;0;0
44497;470;34;0;3
44498;64;0;0;0
44499;143;0;0;0
44500;292;0;0;0
44501;336;6;0;0
44502;491;20;0;1
44503;74;0;0;0
44504;142;0;0;0
44505;339;0;0;0
44506;447;23;0;0
44507;691;34;0;1
44508;56;2;0;0
44509;131;1;0;0
44510;306;6;0;0
44511;358;18;0;3
44512;470;34;0;2
44513;53;0;0;0
44514;187;0;0;0
44515;377;0;0;0
44516;469;1;0;0
44517;713;10;0;0
44518;55;0;0;0
44519;107;0;0;0
44520;390;3;0;0
44521;489;11;0;0
44522;590;93;0;0
44523;69;0;0;0
44524;233;3;0;0
44525;374;8;0;0
44526;407;0;0;5
44527;589;43;0;0
44528;28;8;0;0
44529;131;0;0;0
44530;251;1;0;0
44531;318;29;0;4
44532;413;48;0;4
44533;34;0;0;0
44534;152;2;0;0
44535;244;2;0;0
44536;301;5;0;0
44537;482;32;0;0
44538;57;0;0;8
44539;109;0;0;0
44540;315;1;0;4
44541;418;0;0;4
44542;570;19;0;6
44543;42;0;0;0
44544;162;0;0;0
44545;248;4;0;0
44546;319;14;0;0
44547;470;23;0;0
44548;56;0;0;0
44549;201;0;0;0
44550;344;0;0;0
44551;434;11;0;0
44552;628;27;0;13
44553;73;2;0;4
44554;240;16;0;2
44555;418;16;0;0
44556;546;17;1;0
44557;708;49;1;0
44558;72;0;0;0
44559;156;0;0;0
44560;346;5;0;0
44561;470;5;0;0
44562;600;23;0;0
44563;56;0;0;0
44564;132;42;0;0
44565;381;1;0;0
44566;496;1;0;0
44567;726;18;0;0
44568;39;0;0;0
44569;81;0;0;0
44570;257;1;0;0
44571;317;6;0;2
44572;511;7;0;2
44573;92;2;0;0
44574;158;2;0;0
44575;255;12;10;10
44576;297;11;8;17
44577;333;10;6;17
44578;73;1;0;0
44579;239;12;0;0
44580;354;18;7;12
44581;419;19;25;40
44582;441;32;25;48
44583;100;1;0;0
44584;227;39;0;0
44585;391;14;0;12
44586;424;15;0;0
44587;681;14;0;5
44588;759;9;0;5
44589;126;2;0;0
44590;324;38;0;0
44591;395;50;8;0
44592;456;84;8;8
44593;663;73;0;0
44594;82;27;0;0
44595;247;10;0;0
44596;416;39;34;8
44597;504;42;26;4
44598;532;52;28;34
44599;72;10;0;0
44600;174;43;0;0
44601;300;24;10;7
44602;333;22;10;13
44603;424;18;9;18
44604;128;0;0;0
44605;226;15;0;0
44606;400;75;5;18
44607;519;81;1;2
44608;573;86;1;4
44609;112;3;0;0
44610;338;25;0;0
44611;431;29;4;26
44612;666;41;0;63
44613;706;28;0;64
44614;99;4;0;0
44615;237;51;0;0
44616;351;51;6;18
44617;440;65;6;5
44618;703;44;0;6
44619;98;1;0;0
44620;279;11;2;8
44621;371;34;10;34
44622;601;27;14;43
44623;733;11;10;63
44624;142;16;0;0
44625;252;24;0;0
44626;283;45;0;61
44627;456;64;0;61
44628;464;64;0;90
44629;83;0;0;0
44630;138;32;0;0
44631;254;32;4;28
44632;367;33;4;34
44633;417;33;4;53
44634;143;16;0;0
44635;339;31;4;0
44636;422;3;28;0
44637;655;5;25;24
44638;727;5;30;55
44639;109;0;0;0
44640;294;68;0;0
44641;398;66;1;4
44642;419;76;2;24
44643;511;76;2;44
44644;89;0;0;0
44645;179;12;0;0
44646;306;13;0;0
44647;409;14;10;0
44648;565;14;11;11
44649;100;0;0;0
44650;232;12;0;8
44651;323;23;0;8
44652;497;7;0;30
44653;564;7;0;30
